ID,Brand,Battery_Power_mAh,Bluetooth,Clock_Speed_GHz,Dual_SIM,Front_Camera_MP,Four_G,Internal_Memory_GB,Mobile_Depth_cm,Mobile_Weight_g,Number_of_Cores,Primary_Camera_MP,Pixel_Height,Pixel_Width,RAM_MB,Screen_Height_cm,Screen_Width_cm,Talk_Time_Hours,Three_G,Touch_Screen,Processor_Type,Processor_Performance_Score,Display_Type,Refresh_Rate_Hz,Five_G_Support,WiFi_Version,Bluetooth_Version,NFC_Available,Fingerprint_Sensor,Face_Unlock,Operating_System,OS_Version,Charging_Speed_Watts,Battery_Health_Score,Camera_Quality_Score,Build_Quality_Score,Actual_Price_USD,Price_Category,Competitor_Price_USD,Market_Share_Percentage,Target_Customer_Segment,Customer_Rating,Customer_Review_Count,Customer_Satisfaction_Score,Brand_Loyalty_Score,Purchase_Intent_Score,Discount_Percentage,Marketing_Spend_USD,Social_Media_Engagement_Rate,Monthly_Units_Sold,Revenue_USD,Return_Rate_Percentage,Warranty_Period_Months,Sales_Channel,Primary_Market,High_Sales_Product,Cluster
1,Oppo,6889,0,3.3,0,16,1,128,0.7,202,8,9,748,1240,6144,9,9,16,0,1,Google Tensor,5269,OLED,120,1,WiFi 5,5.3,Yes,Yes,Yes,Android,13.1,33,87.8,74.2,64.8,1514.95,Flagship,1626.48,5.04,Business User,5.0,510,100.0,99.0,81.7,15,9449.96,5.48,35704,45976308.58,1.39,12,Telecom Partner,USA,Yes,1
2,OnePlus,4860,0,1.2,1,24,1,256,0.4,164,4,51,1913,1546,2048,19,2,2,0,0,Exynos,2215,AMOLED,144,1,WiFi 7,5.3,No,Yes,Yes,Android,17.6,65,84.5,66.6,70.6,1459.61,Flagship,1367.71,0.1,Student,4.69,1186,90.1,100.0,82.9,15,5517.18,4.09,32447,40255970.82,3.31,18,Online Store,USA,No,1
3,Apple,6131,1,2.4,1,11,1,128,0.4,97,8,55,688,1725,4096,17,7,6,1,0,MediaTek Dimensity,3440,OLED,60,0,WiFi 5,5.3,Yes,Yes,Yes,iOS,18.3,18,85.3,71.1,78.3,1560.43,Flagship,1693.15,9.21,Professional,4.76,5487,85.7,98.2,81.9,0,13096.37,2.69,21542,33614783.06,2.78,18,Online Store,UAE,No,1
4,Oppo,5251,0,1.0,0,21,1,256,0.8,103,8,8,2116,1751,6144,15,2,5,0,0,Snapdragon,3654,AMOLED,60,1,WiFi 5,5.4,Yes,Yes,Yes,Android,17.2,120,92.0,39.5,92.8,1579.28,Flagship,1637.16,2.0,Professional,5.0,222,92.3,100.0,72.5,5,20673.21,9.37,37887,56842472.29,3.51,24,E-commerce Marketplace,UAE,Yes,1
5,Motorola,6265,1,1.9,1,14,1,512,0.9,173,8,11,1502,2395,8192,19,9,9,1,0,Apple Bionic,4979,IPS LCD,60,1,WiFi 6,5.0,No,Yes,Yes,Android,14.0,120,89.5,32.9,61.3,2063.62,Flagship,2406.97,6.42,Business User,3.56,10788,79.6,81.9,50.3,5,74916.68,10.59,31422,61600914.26,6.6,24,Retail Store,UK,No,2
6,Google,6951,1,2.1,0,1,1,256,0.2,221,4,94,168,1690,6144,9,11,20,0,0,Apple Bionic,3747,AMOLED,90,1,WiFi 6,5.3,Yes,Yes,Yes,Android,15.0,120,80.4,100.0,86.3,1666.07,Flagship,1387.31,11.0,Student,5.0,1248,91.6,87.6,71.1,15,248666.32,9.92,39736,56272513.89,1.39,24,Telecom Partner,UAE,Yes,1
7,Samsung,3589,1,2.6,1,24,1,256,0.7,225,10,12,1967,1191,8192,18,7,2,1,1,Apple Bionic,4936,OLED,60,1,WiFi 6,5.3,Yes,Yes,No,Android,18.1,18,91.0,40.6,86.5,1639.62,Flagship,1758.67,17.25,Gamer,4.34,2095,83.2,100.0,72.7,10,9677.41,2.14,22002,32467427.32,7.6,24,Telecom Partner,Germany,No,0
8,OnePlus,2909,1,1.3,1,26,1,128,0.2,203,6,88,1891,949,6144,7,11,15,0,1,Apple Bionic,3629,Super AMOLED,90,1,WiFi 6E,5.2,No,Yes,Yes,Android,18.1,25,93.3,72.7,72.9,1675.0,Flagship,1438.3,5.76,Student,4.77,309,88.6,84.8,100.0,0,263815.55,12.15,63776,106824800.0,6.05,18,Telecom Partner,USA,Yes,0
9,Xiaomi,2887,1,1.4,0,13,1,128,0.2,231,10,32,693,2145,16384,17,10,4,1,0,Exynos,7911,OLED,60,1,WiFi 6E,5.0,Yes,Yes,Yes,Android,12.8,25,95.5,55.6,92.7,2004.16,Flagship,2190.38,0.1,Gamer,4.61,2752,91.1,98.4,68.9,10,32205.49,2.49,32088,57878537.47,4.61,36,Retail Store,India,No,2
10,Realme,6011,1,2.3,0,27,0,32,0.2,197,8,106,1791,2280,8192,16,4,20,0,0,MediaTek Dimensity,4792,IPS LCD,90,1,WiFi 5,5.4,Yes,Yes,Yes,Android,12.1,80,88.1,90.4,77.5,1347.72,Flagship,1141.47,5.58,Student,5.0,1175,100.0,100.0,89.8,25,387425.68,12.52,58435,59065513.65,9.4,12,Telecom Partner,India,Yes,1
11,Vivo,3646,0,3.0,0,4,1,256,0.7,121,4,67,330,947,4096,6,0,3,0,0,Snapdragon,3727,AMOLED,60,1,WiFi 6E,5.3,Yes,No,Yes,Android,18.4,18,96.3,89.9,100.0,1475.77,Flagship,1566.46,10.92,Professional,4.85,9891,100.0,95.3,75.3,5,31623.17,4.83,19724,27652683.11,5.77,24,Telecom Partner,USA,No,0
12,Realme,3122,1,1.3,1,25,1,128,1.0,157,6,83,894,2252,4096,14,6,20,0,0,Exynos,3339,OLED,144,0,WiFi 6,5.4,No,Yes,Yes,Android,18.6,65,88.0,66.9,87.5,1207.57,Flagship,1236.89,10.15,Gamer,4.94,430,100.0,83.6,72.4,0,61310.21,6.0,34529,41696184.53,3.67,24,Telecom Partner,Germany,No,0
13,Google,2507,1,3.4,0,15,1,128,0.9,157,6,20,814,1928,3072,6,5,17,0,1,Exynos,3787,AMOLED,144,1,WiFi 5,5.1,No,Yes,Yes,Android,13.0,18,88.1,43.4,86.4,1382.45,Flagship,1563.42,7.99,Professional,5.0,1158,100.0,85.7,45.9,25,5000.0,3.77,19551,20271209.96,6.83,12,Telecom Partner,USA,No,0
14,Realme,5189,1,3.1,0,18,1,256,1.0,93,4,80,2091,2213,4096,11,8,6,0,1,Exynos,3233,Super AMOLED,144,1,WiFi 6,5.0,Yes,Yes,Yes,Android,18.0,45,78.6,94.7,100.0,1747.75,Flagship,1576.65,9.08,Business User,5.0,4622,100.0,100.0,84.1,10,18520.72,6.14,26237,41270145.08,2.98,24,Telecom Partner,Germany,No,1
15,Vivo,3530,1,3.0,1,32,1,128,0.6,225,6,22,2170,859,12288,12,7,11,0,1,Snapdragon,6904,AMOLED,144,1,WiFi 6,5.2,No,Yes,Yes,Android,13.7,33,93.0,38.4,89.8,1904.37,Flagship,1830.03,5.95,General User,4.37,1031,88.4,76.0,72.1,5,39363.49,7.44,37285,67454213.68,3.33,18,Online Store,UK,Yes,2
16,Samsung,5462,0,2.8,1,4,1,256,0.4,127,8,9,1530,2140,8192,14,9,4,1,1,Snapdragon,5159,AMOLED,120,1,WiFi 6E,5.2,Yes,No,Yes,Android,13.3,33,95.6,44.5,100.0,1533.77,Flagship,1741.92,12.42,General User,4.83,744,100.0,100.0,74.6,10,10593.1,5.27,38457,53085773.6,1.43,36,Telecom Partner,Australia,Yes,1
17,Vivo,3702,1,3.2,0,32,1,256,0.1,154,8,89,1622,820,4096,16,7,2,0,1,Snapdragon,4078,IPS LCD,120,1,WiFi 6E,5.3,No,No,No,Android,18.5,120,96.9,100.0,62.8,1684.3,Flagship,1783.2,7.01,General User,4.95,1169,92.3,69.6,75.0,10,16638.52,4.74,34089,51674492.43,3.46,18,Telecom Partner,USA,No,0
18,Apple,6807,0,2.3,0,8,1,512,0.5,127,10,56,1095,1426,6144,12,10,13,1,0,Apple Bionic,5070,AMOLED,90,1,WiFi 6,5.2,No,Yes,Yes,iOS,17.2,18,88.6,80.9,90.3,2500.0,Flagship,2600.86,20.59,Gamer,5.0,4632,91.7,78.3,66.7,15,169054.02,9.79,39089,83064125.0,0.5,24,Telecom Partner,USA,Yes,2
19,Xiaomi,5697,1,3.3,0,16,1,64,1.0,119,10,21,1742,1827,12288,17,6,18,1,1,Exynos,7960,OLED,120,1,WiFi 5,5.2,Yes,Yes,Yes,Android,17.1,80,83.4,54.9,81.9,1558.75,Flagship,1325.72,5.62,General User,4.98,1530,100.0,76.8,59.5,15,140801.23,10.47,44363,58778202.31,9.71,12,Online Store,Australia,Yes,2
20,Apple,5582,1,3.0,0,18,1,256,0.3,108,10,57,1394,2136,8192,14,2,12,1,1,Exynos,6176,LCD,144,1,WiFi 6E,5.0,No,Yes,Yes,iOS,16.8,25,87.1,72.0,62.6,2022.92,Flagship,2379.99,15.7,Gamer,4.56,1737,97.1,100.0,100.0,0,124881.49,4.93,41383,83714498.36,0.5,24,Telecom Partner,Singapore,Yes,2
21,Google,3727,0,2.6,0,10,1,64,0.5,115,8,87,922,2167,6144,15,7,10,0,0,Google Tensor,5119,LCD,60,1,WiFi 6E,5.4,Yes,Yes,Yes,Android,13.6,18,88.4,90.2,85.8,1212.29,Flagship,1273.9,13.86,Student,5.0,862,97.1,100.0,90.4,10,118595.82,4.64,49648,54168996.53,0.86,24,E-commerce Marketplace,Germany,Yes,0
22,Oppo,4250,1,1.7,0,9,1,64,0.6,212,6,65,485,718,4096,9,10,11,0,1,Snapdragon,3457,OLED,60,0,WiFi 7,5.0,Yes,Yes,No,Android,14.8,80,83.1,80.3,92.9,1155.11,Premium,1232.27,9.99,Gamer,4.68,1963,90.7,65.4,49.5,10,167108.66,5.1,31346,32587270.25,2.17,36,E-commerce Marketplace,Singapore,No,0
23,Google,3850,0,2.3,1,27,0,128,0.7,203,4,103,814,2384,6144,13,2,15,0,1,MediaTek Dimensity,3857,AMOLED,120,1,WiFi 5,5.4,Yes,Yes,Yes,Android,17.8,120,73.1,100.0,96.7,1726.16,Flagship,1512.57,4.64,Gamer,4.77,170,92.3,100.0,80.0,5,5000.0,3.01,31725,52024304.7,0.5,36,Telecom Partner,UK,No,0
24,Google,2822,0,3.0,1,26,1,128,0.9,204,10,53,1194,1363,12288,14,9,12,1,1,Google Tensor,7538,LCD,60,1,WiFi 5,5.4,No,Yes,Yes,Android,15.2,120,87.8,88.1,73.6,1820.74,Flagship,2110.38,6.58,Professional,4.43,691,92.9,76.0,73.9,5,63987.27,6.26,31975,55307253.42,5.98,24,Retail Store,USA,No,2
25,Samsung,4768,1,3.2,1,32,1,256,0.4,224,8,19,408,1900,16384,11,7,12,0,1,Google Tensor,8807,OLED,120,1,WiFi 6E,5.3,Yes,No,Yes,Android,17.2,18,78.8,40.2,78.8,2087.31,Flagship,1845.12,21.34,Professional,4.77,5893,100.0,63.1,59.4,25,14242.62,5.48,34089,53365732.94,4.67,36,Online Store,UK,No,2
26,Vivo,2640,0,3.5,0,20,1,128,0.3,110,6,19,1156,803,4096,6,6,9,0,0,Google Tensor,3980,Super AMOLED,60,1,WiFi 6,5.4,Yes,Yes,Yes,Android,12.3,120,85.3,34.4,66.3,1114.78,Premium,978.97,7.2,Business User,4.24,2890,85.3,80.5,66.4,15,65830.29,1.13,26787,25382370.08,9.77,12,Telecom Partner,Singapore,No,0
27,Realme,3343,1,1.3,0,27,1,32,0.3,115,8,5,179,1576,6144,11,2,9,1,0,Exynos,4110,Super AMOLED,120,1,WiFi 6E,5.4,Yes,No,Yes,Android,12.5,65,90.6,41.6,76.5,1343.27,Flagship,1555.5,10.64,General User,3.66,2497,73.4,100.0,57.3,0,83732.85,8.66,39172,52618572.44,4.47,24,Online Store,Australia,Yes,0
28,Vivo,3082,0,3.2,0,9,1,256,0.9,144,10,89,1057,868,6144,11,3,15,1,1,MediaTek Dimensity,5259,OLED,90,1,WiFi 5,5.2,No,Yes,Yes,Android,18.2,80,84.6,94.0,60.2,1790.57,Flagship,2047.2,1.79,Student,4.84,1142,100.0,86.4,79.5,20,58140.86,7.13,42428,60776243.17,3.43,24,Online Store,Australia,Yes,0
29,Realme,5868,1,3.1,0,7,1,128,0.4,108,8,104,2045,813,16384,18,4,12,0,1,Google Tensor,8897,OLED,120,1,WiFi 6,5.3,Yes,Yes,Yes,Android,15.8,120,79.0,100.0,85.8,2470.3,Flagship,2061.25,8.41,Business User,5.0,2369,100.0,71.5,61.5,5,35158.97,1.05,18974,44527898.59,5.4,18,Online Store,UAE,No,2
30,Xiaomi,4423,1,1.2,0,9,1,16,0.5,193,8,85,706,1780,6144,6,10,6,0,1,Apple Bionic,3933,Super AMOLED,120,1,WiFi 6,5.0,Yes,Yes,Yes,Android,13.8,33,100.0,88.8,58.9,1418.66,Flagship,1599.54,5.62,Student,4.79,2468,86.9,100.0,64.8,20,146989.09,6.1,48251,54761410.93,7.88,18,Online Store,India,Yes,0
31,Realme,3580,1,2.4,1,1,1,256,0.3,141,10,59,744,1188,6144,16,1,18,0,1,Exynos,5367,AMOLED,120,1,WiFi 7,5.1,Yes,Yes,No,Android,15.2,25,95.2,63.3,92.7,1726.75,Flagship,1693.93,2.17,Gamer,3.62,112,63.4,88.2,57.4,25,196209.02,9.75,41552,53812437.0,8.98,24,E-commerce Marketplace,Singapore,Yes,0
32,Realme,2964,0,2.9,0,0,1,16,0.2,99,6,99,1392,1343,8192,13,6,13,1,1,Google Tensor,5111,Super AMOLED,60,1,WiFi 6E,5.0,No,Yes,No,Android,16.8,80,81.7,100.0,74.3,1410.12,Flagship,1587.55,4.89,Student,5.0,533,96.8,98.8,77.8,25,80352.51,0.1,19293,20404083.87,6.3,18,Retail Store,Australia,No,0
33,Samsung,3014,0,2.6,0,4,1,32,0.8,101,10,81,634,1963,2048,16,4,3,1,1,MediaTek Dimensity,4062,OLED,60,1,WiFi 5,5.4,No,Yes,Yes,Android,16.2,80,85.5,76.1,66.8,949.0,Premium,891.25,19.79,General User,3.86,187,93.7,100.0,81.4,15,59776.07,5.02,37710,30418771.5,4.88,36,Retail Store,UK,Yes,0
34,Apple,5551,1,2.7,0,0,1,256,0.7,166,6,26,1550,1258,4096,7,6,6,0,1,Snapdragon,4164,LCD,144,0,WiFi 6E,5.4,No,Yes,Yes,iOS,16.2,65,81.3,55.1,75.6,1873.26,Flagship,1664.7,16.99,General User,5.0,5360,97.8,89.3,51.2,0,6959.46,4.49,21351,39995974.26,1.22,24,Online Store,Australia,No,1
35,OnePlus,6080,1,1.3,1,8,1,32,1.0,85,4,64,796,1071,8192,17,7,3,0,0,Exynos,3799,AMOLED,144,1,WiFi 6E,5.0,Yes,No,Yes,Android,17.8,65,88.4,42.9,83.7,1213.59,Flagship,1043.68,7.35,Professional,4.15,822,90.9,71.9,88.7,15,7826.82,3.26,31858,32863167.69,7.05,36,Online Store,Australia,No,1
36,OnePlus,4439,1,2.6,1,23,1,256,0.3,206,10,28,774,921,16384,6,5,2,1,1,Apple Bionic,8972,Super AMOLED,120,1,WiFi 6,5.2,Yes,No,No,Android,14.3,33,98.8,44.2,87.0,2078.54,Flagship,2008.64,7.54,General User,4.8,4710,92.3,100.0,82.9,10,101168.11,12.06,41696,78000123.46,3.47,12,Online Store,UAE,Yes,2
37,OnePlus,6915,1,2.7,0,6,1,64,0.9,123,6,67,1164,1320,8192,18,5,15,1,0,Exynos,5623,LCD,144,1,WiFi 6,5.3,Yes,No,No,Android,13.1,65,79.0,72.7,81.8,1488.15,Flagship,1552.48,4.45,Student,5.0,3088,92.0,85.4,93.3,10,36061.0,7.57,40333,54019398.56,1.61,12,Online Store,Germany,Yes,1
38,Motorola,2707,1,2.3,0,19,1,128,0.9,162,8,22,2152,965,8192,11,6,17,1,1,Google Tensor,5851,LCD,144,1,WiFi 6,5.1,No,Yes,Yes,Android,16.9,33,87.7,49.7,68.8,1245.38,Flagship,1444.86,2.72,Gamer,5.0,11037,100.0,95.8,79.4,10,74330.89,2.43,35749,40068980.66,5.12,36,Retail Store,Germany,Yes,0
39,Vivo,6944,1,3.4,1,24,1,32,0.7,163,8,26,1325,1008,2048,17,8,19,1,0,Snapdragon,3819,LCD,90,0,WiFi 6,5.4,No,Yes,Yes,Android,18.2,18,83.7,61.1,82.8,885.24,Premium,1023.01,10.1,Business User,4.22,1468,85.3,95.5,62.6,10,87280.86,1.49,34342,27360820.87,3.23,24,Online Store,India,No,1
40,Motorola,5660,1,3.1,1,10,1,16,0.2,139,8,13,1041,2052,8192,7,10,15,0,1,Google Tensor,5227,IPS LCD,144,1,WiFi 5,5.1,No,No,Yes,Android,13.4,80,85.4,63.0,55.3,1563.82,Flagship,1583.84,11.2,Professional,4.53,3077,100.0,87.7,62.5,0,17595.38,5.81,37218,58202252.76,1.71,12,Telecom Partner,UAE,Yes,1
41,Motorola,5128,1,3.5,1,7,1,256,1.0,228,6,46,1000,1460,4096,17,4,11,1,1,Apple Bionic,4524,IPS LCD,144,1,WiFi 6,5.4,No,Yes,Yes,Android,13.3,80,88.4,55.8,88.6,1527.14,Flagship,1268.24,5.67,General User,4.33,116,85.6,82.2,68.0,25,81741.08,5.5,44339,50783895.34,1.53,12,Online Store,India,Yes,1
42,Vivo,4497,0,1.5,0,28,1,64,0.7,84,6,52,1855,1831,6144,5,6,10,0,0,Snapdragon,3670,AMOLED,60,1,WiFi 6,5.2,Yes,No,Yes,Android,18.4,33,97.9,61.4,76.5,1227.19,Flagship,1232.22,6.21,Professional,4.64,1374,100.0,69.8,99.8,0,209751.4,1.11,36320,44571540.8,8.29,36,Online Store,Germany,Yes,0
43,Google,2618,0,2.8,1,18,1,256,0.9,202,4,81,112,1625,4096,7,6,7,1,1,Snapdragon,3221,LCD,120,1,WiFi 6,5.2,Yes,No,No,Android,13.9,120,94.4,71.4,76.4,1772.47,Flagship,1551.15,5.79,Professional,4.26,3889,85.3,89.8,79.2,0,55771.95,10.66,43565,77217655.55,4.03,12,Telecom Partner,UAE,Yes,0
44,Vivo,6085,0,1.5,1,4,1,256,0.8,129,4,9,1151,781,8192,17,11,18,0,0,Exynos,4614,Super AMOLED,144,0,WiFi 5,5.0,Yes,Yes,Yes,Android,12.8,120,83.1,29.6,74.1,1625.55,Flagship,1534.8,8.09,Business User,4.1,953,86.7,68.3,65.3,5,44045.17,3.51,26410,40784236.72,3.79,24,E-commerce Marketplace,UK,No,1
45,Vivo,2897,0,1.3,1,28,1,128,0.2,101,10,71,643,1831,4096,6,0,8,1,1,Google Tensor,3227,AMOLED,144,1,WiFi 5,5.1,No,No,Yes,Android,13.9,120,78.1,66.6,75.6,1572.1,Flagship,1732.76,15.84,Student,3.71,897,72.7,92.3,74.4,10,17516.33,3.96,30528,43193761.92,5.08,24,Telecom Partner,Singapore,No,0
46,Xiaomi,4746,0,3.2,0,18,1,64,0.2,137,6,108,670,737,12288,9,0,9,0,1,Google Tensor,7168,LCD,120,1,WiFi 6,5.3,No,Yes,Yes,Android,14.2,45,81.7,87.5,70.4,2020.71,Flagship,2158.96,6.87,Business User,5.0,2186,100.0,100.0,69.3,15,20862.85,5.38,44230,75969602.8,4.54,24,Online Store,Germany,Yes,2
47,Oppo,6190,0,2.6,1,15,1,128,0.6,204,10,72,237,791,12288,13,8,2,0,1,Exynos,6903,OLED,120,1,WiFi 6,5.0,No,Yes,Yes,Android,18.0,33,100.0,63.4,86.1,1807.42,Flagship,2023.96,10.81,Gamer,4.76,363,100.0,88.9,69.2,20,39652.66,4.64,33318,48175695.65,0.5,12,E-commerce Marketplace,USA,No,2
48,Google,5855,0,2.0,0,30,1,128,0.9,218,10,36,1525,1552,4096,6,5,12,1,0,Apple Bionic,4494,AMOLED,60,1,WiFi 5,5.3,Yes,Yes,Yes,Android,18.2,120,97.8,60.8,80.9,1420.39,Flagship,1244.3,2.71,Student,4.8,8241,98.2,100.0,88.2,5,14599.63,0.78,33233,44843629.83,4.6,36,Telecom Partner,UAE,No,1
49,Vivo,4561,0,2.5,0,32,1,256,0.4,167,8,83,692,1257,12288,5,5,7,1,1,MediaTek Dimensity,7326,LCD,120,1,WiFi 6,5.1,No,No,Yes,Android,17.8,45,95.1,70.4,76.9,1933.33,Flagship,1998.07,9.47,General User,4.28,1362,88.8,74.2,56.4,15,28857.34,5.91,26139,42955015.94,2.45,24,E-commerce Marketplace,Australia,No,2
50,Vivo,2950,1,1.7,0,27,1,512,0.6,104,10,84,1110,1382,8192,10,2,2,1,0,Exynos,5853,Super AMOLED,60,1,WiFi 6,5.3,Yes,No,Yes,Android,16.5,80,90.2,95.5,74.6,2181.58,Flagship,2334.95,9.08,Gamer,4.4,746,98.4,85.5,73.7,5,7700.76,6.91,28180,58403078.18,3.53,12,Telecom Partner,Singapore,No,2
51,Oppo,6838,1,3.2,0,17,1,512,1.0,172,6,43,489,1265,4096,13,3,14,1,0,MediaTek Dimensity,3700,LCD,60,1,WiFi 6E,5.3,Yes,Yes,Yes,Android,18.7,18,87.2,53.9,80.3,1711.48,Flagship,1967.99,4.29,General User,3.72,3805,91.9,100.0,81.1,5,54057.08,9.99,55064,89528887.98,2.98,12,Online Store,India,Yes,1
52,Google,4455,1,2.5,1,28,1,16,0.8,176,10,70,299,566,4096,11,4,5,0,1,Snapdragon,4320,Super AMOLED,120,1,WiFi 6E,5.1,No,No,No,Android,12.7,120,83.8,38.8,93.9,1338.43,Flagship,1360.06,5.97,Student,4.67,3279,92.8,100.0,86.4,5,21779.49,3.12,38689,49193392.36,2.72,18,E-commerce Marketplace,Singapore,Yes,0
53,Realme,3210,1,2.0,1,4,1,32,0.8,152,4,80,937,895,6144,7,9,8,1,0,Exynos,3521,LCD,90,1,WiFi 7,5.4,Yes,Yes,Yes,Android,18.0,25,87.4,70.6,68.5,1290.2,Flagship,1121.16,4.44,General User,4.21,5496,82.4,76.8,64.6,10,14903.37,4.59,29800,34603164.0,0.92,12,Online Store,Singapore,No,0
54,Google,6802,1,1.0,0,8,1,128,0.8,97,4,100,294,1724,2048,16,1,9,1,1,Google Tensor,1856,IPS LCD,60,1,WiFi 6E,5.4,Yes,Yes,Yes,Android,17.6,80,88.1,95.0,73.5,1410.03,Flagship,1201.28,13.44,Student,4.49,2208,100.0,100.0,70.5,10,27731.28,10.59,49045,62239429.22,1.45,18,Retail Store,Singapore,Yes,1
55,OnePlus,5366,0,2.1,0,10,1,32,0.9,139,8,30,1122,1409,12288,9,8,6,1,0,MediaTek Dimensity,6498,OLED,90,1,WiFi 6E,5.0,Yes,Yes,Yes,Android,13.1,18,83.0,67.8,65.8,1448.21,Flagship,1336.27,8.25,Student,4.3,8748,93.3,100.0,68.5,20,33288.68,3.7,28936,33524323.65,3.3,24,E-commerce Marketplace,UAE,No,2
56,Apple,2681,1,3.0,1,18,1,256,0.5,175,6,67,230,1930,6144,8,9,2,0,0,Snapdragon,4879,IPS LCD,60,1,WiFi 6E,5.3,Yes,Yes,No,iOS,16.4,18,100.0,81.2,72.6,2048.3,Flagship,1928.03,13.4,General User,4.49,2123,98.1,97.6,74.7,20,50680.67,8.18,34465,56475727.6,5.56,18,Online Store,UK,No,0
57,Google,5285,0,2.0,0,16,1,32,0.4,182,4,28,1763,901,4096,10,1,9,1,0,Snapdragon,2975,OLED,90,0,WiFi 6,5.0,Yes,Yes,Yes,Android,13.4,33,94.0,51.8,94.5,888.53,Premium,865.63,0.1,Student,4.74,3550,100.0,97.8,84.7,10,50680.67,9.78,47327,37846313.38,5.69,36,E-commerce Marketplace,Singapore,Yes,1
58,Motorola,3093,0,3.2,1,24,1,256,0.3,86,8,93,1502,772,4096,18,6,9,0,0,Google Tensor,4507,LCD,144,1,WiFi 6E,5.4,Yes,No,Yes,Android,18.8,25,88.0,99.3,80.9,1793.11,Flagship,1893.42,0.1,General User,4.69,837,88.1,100.0,77.7,0,119159.1,3.01,30903,55412478.33,9.24,12,Online Store,Australia,No,0
59,Oppo,6611,1,1.3,0,0,0,256,0.1,119,6,69,1612,1898,8192,16,6,6,1,1,Exynos,4340,LCD,60,1,WiFi 7,5.0,No,No,Yes,Android,14.8,80,83.5,90.4,69.2,1790.31,Flagship,1750.02,8.17,General User,4.41,1572,91.4,88.4,94.2,10,53515.03,9.23,44146,71131522.73,5.05,36,Retail Store,Singapore,Yes,1
60,Motorola,4065,1,1.4,1,6,1,128,0.7,224,6,76,653,1667,6144,10,6,11,1,1,MediaTek Dimensity,4017,OLED,144,0,WiFi 6,5.2,Yes,Yes,Yes,Android,12.8,18,82.3,95.7,73.3,1442.07,Flagship,1250.23,8.44,Gamer,4.55,1729,100.0,100.0,100.0,10,65108.08,1.83,31761,41221426.74,10.56,12,Online Store,India,No,0
61,Vivo,3408,0,2.7,1,29,1,256,0.2,109,6,37,2029,2169,4096,13,11,8,0,1,Exynos,3805,AMOLED,90,1,WiFi 6E,5.1,No,Yes,Yes,Android,12.4,80,100.0,61.1,84.0,1421.99,Flagship,1179.77,9.81,Gamer,4.52,1713,84.0,100.0,76.4,25,44643.11,13.55,49096,52360515.78,3.07,12,Online Store,Singapore,Yes,0
62,Motorola,6335,0,1.2,0,23,1,64,0.5,186,4,20,415,1552,12288,13,2,15,1,1,Exynos,4879,AMOLED,144,1,WiFi 6E,5.4,Yes,Yes,No,Android,17.3,45,91.4,20.7,80.6,1625.82,Flagship,1409.34,8.25,Gamer,3.9,1818,84.3,100.0,76.4,0,156875.38,10.05,50819,82622546.58,4.16,18,Telecom Partner,USA,Yes,2
63,Vivo,2556,1,1.7,1,32,1,512,0.6,189,6,85,1334,2359,4096,10,7,20,1,1,MediaTek Dimensity,3354,LCD,144,0,WiFi 6,5.3,No,Yes,No,Android,16.6,25,86.5,65.2,91.4,1879.08,Flagship,2091.5,6.25,General User,4.58,1741,94.1,100.0,69.3,25,86669.44,8.93,33781,47607901.11,4.53,24,Retail Store,USA,No,0
64,OnePlus,5909,1,2.0,1,18,1,128,1.0,179,10,10,1311,1667,2048,18,3,13,1,0,MediaTek Dimensity,3172,AMOLED,60,1,WiFi 6E,5.4,Yes,Yes,Yes,Android,16.2,18,95.3,30.3,92.2,1091.79,Premium,1071.22,13.14,Gamer,4.63,1492,98.0,73.0,65.9,10,84895.37,6.98,38851,38175419.96,3.11,18,Telecom Partner,UK,Yes,1
65,Xiaomi,3095,1,1.6,1,15,1,256,0.9,197,6,24,392,1885,6144,15,5,5,1,1,Exynos,3505,IPS LCD,120,1,WiFi 7,5.1,No,Yes,Yes,Android,19.0,33,75.7,53.3,66.6,1532.24,Flagship,1506.66,10.07,Business User,3.88,241,74.8,91.0,86.4,0,156376.3,5.76,37623,57647465.52,10.32,12,E-commerce Marketplace,UAE,Yes,0
66,Realme,3552,0,2.2,0,14,1,128,0.9,178,6,29,1053,1335,6144,12,7,9,0,1,MediaTek Dimensity,3325,OLED,144,1,WiFi 6E,5.4,No,Yes,Yes,Android,14.5,80,86.3,44.7,80.7,1390.68,Flagship,1165.34,13.57,Gamer,4.31,1100,82.7,100.0,57.0,25,170988.67,12.32,54564,56910797.64,1.14,12,Retail Store,Germany,Yes,0
67,Realme,5896,1,1.2,1,8,1,128,0.9,194,10,44,455,1379,6144,15,2,15,1,1,Apple Bionic,4632,IPS LCD,90,1,WiFi 6,5.3,Yes,Yes,Yes,Android,17.7,25,93.0,30.6,80.8,1142.12,Premium,1144.24,5.93,Business User,5.0,107,92.6,91.5,65.9,20,220869.78,8.98,52263,47752494.05,1.95,24,Online Store,UAE,Yes,1
68,Motorola,3974,0,2.9,0,32,1,32,0.6,198,6,81,1186,1929,12288,9,11,15,0,1,Exynos,7098,AMOLED,90,1,WiFi 6,5.2,Yes,Yes,Yes,Android,12.0,25,98.3,65.4,78.0,1533.44,Flagship,1347.58,7.28,Student,4.65,159,93.8,100.0,77.9,0,19642.0,9.76,37485,57480998.4,5.67,12,Telecom Partner,USA,Yes,2
69,Vivo,5084,1,1.0,1,27,1,512,0.3,170,6,7,1200,1913,8192,14,8,8,0,1,Exynos,4749,AMOLED,120,1,WiFi 6E,5.3,Yes,Yes,Yes,Android,16.7,33,94.9,44.1,82.5,1959.03,Flagship,2190.27,7.9,General User,4.6,102,90.7,89.4,63.8,0,130017.3,8.08,46399,90897032.97,8.8,24,E-commerce Marketplace,Australia,Yes,2
70,Oppo,6222,0,1.7,1,16,1,128,0.2,218,8,44,138,1713,4096,17,0,12,1,1,Exynos,3866,AMOLED,90,0,WiFi 6,5.3,Yes,No,Yes,Android,12.1,120,95.4,57.3,78.8,1234.38,Flagship,1320.1,6.09,General User,4.93,1471,100.0,100.0,78.6,10,59609.2,7.3,39539,43925535.74,0.54,12,E-commerce Marketplace,Singapore,Yes,1
71,Google,5443,1,3.2,0,13,1,128,0.8,216,6,84,472,1923,12288,18,9,20,1,1,Snapdragon,6484,OLED,60,1,WiFi 6,5.1,Yes,Yes,Yes,Android,14.7,65,88.1,86.5,90.5,1734.14,Flagship,1823.03,4.52,Student,5.0,5105,100.0,71.3,61.1,0,102287.43,6.09,46054,79864083.56,0.5,12,Online Store,Germany,Yes,2
72,Xiaomi,5085,0,1.3,0,30,1,128,0.9,97,4,52,1811,1419,8192,15,3,12,1,1,Exynos,4068,LCD,60,1,WiFi 6,5.3,Yes,Yes,Yes,Android,12.2,120,97.5,35.0,64.9,1576.73,Flagship,1771.12,8.82,Gamer,4.0,2044,81.8,85.3,85.3,15,17902.71,3.92,32117,43043861.8,3.23,24,Telecom Partner,Australia,No,1
73,Motorola,5132,0,1.4,1,31,1,128,0.4,110,10,83,1545,1621,8192,13,7,13,0,0,Exynos,4981,IPS LCD,144,1,WiFi 6E,5.4,Yes,Yes,Yes,Android,13.5,80,89.3,77.7,67.5,1639.87,Flagship,1813.87,5.5,Student,4.23,1924,94.7,100.0,80.7,0,94617.35,3.53,40399,66249108.13,0.5,24,Online Store,UK,Yes,1
74,Samsung,3523,0,2.2,1,0,1,256,1.0,199,8,61,1600,1134,6144,8,6,14,0,0,Snapdragon,4779,AMOLED,60,1,WiFi 6E,5.4,Yes,Yes,No,Android,13.3,25,88.6,87.3,58.2,1367.97,Flagship,1593.31,16.34,Professional,4.69,2404,90.7,98.2,59.6,5,17257.89,2.41,28302,36780472.59,6.04,36,E-commerce Marketplace,USA,No,0
75,Apple,2530,0,2.0,0,13,1,128,0.5,187,8,56,2116,1644,4096,12,0,7,1,0,Google Tensor,4091,OLED,120,1,WiFi 6,5.1,Yes,Yes,No,iOS,19.7,120,86.4,50.8,97.8,2086.88,Flagship,2038.25,14.78,Student,4.3,1151,89.6,100.0,46.6,15,119564.24,8.38,39730,70474981.04,5.94,36,Retail Store,India,Yes,0
76,Motorola,6119,0,0.8,1,6,1,256,0.7,146,8,79,824,1778,4096,6,8,4,0,0,Google Tensor,3390,OLED,90,1,WiFi 5,5.2,Yes,Yes,Yes,Android,12.4,25,82.9,65.4,100.0,1416.5,Flagship,1212.11,4.21,Business User,5.0,866,100.0,92.7,89.3,10,59266.93,5.02,39110,49859383.5,7.66,12,Retail Store,Germany,Yes,1
77,Apple,3253,1,2.8,0,2,0,128,0.6,86,8,90,780,918,6144,11,6,8,1,0,Exynos,4974,LCD,60,1,WiFi 6E,5.1,No,Yes,Yes,iOS,17.5,45,89.9,73.8,85.3,1798.29,Flagship,1713.32,14.02,Business User,4.3,1277,78.6,87.1,58.7,15,32156.39,7.76,28190,43089725.84,4.55,24,E-commerce Marketplace,Australia,No,0
78,Realme,6787,0,1.8,1,16,1,128,0.6,85,4,76,1940,2028,12288,18,7,14,0,0,MediaTek Dimensity,6185,LCD,120,1,WiFi 7,5.1,Yes,Yes,Yes,Android,18.2,18,91.1,100.0,72.0,1774.34,Flagship,1633.95,11.54,Business User,5.0,7238,100.0,100.0,81.0,0,31626.87,7.76,27002,47910728.68,1.75,24,Online Store,Germany,No,2
79,Realme,4817,1,1.1,1,19,1,64,0.3,140,8,93,479,593,6144,7,5,11,1,0,MediaTek Dimensity,4950,OLED,90,1,WiFi 5,5.3,No,No,Yes,Android,14.4,33,100.0,67.8,81.6,1507.4,Flagship,1263.46,9.66,Gamer,4.79,566,100.0,100.0,98.5,10,27541.4,5.31,46301,62814714.66,0.5,36,Online Store,Australia,Yes,1
80,Motorola,4473,0,1.5,1,2,1,128,0.6,128,4,48,614,840,3072,11,8,2,0,1,Exynos,2289,IPS LCD,144,1,WiFi 6,5.1,Yes,Yes,Yes,Android,17.3,18,83.6,57.7,72.0,1490.56,Flagship,1581.38,8.25,Gamer,3.97,735,74.2,100.0,53.9,25,49918.53,7.73,26895,30066458.4,6.04,12,Retail Store,UK,No,0
81,OnePlus,3404,1,2.0,1,8,1,32,0.9,108,6,96,1051,700,16384,11,0,4,0,1,Snapdragon,8410,OLED,60,1,WiFi 7,5.3,No,Yes,No,Android,18.0,65,89.4,59.2,79.0,1862.23,Flagship,2146.1,3.83,General User,4.11,994,78.0,86.7,54.8,10,23827.03,2.94,30868,51734984.08,0.72,18,Online Store,Singapore,No,2
82,Apple,5673,1,2.5,1,11,1,128,0.5,137,6,32,1103,2042,8192,6,3,8,0,0,Snapdragon,4979,AMOLED,120,1,WiFi 6,5.3,No,No,Yes,iOS,19.5,120,92.6,66.0,75.0,2087.14,Flagship,1999.36,7.39,General User,4.53,1450,100.0,93.6,60.0,25,86409.32,8.81,43353,67862835.32,6.42,18,E-commerce Marketplace,India,Yes,2
83,Realme,3196,0,2.4,1,15,1,512,0.6,239,4,52,1819,2065,12288,17,4,20,1,1,Snapdragon,6135,Super AMOLED,120,1,WiFi 6,5.1,No,Yes,Yes,Android,15.9,18,89.2,66.0,75.4,2294.33,Flagship,2693.06,9.37,General User,4.56,5228,96.2,75.5,75.1,0,63606.25,5.48,48301,110818433.3,3.62,18,Retail Store,USA,Yes,2
84,Vivo,4370,1,3.2,0,22,1,256,0.5,207,4,108,1749,1584,8192,14,10,16,1,1,MediaTek Dimensity,5013,OLED,120,0,WiFi 6,5.2,No,Yes,Yes,Android,12.6,65,83.8,90.0,100.0,1939.49,Flagship,1732.33,12.32,Professional,5.0,427,95.1,80.7,80.8,20,13485.33,0.71,19050,29557827.6,4.69,12,Telecom Partner,UK,No,2
85,OnePlus,6644,1,3.1,1,16,1,64,0.6,137,8,60,966,505,6144,5,6,9,0,1,Apple Bionic,4800,Super AMOLED,144,1,WiFi 6,5.1,No,No,Yes,Android,19.0,80,83.8,65.9,79.1,1315.11,Flagship,1510.2,3.18,General User,4.25,2518,87.6,78.8,82.9,10,33990.88,7.43,38551,45628925.05,2.17,36,Online Store,UK,Yes,1
86,Motorola,3970,1,2.2,0,9,1,32,0.7,226,4,60,991,868,6144,7,5,5,1,0,MediaTek Dimensity,4182,LCD,60,1,WiFi 6,5.4,No,Yes,Yes,Android,16.8,65,97.1,95.6,58.3,1135.11,Premium,1075.8,7.35,General User,5.0,2740,85.5,94.3,56.7,0,50680.67,3.24,35791,40626722.01,5.02,12,Telecom Partner,USA,Yes,0
87,Oppo,4778,1,1.0,1,5,1,512,1.0,119,10,80,747,1024,6144,7,11,7,1,1,MediaTek Dimensity,4545,AMOLED,90,1,WiFi 6,5.0,Yes,Yes,Yes,Android,15.8,18,83.7,69.2,57.6,1791.43,Flagship,1992.88,10.73,Student,4.54,9203,86.7,68.7,56.1,5,280566.35,9.03,50036,85154191.91,9.37,12,Online Store,Australia,Yes,1
88,Oppo,5133,0,0.9,1,0,0,512,0.4,189,8,95,959,2170,3072,7,1,6,1,0,Apple Bionic,3476,LCD,120,1,WiFi 7,5.4,No,Yes,No,Android,18.0,65,74.1,67.2,92.2,1739.81,Flagship,1819.1,5.82,Business User,4.13,2734,79.5,72.3,63.2,0,84966.87,5.9,23810,41424876.1,6.94,36,E-commerce Marketplace,Singapore,No,1
89,Vivo,5854,1,1.6,0,21,1,256,0.6,236,8,50,1350,1112,8192,10,8,6,1,1,Apple Bionic,4843,OLED,144,1,WiFi 6,5.3,Yes,No,Yes,Android,13.3,65,86.0,100.0,89.8,1768.34,Flagship,1817.22,6.54,General User,4.57,414,92.7,100.0,65.6,10,50680.67,5.45,30380,48349952.28,9.08,18,Telecom Partner,Singapore,No,1
90,Samsung,3045,1,2.2,0,14,1,128,0.6,184,10,72,697,2322,8192,19,10,17,1,1,Google Tensor,5947,OLED,120,1,WiFi 5,5.3,Yes,Yes,No,Android,12.2,120,95.8,87.3,67.2,1540.34,Flagship,1492.45,19.31,Gamer,4.71,2089,100.0,100.0,92.7,25,80272.81,6.94,36806,42520315.53,6.9,18,Online Store,USA,Yes,0
91,Xiaomi,4796,0,2.2,0,20,1,128,1.0,233,10,5,1989,1678,4096,5,1,5,0,0,Exynos,4560,OLED,90,1,WiFi 6,5.3,Yes,Yes,Yes,Android,16.6,45,78.3,47.1,78.5,1065.78,Premium,1199.23,11.96,Business User,5.0,390,100.0,93.0,84.8,5,30417.24,7.82,40770,41279258.07,3.01,36,E-commerce Marketplace,UAE,Yes,0
92,Vivo,5420,1,1.6,0,8,1,512,0.7,230,6,14,947,1616,6144,17,9,10,1,0,Snapdragon,4440,AMOLED,60,1,WiFi 7,5.0,Yes,Yes,Yes,Android,14.4,120,86.3,30.7,83.0,1763.12,Flagship,1822.27,0.89,Student,3.72,1137,70.5,78.5,64.5,0,592329.8,14.61,77347,136372042.6,5.49,24,E-commerce Marketplace,UAE,Yes,1
93,Apple,4974,0,1.5,1,17,1,64,0.9,196,6,11,809,1109,8192,16,4,4,1,0,Exynos,4636,Super AMOLED,120,1,WiFi 6,5.3,Yes,Yes,No,iOS,17.2,33,76.3,55.0,83.2,2033.37,Flagship,1987.39,15.31,Gamer,4.86,10699,97.7,80.5,88.2,5,47849.73,5.51,38691,74739462.74,3.57,12,Retail Store,UAE,Yes,2
94,Xiaomi,6155,1,3.2,0,3,1,64,0.7,112,8,63,1162,1784,16384,17,2,8,1,0,Snapdragon,8664,LCD,120,1,WiFi 5,5.0,No,Yes,Yes,Android,14.8,45,94.1,76.1,72.1,1776.1,Flagship,1881.89,6.39,Professional,4.33,1386,87.0,96.5,49.7,10,108152.32,5.81,40050,64019524.5,2.93,18,Retail Store,USA,Yes,2
95,Vivo,3636,1,3.3,1,7,1,128,0.8,203,6,73,455,1837,8192,6,7,2,1,1,Exynos,6130,OLED,90,1,WiFi 6,5.1,Yes,Yes,Yes,Android,14.5,45,88.4,80.7,89.9,1662.44,Flagship,1367.53,8.99,Student,4.59,1702,92.7,100.0,78.7,0,163982.71,9.52,43780,72781623.2,0.5,18,E-commerce Marketplace,UK,Yes,0
96,Xiaomi,3360,0,1.8,1,2,1,128,0.6,201,10,69,1656,1312,2048,13,5,18,0,0,Google Tensor,3181,LCD,120,1,WiFi 6,5.4,Yes,No,Yes,Android,17.6,25,91.2,56.8,65.8,1156.61,Premium,1316.92,8.25,General User,4.99,969,100.0,100.0,58.6,0,14456.33,2.65,25398,29375580.78,3.24,12,Retail Store,Germany,No,0
97,Oppo,5664,0,1.4,0,13,1,128,0.2,233,10,14,1286,766,8192,16,4,9,0,1,Google Tensor,5258,OLED,144,1,WiFi 6,5.2,Yes,No,Yes,Android,12.9,80,89.7,41.7,71.7,1598.9,Flagship,1556.8,1.99,Student,5.0,2030,99.4,100.0,73.3,20,179159.71,5.08,35483,45387014.96,0.5,12,Telecom Partner,USA,Yes,1
98,Samsung,5814,1,1.9,0,2,1,32,0.7,216,4,20,2168,788,4096,18,5,16,1,1,Google Tensor,3005,OLED,120,1,WiFi 6,5.4,No,Yes,Yes,Android,15.1,65,93.5,54.0,78.5,1300.23,Flagship,1363.46,14.76,Student,4.41,4122,97.7,100.0,57.0,15,34612.19,8.4,20623,22792446.8,6.52,18,Online Store,India,No,1
99,OnePlus,6241,1,2.5,0,9,1,64,0.6,174,8,6,907,2262,16384,12,9,19,1,0,Exynos,7763,IPS LCD,60,0,WiFi 6E,5.4,Yes,No,Yes,Android,13.9,80,94.8,34.8,65.9,1554.33,Flagship,1300.62,7.65,Business User,4.01,514,83.0,67.9,41.8,0,23675.16,4.64,24686,38370190.38,2.02,12,Online Store,Germany,No,2
100,Realme,3379,1,2.7,0,10,1,128,0.6,203,4,54,2154,646,16384,7,10,11,1,1,Apple Bionic,7518,OLED,120,1,WiFi 6E,5.3,Yes,Yes,Yes,Android,14.3,45,91.7,69.1,93.9,2004.45,Flagship,1684.68,7.39,Business User,4.91,303,100.0,93.7,65.8,5,201924.71,6.26,42032,80038490.28,2.12,36,Online Store,USA,Yes,2
101,Oppo,6761,1,3.4,0,2,1,128,0.5,109,8,34,1580,1066,4096,18,1,16,1,1,Google Tensor,4350,Super AMOLED,90,1,WiFi 6,5.4,Yes,No,Yes,Android,14.6,45,100.0,64.5,67.4,1171.79,Premium,1272.34,9.38,Gamer,4.46,2308,80.1,84.4,57.8,15,114230.48,9.0,40697,40535086.99,7.56,36,Telecom Partner,India,Yes,1
102,Apple,5664,1,2.5,0,7,0,64,0.6,137,10,14,620,1731,4096,9,9,13,1,1,Apple Bionic,4338,Super AMOLED,120,1,WiFi 6,5.0,No,Yes,No,iOS,18.8,65,82.0,59.0,73.2,1698.65,Flagship,1906.29,14.96,General User,4.02,9352,89.7,87.4,61.6,10,16503.5,7.72,36441,55710454.18,4.42,18,Online Store,UK,Yes,1
103,Samsung,6549,0,1.1,0,15,1,64,0.5,113,4,52,1046,2231,8192,6,11,12,1,1,Snapdragon,3560,IPS LCD,90,1,WiFi 5,5.3,No,Yes,No,Android,16.6,33,100.0,20.0,71.8,1056.41,Premium,1101.65,11.93,Student,4.23,4285,87.1,100.0,71.0,10,347589.95,4.52,50787,48286705.2,10.12,24,E-commerce Marketplace,UK,Yes,1
104,Oppo,4339,1,2.0,0,18,1,32,0.7,190,10,64,1338,1971,6144,11,11,15,1,0,MediaTek Dimensity,4977,IPS LCD,144,1,WiFi 6,5.1,No,Yes,Yes,Android,14.7,25,90.9,100.0,66.6,1351.62,Flagship,1308.48,11.13,Business User,4.97,583,85.2,81.9,79.3,5,60894.47,5.31,44552,57206505.53,3.53,18,Retail Store,Australia,Yes,0
105,Motorola,5458,0,1.0,1,32,1,128,0.6,200,4,18,1390,2192,2048,18,8,20,0,1,Apple Bionic,2185,LCD,90,1,WiFi 6,5.0,Yes,Yes,No,Android,13.6,45,87.5,50.3,92.0,1231.16,Flagship,1093.72,9.98,Business User,3.69,3194,72.5,100.0,69.3,0,334412.1,7.92,49243,60626011.88,9.98,24,E-commerce Marketplace,UAE,Yes,1
106,Samsung,6671,0,3.3,1,3,1,128,0.3,102,8,11,1814,1468,6144,8,7,18,1,1,Exynos,4610,Super AMOLED,120,1,WiFi 6,5.1,Yes,Yes,Yes,Android,16.7,33,87.1,38.9,89.9,1430.2,Flagship,1369.96,10.3,Gamer,4.56,796,100.0,100.0,87.3,15,14576.9,5.4,32823,39901936.41,1.84,18,Telecom Partner,UK,No,1
107,Motorola,4170,1,2.0,1,10,1,128,0.4,124,10,87,972,681,8192,6,11,18,1,1,Exynos,4918,AMOLED,90,1,WiFi 6,5.2,Yes,Yes,Yes,Android,14.4,120,65.0,64.3,67.6,1512.44,Flagship,1337.41,10.94,General User,3.75,750,82.3,82.7,67.4,0,32308.2,5.89,26620,40261152.8,4.01,12,Telecom Partner,USA,No,0
108,Google,3722,0,2.2,1,24,1,32,0.5,180,10,61,1588,1451,12288,11,7,12,0,1,Apple Bionic,6342,Super AMOLED,90,1,WiFi 6,5.2,No,Yes,Yes,Android,19.0,45,89.8,53.7,74.7,1572.6,Flagship,1786.97,8.94,General User,4.55,399,100.0,64.3,67.6,10,51394.25,5.35,34916,49418011.44,0.5,24,Telecom Partner,Australia,No,2
109,OnePlus,6861,1,1.5,0,15,1,32,0.7,195,10,86,799,1533,12288,9,10,8,0,0,Snapdragon,6124,IPS LCD,60,1,WiFi 6E,5.0,Yes,Yes,Yes,Android,15.4,80,75.7,85.1,65.2,1641.38,Flagship,1733.2,15.52,Professional,4.09,3657,75.0,100.0,90.2,10,28711.8,4.49,28443,42017194.21,0.65,36,E-commerce Marketplace,UK,No,2
110,Realme,5999,1,1.1,1,24,1,256,0.3,106,4,102,1857,1043,3072,6,8,13,1,1,Exynos,2372,OLED,60,1,WiFi 5,5.4,Yes,Yes,Yes,Android,16.2,33,91.6,100.0,80.6,1458.24,Flagship,1646.9,0.1,Business User,4.45,2059,90.4,95.8,73.2,0,20120.25,3.78,22707,33112255.68,6.7,36,E-commerce Marketplace,USA,No,1
111,Realme,6617,0,3.3,0,2,1,512,0.8,143,6,96,1960,670,12288,18,0,20,1,0,Snapdragon,6853,LCD,144,1,WiFi 5,5.2,Yes,Yes,Yes,Android,16.3,33,90.5,77.6,70.5,2116.66,Flagship,2108.72,11.5,Student,4.15,2448,75.6,100.0,59.9,0,25819.09,11.39,30886,65375160.76,4.32,24,Online Store,Singapore,No,2
112,Samsung,4622,0,1.7,0,18,1,64,0.8,232,10,78,1009,590,6144,5,0,14,0,1,Exynos,3943,LCD,90,1,WiFi 6,5.0,Yes,Yes,Yes,Android,12.9,65,91.4,67.1,79.3,1393.8,Flagship,1447.49,13.35,Business User,4.39,10176,95.3,96.8,75.3,10,27746.87,5.91,39105,49054094.1,3.05,36,Online Store,Germany,Yes,0
113,Google,5731,0,1.4,0,3,1,64,0.6,134,10,62,804,1422,4096,7,0,11,0,1,Exynos,4653,LCD,60,1,WiFi 7,5.3,Yes,Yes,No,Android,16.5,65,83.4,86.5,74.7,1170.39,Premium,1058.23,13.02,Professional,5.0,810,90.1,86.7,75.5,5,19709.88,4.07,28250,31410341.62,4.27,36,Retail Store,UK,No,1
114,Realme,4413,1,3.1,0,19,1,256,0.7,201,8,73,987,1810,2048,16,10,5,0,0,Exynos,3868,IPS LCD,144,1,WiFi 5,5.0,No,Yes,Yes,Android,18.3,65,96.6,48.6,82.8,1569.0,Flagship,1442.04,7.43,Gamer,3.99,2032,84.5,92.0,67.4,15,147331.45,10.74,54257,72359848.05,5.77,24,E-commerce Marketplace,Singapore,Yes,0
115,Realme,6542,1,0.9,1,9,1,64,0.5,161,10,11,741,741,8192,12,10,3,1,0,Exynos,5625,LCD,90,1,WiFi 6,5.2,No,No,Yes,Android,17.4,80,87.5,42.9,62.1,1448.59,Flagship,1657.97,9.05,General User,3.49,9028,92.3,95.4,81.5,0,75863.42,0.51,22832,33074206.88,4.61,18,E-commerce Marketplace,Singapore,No,1
116,Realme,5994,1,2.7,0,3,1,128,0.4,220,10,103,1030,1575,12288,5,3,6,1,1,MediaTek Dimensity,7737,OLED,90,1,WiFi 7,5.4,No,Yes,Yes,Android,14.5,33,91.2,100.0,76.4,1872.11,Flagship,1805.29,7.08,Business User,4.24,2260,86.5,100.0,68.7,15,79059.86,9.5,41065,65346467.58,4.04,12,Telecom Partner,USA,Yes,2
117,Xiaomi,6966,1,2.9,1,4,1,128,0.9,123,6,22,2135,1349,12288,6,9,6,1,0,Apple Bionic,6966,OLED,60,1,WiFi 7,5.4,No,No,Yes,Android,15.6,45,90.5,38.6,85.4,1710.16,Flagship,1911.32,6.39,Professional,4.47,2107,77.5,63.9,44.2,15,100618.18,8.82,22995,33426359.82,2.22,24,E-commerce Marketplace,India,No,2
118,Google,4619,1,3.0,0,26,1,256,0.8,88,6,44,2016,2107,8192,16,5,15,1,0,Apple Bionic,4645,OLED,90,1,WiFi 5,5.0,No,Yes,No,Android,13.2,25,84.8,69.9,66.9,1426.36,Flagship,1587.95,5.75,Student,5.0,1198,100.0,82.6,65.5,15,50577.84,4.35,26136,31687443.22,0.5,12,Online Store,Germany,No,0
119,OnePlus,2709,0,2.7,0,7,1,64,0.6,99,10,6,1613,701,4096,8,2,17,1,0,Apple Bionic,4959,IPS LCD,60,1,WiFi 6,5.3,No,Yes,Yes,Android,13.2,65,79.0,48.6,76.4,1229.55,Flagship,1152.03,3.57,Gamer,4.38,1300,76.3,96.3,68.9,5,82329.53,2.88,18527,21640879.21,3.87,24,E-commerce Marketplace,Germany,No,0
120,Vivo,3471,1,3.3,1,21,1,128,0.7,160,6,53,611,2160,8192,10,6,20,0,0,MediaTek Dimensity,6313,AMOLED,60,0,WiFi 5,5.2,No,Yes,Yes,Android,17.0,45,100.0,55.6,86.7,1424.28,Flagship,1192.23,0.3,General User,4.12,2139,81.0,76.9,75.2,20,27161.16,6.6,19881,22652888.54,2.84,12,Retail Store,USA,No,0
121,OnePlus,6862,1,2.2,1,5,0,256,0.9,189,4,48,1094,1469,8192,8,4,19,1,0,MediaTek Dimensity,4756,AMOLED,60,1,WiFi 6E,5.1,Yes,Yes,Yes,Android,15.5,25,100.0,81.2,100.0,1771.52,Flagship,1484.85,7.94,Gamer,5.0,2758,99.8,100.0,74.5,10,60415.09,3.94,30040,47894814.72,3.53,12,Online Store,Germany,No,1
122,Samsung,2821,1,3.3,1,22,1,16,0.5,187,8,21,1850,1326,6144,19,10,14,1,1,Apple Bionic,5826,IPS LCD,120,1,WiFi 6,5.2,No,Yes,Yes,Android,15.3,45,83.6,76.3,88.1,1349.42,Flagship,1344.05,10.66,Gamer,4.24,462,89.5,72.9,53.2,0,54415.63,7.5,30323,40918462.66,3.61,12,Retail Store,India,No,0
123,Oppo,5560,1,0.8,1,8,1,512,0.1,84,6,48,841,1310,8192,7,5,8,1,1,Google Tensor,4481,IPS LCD,60,1,WiFi 6,5.2,Yes,Yes,Yes,Android,15.3,120,77.9,80.9,70.6,2023.01,Flagship,1682.16,1.13,Business User,5.0,2560,95.6,100.0,93.0,0,27778.08,5.06,47386,95862351.86,5.83,24,Telecom Partner,Australia,Yes,2
124,Oppo,3101,0,0.9,1,14,1,64,0.7,111,8,9,2170,1046,3072,12,3,3,0,0,Exynos,2625,OLED,60,1,WiFi 6,5.1,No,No,Yes,Android,13.4,65,87.3,37.5,81.5,897.36,Premium,884.14,12.87,Gamer,4.05,450,84.8,83.6,55.0,25,25946.78,5.25,35192,23684919.84,7.71,36,E-commerce Marketplace,India,Yes,0
125,Xiaomi,5809,0,3.0,1,16,1,64,0.3,169,8,47,1434,1611,6144,16,10,19,1,0,Google Tensor,4631,Super AMOLED,144,1,WiFi 5,5.0,No,Yes,Yes,Android,12.3,120,88.3,73.2,89.5,1518.28,Flagship,1386.31,11.81,General User,4.54,21194,87.3,83.0,85.1,10,32878.65,1.43,29827,40757163.8,3.29,24,E-commerce Marketplace,UAE,No,1
126,Apple,3392,0,1.5,0,6,1,64,0.8,238,8,81,1485,1678,16384,11,5,18,1,0,Google Tensor,8276,IPS LCD,90,1,WiFi 5,5.2,No,No,No,iOS,16.4,80,88.0,64.1,88.9,2303.53,Flagship,2092.78,6.72,Business User,4.54,411,96.9,91.9,71.8,20,25106.12,4.62,26447,48737166.33,5.98,24,Retail Store,Australia,No,2
127,Motorola,3034,0,0.8,0,7,1,64,0.4,121,8,108,1834,1147,12288,9,1,20,0,0,Apple Bionic,6103,Super AMOLED,60,0,WiFi 6E,5.0,Yes,Yes,No,Android,17.7,80,87.4,100.0,100.0,1594.67,Flagship,1810.17,0.6,Student,4.62,3464,86.6,91.1,80.7,0,56806.06,10.06,35472,56566134.24,2.21,12,Online Store,UK,Yes,2
128,Apple,3649,1,3.5,0,1,1,128,0.6,131,8,86,776,1338,3072,16,4,18,1,0,MediaTek Dimensity,4343,LCD,144,1,WiFi 5,5.4,Yes,Yes,Yes,iOS,19.5,80,85.9,64.3,68.7,1749.58,Flagship,1849.59,23.97,Student,4.05,285,81.8,77.7,59.7,5,24789.54,4.93,26521,44080580.62,2.93,18,Telecom Partner,Australia,No,0
129,OnePlus,4387,1,3.1,0,20,1,64,0.8,116,6,65,1584,1539,6144,15,10,11,1,1,Snapdragon,4556,Super AMOLED,90,1,WiFi 5,5.2,Yes,Yes,Yes,Android,13.5,45,88.5,66.5,79.3,1050.99,Premium,1238.53,8.14,Gamer,4.19,4229,80.1,79.1,73.5,15,20812.64,6.27,45332,40496956.88,0.5,18,Retail Store,Singapore,Yes,0
130,Vivo,5912,1,0.8,1,14,1,256,0.2,102,10,46,869,901,12288,6,3,5,0,0,Snapdragon,6168,Super AMOLED,90,1,WiFi 6,5.3,No,Yes,Yes,Android,18.3,45,100.0,60.9,81.9,1892.84,Flagship,1953.92,9.58,Professional,4.79,241,100.0,100.0,67.1,5,58115.2,6.13,36860,66281578.28,8.46,12,Retail Store,USA,Yes,2
131,Realme,5387,0,1.3,0,17,1,16,0.8,212,8,87,196,1360,8192,18,0,9,1,1,Apple Bionic,4816,Super AMOLED,120,1,WiFi 6,5.0,No,Yes,Yes,Android,14.8,18,78.7,70.3,60.1,1252.06,Flagship,1340.28,10.42,Business User,4.51,429,90.0,87.8,72.0,15,54141.25,9.34,53342,56769276.84,2.33,24,Retail Store,UK,Yes,1
132,Samsung,3848,1,3.2,0,29,1,128,0.8,182,10,68,743,898,8192,12,4,13,0,1,Snapdragon,6153,IPS LCD,90,1,WiFi 5,5.3,Yes,Yes,Yes,Android,12.5,120,83.8,64.0,70.6,1709.53,Flagship,1576.46,9.84,Gamer,5.0,14356,87.0,100.0,74.3,20,74882.62,2.44,31192,42658927.81,6.72,36,Online Store,UK,No,0
133,Oppo,6801,1,2.3,0,7,1,128,0.4,193,6,41,2064,534,6144,7,2,20,0,1,Google Tensor,4121,OLED,90,0,WiFi 6,5.1,Yes,Yes,Yes,Android,17.1,45,77.8,48.2,83.2,1519.97,Flagship,1615.74,5.56,General User,4.76,5045,100.0,72.4,100.0,5,12830.32,6.87,44579,64370805.5,4.47,24,E-commerce Marketplace,Australia,Yes,1
134,Oppo,2558,0,1.1,0,29,1,512,0.4,101,10,13,252,2018,6144,19,7,20,1,0,Apple Bionic,4229,Super AMOLED,60,1,WiFi 6,5.1,Yes,Yes,Yes,Android,18.0,65,92.6,53.2,84.2,1871.19,Flagship,1826.66,0.8,Gamer,3.97,1755,82.9,89.7,63.3,15,10228.65,7.99,47367,75337758.22,4.0,12,Online Store,UK,Yes,0
135,OnePlus,5423,0,3.2,0,20,1,64,0.9,235,8,102,777,1996,4096,10,6,14,1,1,MediaTek Dimensity,4644,IPS LCD,144,0,WiFi 6E,5.3,Yes,Yes,No,Android,17.9,18,92.6,85.6,59.2,1374.44,Flagship,1562.65,4.67,General User,4.38,1776,80.4,100.0,70.7,5,140542.61,12.99,53224,69495534.83,9.8,36,E-commerce Marketplace,India,Yes,1
136,Oppo,3758,0,0.9,0,29,1,16,0.7,154,8,103,440,1887,6144,14,6,10,0,1,MediaTek Dimensity,3626,LCD,120,1,WiFi 6E,5.1,Yes,No,Yes,Android,13.3,33,86.4,93.1,77.6,1134.51,Premium,1235.16,9.42,Professional,4.78,162,91.4,100.0,88.2,15,26544.94,8.85,42080,40579153.68,6.61,12,E-commerce Marketplace,Australia,Yes,0
137,Xiaomi,5307,1,3.3,1,12,1,256,0.2,206,8,55,1989,594,8192,7,7,17,0,1,MediaTek Dimensity,5617,OLED,144,1,WiFi 6,5.1,No,Yes,Yes,Android,17.0,18,90.8,46.4,82.3,1710.18,Flagship,1482.0,8.53,Business User,4.59,6952,81.9,100.0,83.7,5,137331.95,9.27,49424,80297739.5,0.5,18,Telecom Partner,UAE,Yes,1
138,Vivo,4630,0,2.1,0,7,1,512,0.3,206,6,24,1550,1033,6144,17,7,7,0,1,Snapdragon,4289,OLED,120,1,WiFi 6,5.0,No,Yes,No,Android,18.0,18,84.2,73.6,89.5,1903.23,Flagship,1683.03,13.92,Professional,5.0,983,100.0,98.5,70.6,15,56650.41,3.24,28998,46911384.01,4.71,12,E-commerce Marketplace,Germany,No,0
139,Realme,5211,0,2.8,0,32,1,128,0.1,119,6,30,1196,2299,4096,7,8,5,1,0,Exynos,3526,AMOLED,90,1,WiFi 5,5.4,Yes,No,No,Android,18.8,33,88.8,65.4,86.3,1267.52,Flagship,1444.84,1.86,Professional,5.0,2724,100.0,93.1,69.4,20,39306.53,6.5,45088,45719953.41,7.9,24,Telecom Partner,UAE,Yes,1
140,Google,4467,1,1.3,1,24,1,128,1.0,96,8,7,584,991,2048,5,1,3,1,1,Exynos,2644,IPS LCD,144,1,WiFi 6,5.0,No,No,Yes,Android,16.2,33,87.0,62.8,72.0,1433.61,Flagship,1462.72,1.75,Professional,4.72,135,93.0,71.8,69.6,15,5407.34,11.21,43460,52958987.01,5.44,12,E-commerce Marketplace,Singapore,Yes,0
141,Apple,3219,0,3.4,1,29,1,64,0.4,182,6,49,2140,1719,4096,9,10,15,1,0,Apple Bionic,4343,IPS LCD,60,1,WiFi 5,5.4,Yes,Yes,Yes,iOS,17.2,18,80.5,70.8,81.2,1826.41,Flagship,2106.21,15.77,Professional,4.29,2657,87.7,77.3,66.2,10,44663.85,6.44,22422,36856588.52,7.26,12,E-commerce Marketplace,Germany,No,0
142,Oppo,6868,1,2.2,0,25,1,64,0.9,150,6,95,1487,1446,6144,7,4,4,0,0,Exynos,4468,Super AMOLED,144,1,WiFi 5,5.1,Yes,Yes,Yes,Android,13.5,120,100.0,84.6,80.8,1453.08,Flagship,1524.09,3.72,Business User,4.85,4101,100.0,89.1,67.4,15,15400.12,5.96,26158,32308216.64,4.09,18,E-commerce Marketplace,USA,No,1
143,Vivo,2905,1,0.9,1,13,1,64,0.8,115,6,106,586,1121,8192,15,1,12,0,0,Google Tensor,4502,Super AMOLED,120,1,WiFi 6E,5.2,No,Yes,Yes,Android,17.4,120,99.7,85.8,66.5,1695.5,Flagship,1833.29,6.53,Student,4.24,1891,83.2,81.2,50.6,20,15706.85,6.19,25894,35122621.6,5.89,24,Online Store,India,No,0
144,OnePlus,6138,1,1.1,0,21,1,128,0.8,191,8,62,1749,588,3072,6,5,12,0,0,Google Tensor,2741,AMOLED,90,1,WiFi 7,5.0,Yes,Yes,No,Android,13.2,120,83.8,51.7,71.1,1235.76,Flagship,1062.03,4.74,Business User,5.0,3815,100.0,100.0,66.8,0,58276.36,5.28,34874,43095894.24,6.23,36,Retail Store,Singapore,No,1
145,OnePlus,5237,0,2.3,1,14,1,256,0.9,187,4,84,283,2158,8192,13,10,4,0,1,MediaTek Dimensity,5279,IPS LCD,90,0,WiFi 6,5.1,No,Yes,No,Android,15.0,18,82.1,64.3,89.0,1706.5,Flagship,1965.56,7.12,Business User,4.97,925,100.0,100.0,71.5,5,169559.71,4.13,54534,88409157.45,9.44,12,Telecom Partner,Germany,Yes,1
146,Xiaomi,5754,1,0.9,0,10,1,128,0.4,131,6,15,1400,2274,6144,13,0,3,0,0,MediaTek Dimensity,4146,AMOLED,60,0,WiFi 6,5.4,Yes,Yes,Yes,Android,16.1,65,100.0,35.3,88.2,1161.2,Premium,1160.47,5.0,Professional,4.68,2542,100.0,100.0,75.7,10,16838.96,4.26,29131,30444225.48,0.5,18,E-commerce Marketplace,Australia,No,1
147,Oppo,3142,1,3.5,0,4,1,128,0.5,154,8,16,1386,1548,12288,18,9,18,0,0,Exynos,7895,AMOLED,120,0,WiFi 6,5.3,No,Yes,Yes,Android,16.1,25,87.4,52.9,83.4,1369.22,Flagship,1612.59,16.44,Student,4.51,2961,96.0,95.8,68.5,0,92112.35,4.0,32155,44027269.1,8.61,24,Retail Store,India,No,0
148,Samsung,4866,1,1.8,0,27,1,128,1.0,190,4,58,1075,1451,6144,12,4,7,0,0,Apple Bionic,3246,Super AMOLED,120,1,WiFi 6,5.2,Yes,No,No,Android,14.6,33,75.7,49.3,85.2,1519.62,Flagship,1651.45,14.79,Gamer,4.49,1938,92.1,48.3,62.6,0,92386.49,5.23,21894,33270560.28,4.96,18,Retail Store,India,No,1
149,Apple,5180,1,2.6,0,29,1,512,0.6,95,6,33,1422,651,4096,16,0,10,1,1,Apple Bionic,3471,OLED,90,1,WiFi 6E,5.1,No,Yes,Yes,iOS,18.4,80,88.9,36.9,85.0,2256.09,Flagship,2643.5,4.46,Gamer,4.51,5577,90.0,87.8,61.5,25,68368.4,8.88,35921,60780756.67,5.09,18,Online Store,Australia,Yes,2
150,Motorola,3877,0,2.0,0,13,1,64,0.4,184,10,77,1709,817,12288,7,9,3,0,0,MediaTek Dimensity,6839,AMOLED,120,1,WiFi 6,5.2,Yes,Yes,No,Android,18.2,33,87.8,74.0,90.5,1696.3,Flagship,1947.62,11.02,Student,4.63,381,100.0,100.0,100.0,10,185788.23,8.54,47566,72617585.22,2.97,24,Telecom Partner,Germany,Yes,2
151,Apple,5530,0,2.8,1,32,1,256,0.2,204,6,93,1552,748,3072,5,0,3,1,1,Google Tensor,3796,LCD,90,1,WiFi 6,5.3,Yes,No,No,iOS,18.8,120,87.5,92.7,72.3,2145.0,Flagship,2521.17,14.56,Business User,4.99,15522,99.9,97.7,85.0,10,115092.01,9.39,36335,70144717.5,5.22,36,Online Store,Singapore,Yes,1
152,OnePlus,6264,1,1.8,0,16,1,256,0.6,86,4,86,1563,2142,4096,13,10,8,0,0,Snapdragon,3566,AMOLED,120,1,WiFi 6,5.2,Yes,Yes,Yes,Android,12.7,80,100.0,79.0,79.6,1501.59,Flagship,1713.46,15.59,General User,4.59,807,96.9,78.0,86.9,10,173987.32,3.09,40410,54611326.71,6.42,36,Retail Store,Singapore,Yes,1
153,Motorola,3613,0,2.0,1,25,1,256,0.3,206,4,33,1612,603,6144,13,9,7,1,0,Google Tensor,4091,OLED,60,1,WiFi 5,5.2,Yes,Yes,Yes,Android,17.2,33,76.6,85.5,84.5,1617.24,Flagship,1490.09,10.36,General User,5.0,7828,100.0,81.8,74.6,0,735696.0,9.74,74178,119963628.7,4.92,18,Online Store,Singapore,Yes,0
154,Realme,3356,0,1.5,1,19,1,256,0.3,219,8,26,1227,2075,8192,9,3,15,0,0,Apple Bionic,4889,IPS LCD,120,1,WiFi 5,5.2,No,Yes,Yes,Android,15.1,120,90.9,64.1,65.8,1718.85,Flagship,1762.09,8.79,General User,3.67,389,79.6,69.0,58.2,10,60096.72,2.17,9977,15434069.8,4.89,24,Telecom Partner,Australia,No,0
155,Realme,3446,1,1.5,1,19,1,64,0.3,216,8,76,1899,2276,4096,16,5,4,0,0,Apple Bionic,4281,IPS LCD,60,1,WiFi 6,5.3,Yes,No,Yes,Android,15.6,120,92.9,50.7,88.4,1304.6,Flagship,1423.27,7.87,Student,4.5,7342,87.4,64.3,73.5,0,64724.01,6.8,36287,47340020.2,5.1,36,Telecom Partner,USA,Yes,0
156,Apple,3542,0,2.3,1,18,1,256,0.1,198,10,71,626,1396,8192,16,4,4,1,1,Snapdragon,5458,LCD,60,1,WiFi 7,5.2,Yes,Yes,No,iOS,17.7,18,81.0,69.6,72.6,1988.43,Flagship,2241.81,16.46,Business User,4.3,12255,89.1,73.2,36.9,20,18674.35,2.93,29306,46618343.66,1.64,12,Retail Store,Singapore,No,2
157,Xiaomi,4053,0,2.5,0,9,1,64,0.5,226,6,86,1611,2151,8192,14,2,8,1,1,Google Tensor,5276,LCD,120,1,WiFi 5,5.1,No,Yes,Yes,Android,13.8,80,100.0,93.2,92.3,1652.22,Flagship,1671.71,7.17,General User,4.37,1992,86.3,94.6,60.6,15,61946.14,1.26,18968,26638412.62,5.69,12,E-commerce Marketplace,India,No,0
158,Oppo,5794,1,2.2,0,10,1,16,1.0,169,10,10,1780,744,12288,10,3,15,1,1,Exynos,7259,AMOLED,60,1,WiFi 6,5.2,Yes,Yes,No,Android,16.2,65,99.5,46.3,100.0,1363.81,Flagship,1236.87,6.53,Professional,4.17,1744,79.5,78.6,68.4,10,16716.72,8.76,28262,34689598.4,3.04,36,Online Store,UAE,No,1
159,Motorola,5316,0,1.6,1,6,1,64,0.5,198,4,105,1441,768,8192,16,2,15,1,1,MediaTek Dimensity,3939,AMOLED,90,1,WiFi 6E,5.2,Yes,Yes,Yes,Android,14.6,45,86.9,82.8,96.5,1401.46,Flagship,1500.26,16.11,General User,5.0,2425,100.0,80.5,51.2,0,167221.67,7.07,34932,48955800.72,2.93,18,Telecom Partner,Australia,No,1
160,OnePlus,4565,0,1.1,0,19,1,128,0.3,84,6,104,427,1230,8192,15,4,16,0,0,Apple Bionic,4615,IPS LCD,60,1,WiFi 5,5.2,No,Yes,Yes,Android,18.5,45,79.3,86.0,62.5,1723.96,Flagship,1792.24,9.24,Business User,4.78,283,96.9,100.0,95.6,15,10276.0,3.96,35356,51809480.3,8.36,12,Retail Store,India,Yes,2
161,Vivo,4156,1,3.4,1,26,1,16,1.0,191,6,53,1957,1337,4096,11,11,4,0,1,Snapdragon,4659,AMOLED,90,0,WiFi 6,5.0,Yes,No,Yes,Android,16.5,25,77.0,33.8,85.9,1155.26,Premium,1015.52,1.32,Student,4.5,713,84.1,86.7,76.5,10,71842.63,10.37,52458,54542366.17,2.24,12,Online Store,Singapore,Yes,0
162,Google,6481,0,1.7,0,27,1,128,0.2,107,8,22,149,898,8192,17,9,13,1,0,Apple Bionic,4649,OLED,90,1,WiFi 6,5.2,No,Yes,Yes,Android,16.2,80,79.3,34.3,68.6,1278.87,Flagship,1228.52,12.85,Professional,4.51,538,92.8,72.7,65.6,25,40406.53,6.01,39645,38025600.86,4.43,24,Retail Store,UK,Yes,1
163,Motorola,3478,1,1.7,0,4,1,64,0.7,223,4,87,1262,557,16384,7,0,16,0,0,Apple Bionic,6921,AMOLED,144,1,WiFi 6E,5.3,Yes,No,Yes,Android,15.4,33,75.2,86.6,70.8,1934.64,Flagship,1698.17,13.15,Business User,4.59,503,91.4,100.0,88.1,5,17171.65,3.41,38753,71224448.72,2.81,12,E-commerce Marketplace,UAE,Yes,2
164,Motorola,6000,0,3.1,1,1,1,128,0.3,95,10,94,965,927,6144,18,7,19,1,1,MediaTek Dimensity,5542,Super AMOLED,60,1,WiFi 5,5.3,No,Yes,Yes,Android,12.6,33,85.2,100.0,69.5,1505.03,Flagship,1609.96,8.48,Business User,4.73,634,89.9,84.3,71.3,20,18617.99,6.29,28509,34325520.22,2.56,12,Retail Store,Singapore,No,1
165,Motorola,2723,1,2.4,1,28,1,32,0.4,144,10,92,1539,639,8192,19,1,16,0,1,Exynos,6047,IPS LCD,90,1,WiFi 6,5.2,No,No,Yes,Android,13.3,25,82.4,96.1,76.4,1592.94,Flagship,1527.79,0.38,Business User,4.44,3419,95.7,75.9,71.3,25,35012.67,12.78,43968,52528789.44,3.67,12,Online Store,Germany,Yes,0
166,Oppo,6672,0,1.1,1,2,1,128,0.2,221,6,45,1431,2298,6144,15,10,16,0,0,Snapdragon,3417,IPS LCD,120,1,WiFi 6E,5.4,No,No,Yes,Android,17.2,65,90.8,71.3,71.1,1392.56,Flagship,1179.86,3.5,Student,4.56,3681,88.0,100.0,54.4,20,11649.51,5.14,21871,24365343.81,5.24,36,Online Store,USA,No,1
167,OnePlus,6641,1,1.4,0,27,1,256,0.7,93,4,77,927,2256,16384,15,8,12,1,1,Apple Bionic,6657,Super AMOLED,60,1,WiFi 6,5.3,No,Yes,No,Android,15.7,120,80.0,92.8,87.9,2253.67,Flagship,2162.09,0.1,Business User,4.46,874,90.9,91.4,66.9,10,103214.89,7.19,41440,84052876.32,5.05,24,Telecom Partner,India,Yes,2
168,Oppo,4214,1,1.1,0,20,1,256,0.2,226,8,60,1019,2252,16384,14,6,16,0,1,MediaTek Dimensity,7887,OLED,60,1,WiFi 6,5.3,Yes,Yes,Yes,Android,17.0,120,82.1,77.4,82.3,1930.79,Flagship,2275.92,19.75,Business User,4.91,891,93.0,85.7,84.3,5,133136.13,7.84,37610,68986161.3,0.77,18,Retail Store,India,Yes,2
169,Vivo,4806,1,1.3,0,23,1,32,0.3,219,8,6,420,1743,3072,15,3,5,1,1,MediaTek Dimensity,2867,IPS LCD,144,1,WiFi 7,5.1,No,Yes,Yes,Android,16.9,33,93.4,46.4,70.6,1237.7,Flagship,1202.12,10.26,Business User,4.51,10480,100.0,100.0,100.0,10,17736.3,6.73,49032,54618215.76,1.14,18,E-commerce Marketplace,India,Yes,0
170,Realme,4669,0,1.9,0,15,1,64,0.7,194,8,96,1510,857,6144,10,1,15,1,0,Snapdragon,3347,AMOLED,144,1,WiFi 6,5.3,Yes,Yes,Yes,Android,12.0,45,87.4,98.2,73.6,1547.69,Flagship,1353.81,2.28,Gamer,4.56,1507,100.0,100.0,82.4,10,38783.73,10.38,35911,50021186.03,2.21,12,Telecom Partner,Germany,Yes,0
171,Oppo,5076,1,2.2,0,17,1,512,0.2,162,6,97,843,2149,6144,9,8,3,1,1,Google Tensor,3903,LCD,60,0,WiFi 6,5.0,No,No,Yes,Android,14.8,18,95.4,71.6,67.0,2123.71,Flagship,1816.95,4.61,Business User,4.55,530,93.3,100.0,78.5,10,50680.67,9.06,35448,67753144.87,4.29,24,Telecom Partner,Germany,Yes,2
172,Google,2925,1,2.2,0,1,1,128,0.8,225,4,5,1003,873,8192,9,5,19,1,1,Google Tensor,4813,OLED,144,1,WiFi 6E,5.4,Yes,No,Yes,Android,17.1,45,87.7,50.0,92.0,1672.96,Flagship,1921.02,6.28,Business User,4.44,536,85.2,100.0,83.8,10,129417.08,5.5,38140,57426024.96,2.89,36,Online Store,USA,Yes,0
173,Xiaomi,6439,1,1.4,1,8,1,256,0.8,137,4,61,2111,1706,6144,18,2,14,1,0,Google Tensor,3634,OLED,90,1,WiFi 6E,5.0,No,Yes,Yes,Android,15.8,80,83.8,55.5,87.0,1632.28,Flagship,1731.67,11.3,Professional,4.7,2887,92.6,89.5,70.8,15,72393.31,13.92,47172,65448225.34,3.53,24,Telecom Partner,Australia,Yes,1
174,Xiaomi,6336,0,1.3,0,32,1,128,0.3,126,6,59,848,1357,8192,10,9,2,0,0,Exynos,4031,LCD,144,1,WiFi 5,5.0,Yes,Yes,No,Android,16.6,25,89.6,92.1,74.3,1720.89,Flagship,1837.84,8.67,General User,4.68,972,92.9,63.4,90.1,5,54595.77,6.53,42798,69968117.71,6.8,12,Online Store,Australia,Yes,1
175,Oppo,6310,0,2.5,0,15,1,128,0.8,115,10,18,1579,550,6144,10,9,7,0,1,MediaTek Dimensity,5239,OLED,144,1,WiFi 7,5.4,Yes,Yes,Yes,Android,17.7,80,91.2,67.0,100.0,1768.93,Flagship,1629.54,15.35,Student,4.47,4303,95.3,71.3,72.8,5,30996.49,4.1,42255,71008830.29,9.42,12,Telecom Partner,India,Yes,1
176,Vivo,5594,0,1.1,0,11,0,128,0.6,136,8,16,544,1251,12288,12,0,19,0,0,MediaTek Dimensity,6127,Super AMOLED,60,1,WiFi 6E,5.3,Yes,Yes,Yes,Android,17.4,120,92.8,30.6,84.2,1642.81,Flagship,1502.74,11.61,Business User,4.31,740,79.0,94.7,73.0,15,49613.82,7.88,20038,27980832.76,7.7,18,Telecom Partner,India,No,2
177,Motorola,5934,0,0.9,1,3,1,128,0.6,231,4,28,845,2033,12288,16,0,5,1,0,Apple Bionic,5161,IPS LCD,60,1,WiFi 5,5.1,Yes,Yes,Yes,Android,18.1,33,83.3,55.3,55.7,1559.72,Flagship,1442.8,7.44,Student,4.53,789,83.4,90.3,83.2,15,123696.17,4.6,43343,57462502.37,6.36,36,E-commerce Marketplace,Germany,Yes,2
178,OnePlus,3900,1,1.7,0,29,1,64,0.6,205,10,34,1536,1598,4096,11,5,20,1,0,Apple Bionic,3666,LCD,120,0,WiFi 6,5.2,Yes,Yes,Yes,Android,18.1,25,90.6,43.9,83.4,1025.72,Premium,934.74,9.37,Gamer,3.86,963,79.8,88.0,70.7,0,83871.15,12.0,43067,44174683.24,3.67,12,Telecom Partner,Germany,Yes,0
179,Vivo,5849,1,2.6,1,14,1,256,0.3,216,8,61,672,877,8192,8,10,3,1,0,Exynos,5598,AMOLED,144,1,WiFi 6,5.3,No,No,Yes,Android,12.0,80,93.3,56.4,90.6,1998.05,Flagship,1651.84,6.79,Business User,4.53,558,83.9,90.1,74.8,0,99298.99,12.31,49003,97910444.15,5.06,18,Retail Store,Singapore,Yes,2
180,Samsung,4849,0,1.4,0,23,1,128,0.7,207,10,44,810,862,6144,18,1,11,0,0,Google Tensor,4297,AMOLED,120,0,WiFi 5,5.0,No,Yes,Yes,Android,12.2,80,80.4,57.0,98.3,1289.27,Flagship,1337.84,12.86,Professional,4.01,396,84.6,100.0,74.0,20,96607.34,7.0,40618,41894055.09,0.98,24,Online Store,UK,Yes,1
181,Samsung,3428,1,0.8,1,5,1,256,0.6,88,10,13,1295,1011,8192,19,4,11,0,0,Snapdragon,5044,OLED,144,1,WiFi 6E,5.1,Yes,Yes,Yes,Android,17.3,80,87.4,53.9,75.9,1871.84,Flagship,1717.09,12.05,General User,4.41,704,85.4,95.6,85.8,10,180243.38,11.96,62880,105931169.3,1.49,24,E-commerce Marketplace,India,Yes,2
182,Realme,5962,0,2.7,0,6,1,256,0.7,167,10,96,1640,1665,16384,14,2,4,0,0,MediaTek Dimensity,9191,Super AMOLED,90,1,WiFi 7,5.0,Yes,Yes,Yes,Android,13.3,25,83.7,84.4,78.9,2136.14,Flagship,1803.47,8.25,Professional,4.23,638,87.6,76.5,66.6,15,46265.1,0.1,14251,25875811.47,2.05,36,Retail Store,Singapore,No,2
183,OnePlus,2652,1,2.1,1,27,1,512,0.5,235,10,5,2032,1408,8192,11,7,3,0,1,MediaTek Dimensity,5142,LCD,90,1,WiFi 7,5.1,Yes,Yes,Yes,Android,16.2,33,89.7,38.8,83.6,2034.46,Flagship,1858.09,6.56,Business User,3.75,4025,67.3,100.0,59.9,5,311251.52,4.38,36041,69657774.22,0.5,36,E-commerce Marketplace,Australia,Yes,2
184,Oppo,2553,0,3.2,0,27,0,128,0.4,157,6,84,179,884,8192,13,6,3,0,0,Google Tensor,5043,OLED,120,1,WiFi 5,5.3,No,Yes,Yes,Android,15.3,45,87.7,68.5,92.2,1641.49,Flagship,1866.55,5.53,General User,4.09,353,91.9,68.7,89.7,15,12869.94,4.45,26558,37055487.71,9.19,18,Online Store,USA,No,0
185,Apple,6170,1,1.4,0,12,1,128,0.8,203,4,31,377,1006,12288,11,1,2,1,1,Exynos,4803,Super AMOLED,90,1,WiFi 6E,5.1,Yes,Yes,Yes,iOS,17.8,18,82.9,54.0,88.6,2091.43,Flagship,2102.49,17.04,Student,5.0,420,100.0,100.0,71.0,15,68221.74,9.42,37135,66015465.09,6.57,36,Online Store,Singapore,Yes,2
186,Google,4273,0,2.8,1,3,1,128,0.3,86,10,77,226,825,3072,9,11,14,1,0,Snapdragon,4832,OLED,90,0,WiFi 6,5.1,Yes,No,Yes,Android,13.3,45,95.3,70.1,82.5,1095.77,Premium,1119.67,11.74,General User,5.0,872,88.8,100.0,70.2,10,39816.65,8.63,22341,22032537.81,4.83,12,Online Store,USA,No,0
187,OnePlus,6220,0,0.9,1,7,1,128,0.6,167,10,84,1723,787,6144,6,3,6,0,0,Snapdragon,4677,AMOLED,90,1,WiFi 6,5.2,No,Yes,No,Android,14.1,45,76.4,100.0,77.6,1530.86,Flagship,1768.55,10.98,Gamer,5.0,1140,100.0,86.6,81.4,0,50680.67,8.03,28234,43222301.24,0.5,24,E-commerce Marketplace,Australia,No,1
188,OnePlus,6605,1,2.9,1,31,1,16,0.1,203,6,96,1045,1209,4096,9,7,4,1,1,MediaTek Dimensity,4116,Super AMOLED,90,1,WiFi 6E,5.0,No,Yes,Yes,Android,15.8,18,100.0,85.1,83.2,928.99,Premium,846.65,1.73,Business User,5.0,164,100.0,63.0,70.0,25,189890.49,9.05,55329,38550065.78,0.5,12,E-commerce Marketplace,Singapore,Yes,1
189,Google,5067,1,3.5,1,7,1,32,0.2,91,10,61,358,544,4096,7,3,5,0,0,Exynos,4884,IPS LCD,60,1,WiFi 6,5.3,Yes,Yes,Yes,Android,14.6,45,78.6,80.1,84.9,1369.46,Flagship,1464.31,6.52,Business User,4.3,1541,85.6,80.1,82.4,25,67355.65,8.4,42946,44109621.87,8.2,36,Telecom Partner,USA,Yes,1
190,Motorola,6940,0,1.4,0,5,1,64,0.4,188,4,48,157,1370,8192,14,4,11,0,1,Exynos,4106,LCD,60,0,WiFi 6E,5.3,No,Yes,No,Android,15.5,25,93.8,72.2,69.5,1256.94,Flagship,1285.46,12.56,Business User,4.82,1371,98.0,95.4,68.2,20,11711.29,11.1,41303,41532314.26,5.25,12,Online Store,India,Yes,1
191,Motorola,4808,1,3.1,1,14,1,256,0.4,192,10,40,756,1947,6144,17,8,12,0,1,Snapdragon,5033,Super AMOLED,120,1,WiFi 5,5.3,Yes,Yes,Yes,Android,18.4,45,85.9,72.5,96.6,1574.3,Flagship,1526.83,9.84,Professional,5.0,1017,96.3,100.0,72.6,0,200764.13,7.41,35980,56643314.0,5.69,36,Telecom Partner,Australia,Yes,1
192,Google,6061,0,1.0,0,12,1,32,0.7,175,8,53,912,2050,6144,18,10,2,1,1,Snapdragon,4137,Super AMOLED,120,1,WiFi 7,5.4,No,Yes,Yes,Android,18.1,33,86.5,80.4,88.2,1095.15,Premium,1166.36,8.73,Professional,5.0,4369,88.1,96.9,68.3,10,28126.59,4.77,35264,34757432.64,2.22,36,E-commerce Marketplace,Germany,Yes,1
193,Samsung,4644,0,3.3,1,28,0,512,0.3,80,8,44,1139,858,8192,10,9,3,1,1,MediaTek Dimensity,5661,AMOLED,120,1,WiFi 6,5.1,Yes,Yes,Yes,Android,12.1,25,97.1,52.7,100.0,2002.75,Flagship,2317.07,16.91,General User,4.54,357,80.5,100.0,79.2,5,77705.05,6.67,36578,69593760.02,7.68,36,Retail Store,Australia,Yes,2
194,Oppo,5632,0,1.4,1,5,1,128,0.7,211,8,69,1195,1064,8192,18,3,10,0,1,Apple Bionic,4899,Super AMOLED,144,1,WiFi 5,5.0,Yes,No,Yes,Android,18.7,80,78.1,56.2,96.8,1534.3,Flagship,1563.61,7.88,General User,5.0,1952,91.5,83.7,89.2,10,78435.34,11.81,42438,58601361.06,0.5,12,Retail Store,Australia,Yes,1
195,Realme,6637,1,1.2,0,6,1,16,0.9,133,6,43,1865,1946,4096,14,11,6,0,0,Google Tensor,2440,LCD,144,1,WiFi 6,5.0,No,Yes,No,Android,18.9,80,95.2,64.0,84.7,1405.34,Flagship,1318.62,6.38,Gamer,4.85,1832,100.0,89.9,75.9,10,90682.07,6.22,34264,43337312.78,11.86,24,Online Store,UAE,No,1
196,Oppo,6583,1,0.9,0,30,1,256,0.1,173,4,75,1277,2380,8192,19,3,17,0,1,MediaTek Dimensity,4022,Super AMOLED,60,1,WiFi 5,5.0,Yes,Yes,Yes,Android,14.1,25,91.8,58.8,73.3,1428.36,Flagship,1609.9,8.25,Professional,5.0,1698,99.8,100.0,97.5,5,10578.81,8.21,39777,53975081.93,1.09,12,Telecom Partner,USA,Yes,1
197,Google,6883,0,2.1,1,23,1,64,0.7,204,6,70,1266,1097,4096,19,7,16,1,1,Exynos,3126,LCD,120,1,WiFi 6,5.4,Yes,Yes,Yes,Android,14.2,18,92.2,88.7,66.6,1231.84,Flagship,1411.75,7.18,Business User,4.15,235,89.9,79.9,61.9,0,40165.33,8.09,34679,42718979.36,0.73,24,Retail Store,Germany,No,1
198,OnePlus,6110,1,1.5,0,12,1,128,0.9,100,4,64,637,1774,12288,14,6,8,1,0,Google Tensor,5548,IPS LCD,144,1,WiFi 5,5.1,No,Yes,Yes,Android,14.9,33,91.7,59.3,100.0,1518.86,Flagship,1283.1,8.86,Business User,4.56,17261,97.1,96.3,79.8,25,61507.91,2.05,31790,36213419.55,7.55,18,E-commerce Marketplace,Singapore,No,2
199,Motorola,3162,1,1.2,1,14,0,32,0.5,119,8,12,599,1576,8192,17,6,13,1,1,Exynos,4278,LCD,144,0,WiFi 5,5.2,Yes,Yes,Yes,Android,13.8,33,84.3,20.0,76.1,1406.29,Flagship,1350.39,12.18,General User,3.72,594,81.4,67.4,60.8,0,101758.13,7.52,28844,40563028.76,5.17,36,E-commerce Marketplace,Singapore,No,0
200,Motorola,3831,1,3.1,1,6,1,128,0.2,154,4,59,575,2191,2048,14,11,5,1,1,Apple Bionic,3580,OLED,60,1,WiFi 6,5.0,Yes,Yes,Yes,Android,13.2,45,78.3,55.8,85.4,1048.87,Premium,1036.59,13.55,Professional,4.22,1831,92.0,71.4,79.7,15,40887.42,1.61,10349,9226542.29,8.77,12,E-commerce Marketplace,Singapore,No,0
201,Oppo,4754,1,1.7,0,9,1,256,0.4,190,6,47,956,1162,3072,13,3,15,0,1,MediaTek Dimensity,2280,AMOLED,60,1,WiFi 6E,5.2,No,Yes,Yes,Android,12.4,80,83.9,36.8,79.2,1362.59,Flagship,1597.07,5.76,Professional,4.49,1935,92.6,49.0,75.0,0,120460.03,10.55,41425,56445290.75,0.67,24,Retail Store,UAE,Yes,0
202,Vivo,3681,1,1.0,0,20,1,128,1.0,233,8,65,1713,587,4096,18,11,4,1,0,Exynos,3101,AMOLED,90,1,WiFi 6,5.2,Yes,Yes,Yes,Android,17.3,18,100.0,64.7,78.4,1368.46,Flagship,1174.22,6.35,Business User,4.48,8721,90.9,71.0,67.8,20,21446.76,8.66,41260,45170127.68,0.66,18,Telecom Partner,Australia,Yes,0
203,Motorola,5989,0,1.7,1,2,1,256,0.6,222,4,26,1633,2228,12288,15,3,11,0,1,Exynos,5950,IPS LCD,60,0,WiFi 5,5.0,Yes,Yes,Yes,Android,12.8,25,85.2,76.4,74.0,1737.87,Flagship,1831.17,11.37,Student,4.74,4120,98.8,81.5,69.9,15,22492.02,9.14,47643,70377739.35,8.91,12,Retail Store,India,Yes,2
204,OnePlus,3255,0,2.2,1,26,1,64,1.0,145,6,5,1808,2106,8192,15,8,10,1,0,Snapdragon,4886,IPS LCD,120,1,WiFi 5,5.3,No,Yes,Yes,Android,17.5,120,87.5,46.9,69.9,1541.07,Flagship,1343.18,3.42,Professional,5.0,342,100.0,76.2,65.4,20,34096.1,7.96,46589,57437528.18,5.85,12,Telecom Partner,Germany,Yes,0
205,Xiaomi,2768,0,0.8,1,11,1,256,0.3,185,6,24,1219,2282,8192,12,1,3,1,1,Exynos,4220,LCD,60,1,WiFi 6E,5.0,Yes,Yes,Yes,Android,12.8,33,88.9,53.5,75.2,1316.42,Flagship,1194.04,8.94,Professional,4.23,1216,88.5,100.0,56.5,5,36682.5,1.04,37320,46672354.68,6.31,18,E-commerce Marketplace,India,Yes,0
206,Apple,6671,1,2.2,0,25,1,256,0.7,183,4,9,1249,1045,6144,15,2,15,1,0,Snapdragon,4231,Super AMOLED,144,1,WiFi 6,5.1,No,Yes,No,iOS,18.9,25,81.7,36.6,88.1,2067.76,Flagship,1926.17,15.96,General User,5.0,1374,100.0,82.7,79.2,0,74506.09,12.28,42167,87191235.92,7.03,36,E-commerce Marketplace,Australia,Yes,1
207,Samsung,3691,0,1.9,1,28,1,64,0.7,214,6,40,411,902,16384,9,6,16,1,1,Apple Bionic,7762,OLED,60,1,WiFi 6E,5.2,Yes,No,Yes,Android,18.6,25,89.9,69.7,97.7,1925.53,Flagship,1833.34,10.76,Gamer,4.73,11995,92.2,83.0,68.7,10,94404.94,5.86,28759,49838685.54,7.95,24,Telecom Partner,UK,No,2
208,Motorola,3882,1,2.8,1,8,1,256,0.2,217,10,9,936,1915,8192,7,5,20,0,0,Exynos,5707,OLED,144,1,WiFi 6,5.3,No,No,Yes,Android,18.9,65,85.0,24.1,81.5,1738.64,Flagship,1966.4,0.1,Professional,4.21,2540,91.8,60.7,58.2,0,22220.78,7.38,39978,69507349.92,4.9,12,Online Store,USA,Yes,0
209,Samsung,3392,1,2.4,0,3,1,128,0.6,167,8,92,1315,823,4096,17,0,12,0,0,Apple Bionic,4626,AMOLED,90,1,WiFi 6,5.2,No,Yes,No,Android,17.0,33,94.1,85.3,87.9,1171.23,Premium,1153.62,17.97,Business User,4.4,2896,87.5,100.0,74.2,25,85962.38,5.86,27341,24016949.57,5.45,36,E-commerce Marketplace,UK,No,0
210,Apple,6104,0,2.9,1,11,1,128,0.9,149,10,15,2199,2356,6144,14,8,13,1,0,Snapdragon,5493,AMOLED,60,1,WiFi 6,5.0,Yes,Yes,Yes,iOS,18.3,120,72.8,51.1,80.1,1571.09,Flagship,1692.89,8.47,Gamer,5.0,6078,95.0,99.4,63.1,10,93924.73,9.52,32640,46152339.84,1.85,12,Online Store,USA,No,1
211,Motorola,4981,1,0.8,1,27,0,128,0.4,223,8,28,407,777,16384,19,11,9,0,0,Google Tensor,7103,LCD,90,1,WiFi 5,5.3,Yes,Yes,Yes,Android,14.2,80,88.3,61.1,68.0,2035.39,Flagship,1826.51,1.9,Student,4.56,1808,98.8,80.5,78.6,0,31613.83,9.61,47177,96023594.03,9.57,12,E-commerce Marketplace,UAE,Yes,2
212,OnePlus,4092,0,1.6,1,18,0,64,0.9,173,10,38,2080,1965,6144,15,5,20,1,0,Exynos,4927,OLED,60,1,WiFi 6E,5.2,No,Yes,No,Android,14.3,45,71.8,53.4,80.3,1172.82,Premium,1383.17,1.4,Professional,3.58,410,72.6,91.7,67.6,20,110764.7,9.37,34444,32317289.66,6.09,12,E-commerce Marketplace,Germany,No,0
213,Xiaomi,4155,0,3.1,0,0,1,128,0.4,194,4,91,1518,1574,8192,13,9,4,1,1,Apple Bionic,4223,AMOLED,144,1,WiFi 6,5.0,Yes,Yes,Yes,Android,16.0,33,82.6,100.0,84.6,1839.54,Flagship,1887.33,4.32,General User,4.3,972,82.6,83.4,51.5,0,43994.2,0.1,29695,54625140.3,0.5,12,Telecom Partner,India,No,2
214,OnePlus,6356,0,2.0,1,23,1,256,0.2,98,8,100,1406,923,8192,15,8,7,1,0,Google Tensor,5510,IPS LCD,90,1,WiFi 6,5.2,Yes,Yes,Yes,Android,18.8,45,88.4,77.6,81.6,1740.37,Flagship,1496.25,4.71,General User,5.0,543,90.1,100.0,76.9,10,76454.11,8.25,52639,82450202.79,3.99,18,E-commerce Marketplace,Singapore,Yes,1
215,Apple,3114,1,2.3,0,25,1,128,0.6,172,10,64,1213,577,12288,15,10,6,0,1,Google Tensor,6953,IPS LCD,120,1,WiFi 5,5.4,No,No,Yes,iOS,16.7,18,86.9,51.2,73.8,2380.98,Flagship,2185.15,17.34,Business User,4.73,1105,81.9,78.1,62.5,0,50680.67,4.06,27889,66403151.22,0.5,12,E-commerce Marketplace,Singapore,No,2
216,OnePlus,3713,0,2.8,1,10,1,128,1.0,171,6,71,945,1249,4096,15,4,12,1,0,MediaTek Dimensity,3790,LCD,90,0,WiFi 5,5.4,No,Yes,Yes,Android,14.5,45,82.1,92.2,72.1,1394.12,Flagship,1145.87,3.41,Business User,4.64,356,86.8,93.5,78.9,10,23348.21,5.99,32572,40868348.98,0.65,12,E-commerce Marketplace,UAE,No,0
217,OnePlus,2750,0,3.5,1,3,1,128,0.5,204,4,30,1195,648,8192,12,7,18,0,0,MediaTek Dimensity,5674,Super AMOLED,144,1,WiFi 6,5.3,Yes,No,Yes,Android,12.0,33,98.5,58.9,89.5,1777.93,Flagship,1499.5,8.43,Business User,4.16,497,83.1,99.9,60.8,20,60679.36,5.15,26169,37221320.14,3.52,24,Retail Store,UK,No,0
218,Xiaomi,5231,1,1.4,1,13,1,32,0.5,237,4,93,788,2314,4096,8,5,16,0,1,Apple Bionic,2683,Super AMOLED,90,0,WiFi 6,5.4,Yes,Yes,Yes,Android,16.0,80,87.0,91.8,82.6,1126.06,Premium,1067.43,0.1,Gamer,4.37,1768,93.0,93.6,75.8,15,76193.87,7.64,45426,43479541.33,2.39,36,Retail Store,USA,Yes,1
219,Realme,6797,1,2.4,0,22,1,128,0.3,105,6,13,1943,882,8192,16,8,14,0,1,Snapdragon,4754,Super AMOLED,90,1,WiFi 5,5.4,Yes,Yes,Yes,Android,18.8,65,84.8,37.9,100.0,1547.34,Flagship,1571.71,7.06,Student,5.0,2047,100.0,88.4,77.1,10,43973.1,5.07,23163,32256932.78,0.5,24,Online Store,Germany,No,1
220,Google,2893,0,2.9,0,30,1,32,0.6,211,4,92,2119,2298,8192,13,10,9,1,1,Exynos,4628,AMOLED,120,0,WiFi 7,5.2,Yes,No,Yes,Android,15.5,45,81.5,78.4,80.0,1436.7,Flagship,1442.6,8.62,Gamer,4.49,13777,89.5,82.6,39.4,5,89036.1,3.79,19580,26724056.7,1.94,24,Online Store,USA,No,0
221,Vivo,5272,1,0.8,1,18,1,64,0.9,91,4,13,1252,1807,12288,16,0,13,1,0,Exynos,5225,LCD,144,1,WiFi 6,5.3,Yes,Yes,Yes,Android,15.7,45,78.8,39.9,69.6,1553.28,Flagship,1368.01,4.92,Student,4.6,464,100.0,87.7,86.1,5,57146.1,4.01,35179,51910695.26,3.38,18,Retail Store,India,Yes,2
222,OnePlus,6114,1,2.3,0,26,1,128,0.8,223,8,14,580,1613,6144,12,3,16,1,1,Google Tensor,5475,LCD,144,1,WiFi 6,5.1,Yes,Yes,No,Android,18.8,45,83.8,63.2,85.3,1462.63,Flagship,1398.97,3.7,Professional,5.0,971,96.9,70.1,85.1,0,232398.11,2.75,48717,71254945.71,8.13,24,Retail Store,UAE,Yes,1
223,Samsung,3237,1,2.2,1,14,1,128,0.3,143,8,8,1555,1678,16384,13,4,20,1,1,Exynos,7531,Super AMOLED,60,1,WiFi 6,5.3,No,Yes,Yes,Android,18.5,33,86.5,61.5,92.3,1802.8,Flagship,2061.36,11.52,Gamer,4.91,2674,100.0,87.9,54.6,15,68086.78,9.25,30164,46222710.32,2.13,18,Online Store,Germany,No,2
224,Apple,6924,1,1.3,1,27,1,128,1.0,86,8,17,2162,2062,8192,12,6,8,1,1,Snapdragon,4318,OLED,120,1,WiFi 6,5.1,Yes,Yes,No,iOS,19.4,120,84.8,50.0,86.7,2113.77,Flagship,2300.04,10.53,Professional,3.68,3976,67.4,98.6,34.2,5,138471.76,6.33,11201,22492520.88,12.57,18,Retail Store,UAE,No,2
225,Motorola,3243,1,1.1,1,14,1,512,0.2,120,8,96,1276,1673,4096,17,9,8,0,1,Google Tensor,3658,IPS LCD,120,1,WiFi 7,5.3,Yes,No,Yes,Android,18.9,120,79.0,91.7,98.3,2065.0,Flagship,2069.71,7.62,Gamer,5.0,164,98.9,100.0,78.0,10,35731.93,10.05,39095,72658057.5,5.31,12,Online Store,Germany,Yes,0
226,Samsung,4234,1,1.8,1,25,1,16,0.7,190,8,46,1544,1873,8192,13,5,16,0,1,Snapdragon,5880,Super AMOLED,120,1,WiFi 7,5.2,No,No,Yes,Android,14.2,65,79.9,32.0,82.0,1309.59,Flagship,1331.01,22.62,Gamer,3.79,1545,67.6,82.7,65.0,15,119687.31,5.99,49819,55456094.58,2.96,24,Online Store,UAE,Yes,0
227,Apple,4591,1,2.6,1,29,1,128,0.6,178,8,18,141,559,8192,18,10,12,0,0,Snapdragon,5335,IPS LCD,90,1,WiFi 6E,5.3,No,Yes,Yes,iOS,20.0,25,97.4,22.0,70.6,1820.23,Flagship,1948.36,17.07,General User,4.12,1752,82.4,100.0,71.0,25,15711.11,5.64,31622,43169484.8,8.15,36,E-commerce Marketplace,Singapore,No,2
228,Apple,6450,0,1.5,0,1,1,64,1.0,196,4,101,739,2352,6144,10,1,6,1,1,Google Tensor,3222,LCD,60,1,WiFi 7,5.0,Yes,Yes,Yes,iOS,19.7,80,84.0,50.4,62.0,1647.93,Flagship,1776.47,17.96,Gamer,4.39,879,92.3,80.4,82.4,0,45863.5,5.42,24100,39715113.0,3.78,36,Retail Store,UK,No,1
229,Motorola,6199,0,2.9,1,22,1,16,0.4,106,8,67,1382,1499,16384,17,9,6,1,0,Exynos,8569,Super AMOLED,120,1,WiFi 6,5.3,Yes,Yes,Yes,Android,14.1,120,99.8,58.1,83.5,1852.39,Flagship,1906.33,7.25,Student,5.0,569,92.3,100.0,66.2,15,124461.47,6.82,37051,58337966.61,0.5,12,Online Store,Australia,Yes,2
230,Oppo,6916,1,2.0,0,10,1,16,0.8,124,4,24,296,1173,12288,17,11,14,0,0,MediaTek Dimensity,5988,Super AMOLED,144,0,WiFi 6E,5.4,Yes,Yes,Yes,Android,16.1,33,83.0,41.6,93.9,1364.34,Flagship,1517.69,8.1,Professional,3.87,1026,84.5,86.5,45.1,15,89416.61,3.54,26634,30887156.83,6.15,36,E-commerce Marketplace,UK,No,1
231,Apple,5591,0,1.4,1,29,1,128,0.3,141,10,58,669,1692,6144,12,5,15,0,1,MediaTek Dimensity,3783,LCD,90,1,WiFi 6,5.0,Yes,Yes,Yes,iOS,19.2,80,82.5,37.5,81.6,1896.34,Flagship,1934.16,19.75,Gamer,4.56,302,83.6,83.2,73.5,20,31603.21,7.74,44104,66908943.49,0.5,36,Retail Store,UAE,Yes,1
232,Xiaomi,3063,0,3.0,0,3,1,128,0.2,240,4,96,893,2012,12288,15,0,19,1,1,Snapdragon,6341,LCD,90,1,WiFi 5,5.1,No,Yes,Yes,Android,14.9,120,88.2,85.6,80.7,1882.41,Flagship,1971.66,0.1,Business User,5.0,411,96.9,100.0,89.2,10,214942.24,5.39,35220,59668632.18,8.51,12,E-commerce Marketplace,Singapore,Yes,2
233,Motorola,5834,1,1.3,0,10,1,256,0.7,215,4,94,1488,2065,16384,14,11,18,1,0,Exynos,7174,AMOLED,60,1,WiFi 6E,5.3,Yes,Yes,No,Android,12.9,33,91.1,94.8,84.7,2145.62,Flagship,2393.75,6.33,Gamer,5.0,709,99.7,79.4,57.8,5,11742.32,11.19,36112,73608497.97,5.2,12,Retail Store,Singapore,Yes,2
234,Google,6392,1,1.8,1,23,1,512,0.6,175,8,13,2069,1604,12288,15,1,9,0,1,Exynos,6803,LCD,120,1,WiFi 5,5.3,No,Yes,Yes,Android,12.6,45,84.3,37.2,90.8,2254.74,Flagship,2144.29,3.91,Professional,4.13,2165,93.9,90.2,67.2,0,29856.24,2.65,19695,44407104.3,6.16,18,Retail Store,UK,No,2
235,Apple,4926,0,0.8,1,31,1,256,0.9,230,4,93,435,1205,4096,14,6,2,0,0,Apple Bionic,2822,Super AMOLED,120,1,WiFi 6,5.0,Yes,Yes,Yes,iOS,19.8,45,89.3,84.0,77.6,2046.15,Flagship,2335.64,12.68,General User,4.62,966,94.9,76.2,69.5,10,70668.04,2.2,27896,51371460.36,3.84,12,Online Store,Singapore,No,1
236,Google,4414,0,1.9,0,19,1,64,0.7,111,8,56,187,2215,8192,13,4,9,0,0,Exynos,5290,IPS LCD,144,1,WiFi 6E,5.4,Yes,Yes,No,Android,13.5,25,80.2,80.6,69.7,1291.24,Flagship,1390.89,6.52,Gamer,4.07,703,83.9,82.4,49.7,5,86477.17,2.58,31864,39086867.79,8.61,24,Retail Store,Singapore,No,0
237,Samsung,4444,0,2.9,1,19,1,256,1.0,143,4,62,1819,1382,3072,17,6,8,1,1,Exynos,3713,OLED,90,1,WiFi 5,5.2,Yes,Yes,Yes,Android,14.9,33,93.6,77.3,72.2,1336.79,Flagship,1401.56,4.95,Business User,4.5,931,98.9,93.2,82.8,0,17853.53,5.83,25446,34015958.34,3.54,36,Online Store,Germany,No,0
238,Samsung,5137,1,1.1,1,14,1,128,0.8,212,10,46,2118,2112,3072,19,5,13,0,0,MediaTek Dimensity,3568,OLED,144,1,WiFi 6E,5.4,Yes,Yes,No,Android,16.7,33,84.7,60.8,74.2,1340.13,Flagship,1303.5,13.53,Business User,4.96,699,100.0,100.0,84.0,0,134732.18,8.83,53759,72044048.67,2.57,12,Online Store,UAE,Yes,1
239,Google,3352,1,1.3,1,30,1,256,0.9,178,10,30,699,1958,12288,13,4,4,1,0,Google Tensor,6518,LCD,60,1,WiFi 6E,5.0,Yes,Yes,Yes,Android,14.0,80,86.8,25.8,88.7,1809.23,Flagship,1518.92,8.81,Gamer,3.6,1001,70.0,55.4,53.9,10,78800.27,1.37,15563,25341341.84,7.98,18,Telecom Partner,Australia,No,2
240,Realme,4472,0,2.9,1,2,1,128,0.2,100,6,84,1879,1248,3072,12,6,12,0,1,Snapdragon,3597,IPS LCD,120,1,WiFi 6,5.0,Yes,Yes,No,Android,12.4,65,89.5,70.4,84.8,1421.86,Flagship,1410.49,6.96,Business User,4.56,568,92.2,88.2,69.6,5,72093.79,11.62,48098,64969191.17,6.1,12,E-commerce Marketplace,India,Yes,0
241,Oppo,2515,1,3.4,0,12,1,64,0.4,193,8,35,185,1012,12288,8,7,4,1,0,MediaTek Dimensity,7202,AMOLED,144,0,WiFi 6,5.1,Yes,Yes,Yes,Android,12.7,120,83.9,24.0,100.0,1617.78,Flagship,1737.46,2.42,Business User,4.46,3842,96.3,70.8,81.1,20,49965.03,7.01,45794,59267693.86,5.71,24,E-commerce Marketplace,UAE,Yes,2
242,Motorola,4299,0,1.0,1,23,1,512,0.6,223,8,37,483,1881,8192,13,1,16,1,0,Exynos,4828,AMOLED,60,1,WiFi 5,5.4,Yes,No,Yes,Android,16.4,25,89.3,64.8,72.6,1862.36,Flagship,1639.89,5.79,Business User,5.0,339,98.2,78.0,85.9,20,17949.21,9.37,45099,67192458.91,4.31,24,Telecom Partner,India,Yes,2
243,Google,3192,0,1.4,1,8,1,32,0.8,211,10,6,1130,2303,6144,6,7,19,0,1,Snapdragon,4796,OLED,60,0,WiFi 6,5.3,Yes,Yes,Yes,Android,14.7,18,83.0,48.7,75.0,1085.85,Premium,926.56,3.21,Business User,4.36,954,84.3,84.6,99.2,10,60653.76,9.58,47149,46077067.48,6.07,36,E-commerce Marketplace,USA,Yes,0
244,Samsung,4412,1,3.0,1,22,1,128,0.8,185,8,57,1663,791,3072,12,8,16,1,1,Exynos,4573,OLED,60,1,WiFi 5,5.3,No,No,Yes,Android,15.2,120,85.0,55.9,82.5,1303.58,Flagship,1466.54,13.57,Student,4.95,1776,97.7,68.2,57.6,15,72726.83,3.98,31717,35143799.83,5.23,12,Retail Store,Singapore,No,0
245,Oppo,6489,0,1.6,1,12,1,128,0.9,210,4,83,693,893,4096,5,8,15,0,1,Snapdragon,2930,Super AMOLED,144,0,WiFi 6,5.4,No,Yes,Yes,Android,13.8,65,88.8,92.7,83.7,1416.47,Flagship,1510.83,6.95,Business User,4.11,1046,81.3,59.6,64.3,0,116780.61,5.2,47103,66719986.41,10.85,24,Retail Store,UAE,Yes,1
246,Xiaomi,2581,0,2.2,1,5,1,256,0.5,102,6,79,630,887,6144,18,3,16,0,1,MediaTek Dimensity,4093,OLED,60,1,WiFi 6,5.2,Yes,Yes,Yes,Android,18.9,45,97.8,71.3,84.8,1692.34,Flagship,1668.7,10.78,General User,5.0,4379,100.0,94.9,73.3,5,119211.39,8.31,50105,80554960.91,6.2,12,Online Store,Singapore,Yes,0
247,Xiaomi,6378,1,3.3,1,2,1,64,0.9,86,6,11,1096,753,6144,14,9,7,0,0,Exynos,5290,IPS LCD,60,1,WiFi 6,5.0,Yes,No,Yes,Android,14.7,45,87.2,41.1,72.2,1086.81,Premium,936.33,14.66,Professional,4.07,1910,81.6,78.1,78.8,5,5000.0,11.16,53326,55057468.56,2.59,12,Online Store,Australia,Yes,1
248,OnePlus,6005,1,3.3,1,21,1,256,0.3,210,10,9,1086,974,8192,5,7,19,0,1,Google Tensor,6157,LCD,60,1,WiFi 5,5.1,Yes,Yes,Yes,Android,14.8,18,75.8,37.8,80.5,1588.06,Flagship,1649.28,9.89,Gamer,4.76,3039,100.0,100.0,90.7,10,134111.53,6.3,41802,59745675.71,10.3,24,Retail Store,UK,Yes,1
249,Google,6677,1,2.2,0,11,1,128,0.4,207,4,87,1658,1688,8192,8,1,16,1,0,Exynos,4259,OLED,144,1,WiFi 6,5.4,No,Yes,Yes,Android,18.3,18,92.7,87.8,81.2,1597.84,Flagship,1882.46,2.34,Student,4.85,942,100.0,90.3,78.9,10,32050.4,3.48,25603,36818547.77,5.93,18,E-commerce Marketplace,UK,No,1
250,Apple,2802,1,2.6,0,7,1,64,0.5,96,10,64,197,1858,2048,13,2,11,0,0,Snapdragon,4074,AMOLED,144,1,WiFi 5,5.2,Yes,Yes,Yes,iOS,18.1,65,100.0,92.0,84.5,1837.16,Flagship,2095.67,19.16,Business User,5.0,762,97.9,94.7,73.1,15,111578.32,7.83,37529,58604760.99,0.5,36,Online Store,India,Yes,0
251,Xiaomi,6343,1,3.3,0,3,1,512,0.6,133,6,60,937,1928,2048,10,11,5,0,1,Google Tensor,3689,Super AMOLED,144,0,WiFi 6,5.3,Yes,Yes,Yes,Android,14.7,65,88.7,66.1,65.7,1767.67,Flagship,2036.89,6.5,Business User,5.0,813,97.1,100.0,79.1,10,26247.55,7.94,37291,59326363.77,5.54,24,Telecom Partner,USA,Yes,1
252,Oppo,6087,0,1.3,0,14,1,128,0.6,152,4,22,805,1048,16384,8,7,10,1,0,Snapdragon,7728,AMOLED,90,0,WiFi 5,5.4,Yes,Yes,No,Android,13.7,65,91.4,49.5,93.6,1947.17,Flagship,1837.33,12.92,Gamer,4.99,1023,100.0,71.1,57.1,0,154795.88,10.15,45593,88777321.81,4.1,24,E-commerce Marketplace,Singapore,Yes,2
253,Oppo,6108,0,2.4,1,23,1,64,0.4,191,8,59,1674,2211,6144,11,11,13,0,0,Snapdragon,4585,Super AMOLED,144,1,WiFi 6E,5.4,Yes,Yes,Yes,Android,16.2,18,78.6,73.6,80.3,1377.81,Flagship,1159.88,11.22,General User,4.4,1004,84.8,100.0,70.1,5,593470.42,8.29,66029,86426645.67,4.99,24,Online Store,USA,Yes,1
254,Google,2713,0,3.3,0,12,1,16,0.6,233,10,77,512,1439,4096,10,11,3,0,0,Exynos,4931,LCD,144,1,WiFi 5,5.1,Yes,Yes,Yes,Android,18.8,45,92.2,83.1,91.1,1283.77,Flagship,1416.28,14.75,Gamer,5.0,1758,93.8,100.0,64.5,10,216165.82,10.12,57640,66596852.52,5.61,12,Retail Store,India,Yes,0
255,OnePlus,3552,1,2.3,0,17,1,64,0.2,112,6,54,1547,2045,3072,9,10,7,0,1,Exynos,2995,AMOLED,60,1,WiFi 5,5.3,No,Yes,Yes,Android,17.2,25,76.1,78.9,73.2,991.46,Premium,933.76,15.38,Student,4.42,5179,93.5,100.0,74.2,25,39874.11,2.65,30018,22321234.71,4.35,18,E-commerce Marketplace,USA,No,0
256,Vivo,4332,1,1.5,1,6,1,16,0.9,117,6,32,1136,1980,16384,15,7,11,1,1,Snapdragon,7323,IPS LCD,90,1,WiFi 6E,5.3,No,Yes,Yes,Android,16.6,33,76.4,49.2,66.4,1704.78,Flagship,1565.36,9.56,Business User,3.89,976,78.8,72.6,66.2,10,116694.34,7.48,35034,53752736.27,5.97,36,E-commerce Marketplace,USA,Yes,2
257,Apple,5814,0,1.4,1,5,1,32,0.9,144,10,65,948,1868,12288,6,0,4,0,1,MediaTek Dimensity,6570,Super AMOLED,120,0,WiFi 7,5.0,No,Yes,Yes,iOS,18.4,65,96.4,82.3,77.5,2135.62,Flagship,2063.88,18.48,Professional,4.97,4356,100.0,100.0,89.9,0,42306.3,5.87,37265,79583879.3,4.03,18,Telecom Partner,UK,Yes,2
258,OnePlus,4056,1,2.9,0,29,1,512,1.0,105,10,50,910,954,12288,8,0,4,0,0,Snapdragon,7493,OLED,60,1,WiFi 6E,5.4,Yes,Yes,No,Android,13.0,45,96.3,65.4,76.3,2002.6,Flagship,2286.97,8.17,General User,4.77,1002,99.0,100.0,84.3,10,10864.59,7.55,45908,82741824.72,4.0,36,Telecom Partner,India,Yes,2
259,Apple,5411,0,2.9,1,21,1,512,0.5,147,6,25,697,1328,4096,10,0,16,1,0,Exynos,3351,LCD,60,0,WiFi 5,5.2,Yes,Yes,Yes,iOS,16.7,65,83.3,56.2,65.4,1995.09,Flagship,1916.3,15.29,Business User,4.73,4527,87.1,99.3,88.5,5,78696.96,2.52,35328,66958412.54,6.87,36,Telecom Partner,USA,Yes,1
260,Realme,5838,0,3.3,0,13,1,256,0.4,138,4,20,599,2140,6144,18,8,11,0,1,Apple Bionic,4979,AMOLED,144,1,WiFi 6,5.4,Yes,Yes,Yes,Android,17.6,45,78.2,45.7,82.1,1567.57,Flagship,1309.74,8.12,Gamer,4.45,789,85.6,97.4,61.7,20,40768.11,9.71,40508,50799300.45,1.16,24,E-commerce Marketplace,Australia,Yes,1
261,Xiaomi,2505,1,1.6,0,20,1,128,0.6,194,6,32,538,798,8192,5,9,8,1,0,Exynos,4605,Super AMOLED,120,1,WiFi 6,5.1,No,Yes,No,Android,13.8,80,100.0,63.4,78.0,1646.25,Flagship,1633.83,2.39,Gamer,5.0,1937,97.2,89.0,66.7,20,35809.78,7.08,25681,33821877.0,0.81,36,E-commerce Marketplace,USA,No,0
262,Apple,3227,1,2.0,1,28,1,256,0.5,166,8,104,925,856,4096,13,9,8,1,0,Exynos,4108,OLED,60,1,WiFi 6,5.2,Yes,Yes,Yes,iOS,17.2,33,91.7,76.0,85.6,1818.73,Flagship,1669.4,13.78,Professional,4.07,2295,80.8,94.2,44.6,5,10728.42,5.46,28673,49541023.03,12.17,18,Retail Store,USA,No,0
263,OnePlus,2513,1,0.9,1,24,1,64,0.6,185,8,13,1523,562,6144,12,9,13,1,0,Google Tensor,4073,OLED,60,1,WiFi 7,5.2,No,Yes,Yes,Android,15.2,25,75.4,41.3,89.4,1123.88,Premium,1116.11,4.75,Gamer,4.56,628,87.9,100.0,78.6,5,104232.59,4.48,40861,43626717.65,0.9,36,Retail Store,USA,Yes,0
264,Oppo,5707,0,2.1,1,27,1,256,0.1,195,10,34,507,1478,12288,6,0,3,0,1,Exynos,6943,AMOLED,120,1,WiFi 7,5.3,Yes,Yes,Yes,Android,16.4,25,89.9,34.7,64.3,1678.56,Flagship,1456.38,0.1,General User,3.95,1032,88.2,100.0,69.1,5,51650.17,12.88,49374,78733360.37,5.01,36,Retail Store,USA,Yes,2
265,Oppo,3154,1,2.1,0,30,1,256,0.3,237,6,74,1260,2000,6144,8,7,4,0,1,Exynos,4086,Super AMOLED,144,0,WiFi 7,5.3,Yes,Yes,Yes,Android,17.8,25,100.0,56.1,86.2,1685.99,Flagship,1707.19,5.79,Gamer,5.0,192,100.0,100.0,98.7,10,150434.15,10.68,47501,72077589.89,0.5,18,Telecom Partner,USA,Yes,0
266,Oppo,2992,0,1.5,0,23,1,64,0.5,239,10,98,658,1133,12288,15,10,18,1,1,Snapdragon,7129,AMOLED,90,1,WiFi 6E,5.1,No,No,Yes,Android,15.4,120,78.5,76.1,75.0,1909.96,Flagship,1972.32,7.09,Student,5.0,145,100.0,76.3,82.2,20,45339.17,6.24,30326,46337157.57,8.62,36,Telecom Partner,USA,No,2
267,Vivo,3743,0,2.0,1,14,1,64,0.6,94,4,6,1466,922,16384,19,5,5,0,0,Apple Bionic,6752,IPS LCD,120,1,WiFi 6,5.1,No,No,No,Android,13.1,80,80.4,20.0,63.1,1753.26,Flagship,1586.57,9.12,Gamer,4.02,1133,76.3,84.4,79.8,10,26424.04,0.1,20590,32489661.06,11.78,12,E-commerce Marketplace,Germany,No,2
268,Vivo,4848,0,2.6,0,17,0,128,0.3,209,10,106,101,2288,2048,15,6,6,1,1,Exynos,3699,OLED,144,0,WiFi 5,5.1,No,Yes,Yes,Android,15.1,45,94.4,100.0,84.9,1111.56,Premium,1264.59,5.18,Gamer,5.0,394,100.0,83.2,78.8,25,45946.28,11.2,37801,31513559.67,4.04,12,Retail Store,India,Yes,0
269,Xiaomi,6878,0,2.8,1,31,1,256,0.8,132,6,72,1803,2134,6144,13,0,7,0,1,Google Tensor,4700,OLED,144,1,WiFi 6,5.1,Yes,No,Yes,Android,16.8,120,78.4,63.9,75.7,1951.97,Flagship,1602.88,5.68,Business User,4.57,1572,99.8,87.1,85.0,0,19528.69,3.95,33540,65469073.8,0.8,36,Telecom Partner,Germany,No,1
270,Xiaomi,5297,1,2.7,0,20,1,128,0.6,232,10,105,927,2320,12288,16,2,7,1,1,Google Tensor,7595,LCD,60,1,WiFi 6E,5.0,Yes,No,Yes,Android,15.3,120,87.5,93.7,86.3,1833.51,Flagship,1848.5,5.62,General User,5.0,1071,97.0,91.3,71.9,0,19556.35,9.48,46341,84966686.91,10.72,12,Retail Store,UK,Yes,2
271,Apple,3558,1,2.9,1,31,1,64,0.8,126,4,50,270,1748,12288,10,3,16,0,0,Exynos,6055,OLED,60,1,WiFi 6E,5.3,No,Yes,No,iOS,18.9,33,97.4,75.4,87.3,2090.84,Flagship,2164.61,18.97,General User,4.68,424,90.9,95.9,74.3,10,80331.17,3.14,32173,60541735.79,2.07,18,Online Store,Germany,No,2
272,Samsung,5798,0,2.1,1,13,1,128,0.9,128,8,54,2147,1949,3072,19,4,14,1,0,Exynos,2936,Super AMOLED,60,1,WiFi 6,5.1,No,Yes,Yes,Android,17.9,18,79.1,67.7,78.3,1339.65,Flagship,1575.76,13.69,Business User,4.56,566,89.1,77.3,48.7,10,12919.74,3.6,30488,36758924.28,4.91,18,E-commerce Marketplace,UK,No,1
273,Google,6564,0,0.8,0,15,1,128,1.0,114,6,37,697,2038,2048,5,2,19,0,0,Apple Bionic,1437,LCD,120,1,WiFi 6,5.3,Yes,Yes,Yes,Android,17.2,65,84.7,45.5,87.5,1162.85,Premium,1126.64,10.57,General User,4.15,960,88.7,76.8,63.3,10,26924.4,9.64,43956,46002811.14,4.76,24,Telecom Partner,Singapore,Yes,1
274,Oppo,4002,0,3.4,1,28,1,128,1.0,228,8,13,476,904,12288,18,5,20,0,1,Exynos,7728,IPS LCD,90,1,WiFi 6E,5.3,Yes,Yes,Yes,Android,12.3,33,88.7,25.4,85.0,1790.16,Flagship,1903.39,3.57,General User,4.16,403,87.1,100.0,68.3,5,36677.83,7.88,42644,72522603.89,3.14,36,Online Store,UAE,Yes,2
275,Realme,5405,0,2.5,0,0,1,64,0.3,209,10,62,488,1009,8192,11,3,16,1,1,Snapdragon,5939,AMOLED,60,0,WiFi 6,5.2,Yes,Yes,No,Android,13.4,80,82.7,41.9,89.1,1425.62,Flagship,1246.61,7.5,General User,4.28,1797,89.5,92.7,57.1,10,110589.73,9.39,34458,44211612.56,2.4,12,Retail Store,Singapore,No,1
276,Motorola,5494,1,1.7,1,22,1,16,0.7,215,4,82,812,2338,6144,6,3,15,1,0,Apple Bionic,3562,LCD,144,1,WiFi 6E,5.4,Yes,Yes,Yes,Android,13.6,65,96.5,57.4,80.2,1434.64,Flagship,1187.27,9.2,Student,4.52,1267,95.9,64.8,71.1,5,43640.98,2.54,34873,47528690.68,1.21,24,Telecom Partner,UK,No,1
277,Apple,5183,1,1.9,1,22,1,256,0.5,179,8,85,1627,2157,4096,19,3,12,0,0,Google Tensor,3757,IPS LCD,120,1,WiFi 6E,5.0,No,Yes,Yes,iOS,19.7,65,92.5,60.4,81.9,1980.2,Flagship,1722.83,15.57,Gamer,4.32,270,74.8,69.7,45.7,10,14145.29,0.89,17994,32068546.92,0.5,18,E-commerce Marketplace,Germany,No,1
278,Vivo,3563,1,0.9,0,24,1,128,0.7,150,6,57,893,570,6144,10,11,18,0,0,MediaTek Dimensity,4140,LCD,90,0,WiFi 6E,5.2,Yes,Yes,Yes,Android,16.9,120,73.7,34.2,65.6,1371.12,Flagship,1452.02,8.06,Professional,4.6,1521,96.2,100.0,79.9,15,30279.6,4.36,37691,43927051.33,6.72,36,Telecom Partner,India,Yes,0
279,Vivo,3025,1,2.8,0,12,1,256,0.5,212,6,60,2104,636,16384,18,10,4,1,0,Apple Bionic,8252,AMOLED,60,1,WiFi 6,5.1,No,Yes,No,Android,14.2,65,93.8,65.8,76.5,2032.9,Flagship,2301.77,19.28,General User,4.69,3172,95.0,100.0,72.6,15,30822.46,6.59,27183,46971272.6,9.48,18,Online Store,Singapore,No,2
280,Xiaomi,6152,0,3.0,0,5,1,256,1.0,106,4,59,349,515,4096,5,9,16,0,1,Exynos,3689,OLED,120,1,WiFi 5,5.0,Yes,Yes,Yes,Android,14.3,80,93.3,65.9,80.2,1740.37,Flagship,1892.01,9.41,Student,4.92,1228,100.0,100.0,68.0,15,26628.55,5.04,30789,45546614.14,2.57,12,Telecom Partner,India,No,1
281,Samsung,3637,0,2.9,1,23,1,256,0.2,109,6,73,2065,1576,4096,6,5,16,1,0,Exynos,3833,IPS LCD,120,1,WiFi 6,5.1,Yes,Yes,Yes,Android,18.2,80,93.5,94.0,88.5,1555.39,Flagship,1517.55,25.26,Professional,5.0,1163,99.1,88.6,77.0,5,57315.46,4.63,31598,46689852.56,8.76,18,Retail Store,Singapore,No,0
282,Motorola,6630,1,1.2,1,6,1,128,0.2,83,6,8,2115,1459,16384,10,2,7,0,0,Apple Bionic,7388,AMOLED,120,1,WiFi 6,5.2,No,Yes,No,Android,17.8,25,100.0,30.3,79.6,1885.84,Flagship,1709.44,6.82,Professional,4.99,1317,100.0,100.0,66.6,0,12880.61,11.93,51679,97458325.36,8.59,24,Online Store,Singapore,Yes,2
283,OnePlus,6032,1,2.6,1,21,1,64,0.3,216,10,35,757,2394,12288,19,0,15,0,1,Snapdragon,7337,AMOLED,90,1,WiFi 6,5.2,Yes,Yes,Yes,Android,18.3,80,78.5,26.7,77.5,1732.55,Flagship,1607.72,8.9,Gamer,4.03,1016,80.9,69.7,61.2,10,20453.31,13.03,47820,74565486.9,6.53,24,Retail Store,India,Yes,2
284,Motorola,5981,1,1.8,1,29,1,512,0.2,135,8,22,209,2218,12288,18,7,16,1,0,MediaTek Dimensity,6965,Super AMOLED,60,1,WiFi 6,5.0,No,Yes,Yes,Android,13.1,120,91.3,39.1,84.8,2210.72,Flagship,2529.47,10.51,Professional,4.12,26227,89.6,85.2,82.8,10,31521.38,4.97,29613,58919446.22,5.23,24,E-commerce Marketplace,UK,No,2
285,Realme,4525,0,1.9,0,20,1,128,0.1,113,6,74,1301,2318,3072,5,8,9,1,1,Snapdragon,3384,OLED,90,0,WiFi 7,5.1,Yes,Yes,Yes,Android,15.0,45,96.0,65.7,74.8,1004.55,Premium,1033.48,16.68,General User,4.42,2586,93.0,96.9,65.0,0,74109.4,2.31,32131,32277196.05,7.31,12,Telecom Partner,UAE,No,0
286,Motorola,5950,1,2.0,1,30,1,128,0.5,142,6,63,620,1345,12288,8,8,20,0,1,Snapdragon,6473,OLED,120,1,WiFi 6E,5.3,Yes,Yes,Yes,Android,12.7,33,95.6,76.8,100.0,1962.31,Flagship,2254.53,9.35,Student,4.05,2207,82.1,64.9,73.9,25,56239.43,2.7,27031,39782401.21,4.26,36,E-commerce Marketplace,Singapore,No,2
287,Samsung,4995,0,0.9,1,6,0,128,0.1,203,6,79,531,1210,3072,6,3,18,1,0,Apple Bionic,3026,OLED,60,1,WiFi 7,5.2,No,No,Yes,Android,16.3,45,77.3,91.6,74.8,1376.98,Flagship,1279.62,10.77,Business User,5.0,2139,100.0,71.5,66.8,5,52408.17,3.97,32620,42671233.22,7.9,36,Telecom Partner,UAE,No,1
288,Motorola,4671,1,3.3,1,18,1,128,0.7,202,8,52,404,1487,6144,12,1,2,1,1,Snapdragon,4729,AMOLED,144,1,WiFi 6,5.2,Yes,Yes,Yes,Android,18.5,33,88.3,61.1,77.7,1543.08,Flagship,1692.27,13.2,Student,4.37,1146,83.5,90.5,65.2,0,56328.0,6.77,33083,51049715.64,4.61,12,E-commerce Marketplace,Singapore,No,0
289,Apple,6628,1,2.8,1,1,1,256,0.9,103,10,104,2024,1475,6144,16,7,4,1,0,MediaTek Dimensity,5247,AMOLED,60,1,WiFi 5,5.1,Yes,Yes,No,iOS,19.6,80,84.0,100.0,100.0,2104.07,Flagship,2097.37,17.25,Gamer,4.48,2464,90.4,100.0,65.9,5,120035.59,6.96,45324,90596625.25,4.73,12,E-commerce Marketplace,Singapore,Yes,1
290,Realme,2537,1,1.5,1,31,1,128,0.7,91,4,94,263,930,12288,5,11,9,0,1,Exynos,6286,LCD,90,1,WiFi 7,5.3,No,Yes,Yes,Android,13.4,80,86.5,75.4,83.7,1706.92,Flagship,1528.08,3.55,Business User,5.0,3514,92.3,73.1,58.8,0,135468.44,7.92,43856,74858683.52,7.19,24,Telecom Partner,Germany,Yes,2
291,Motorola,5288,0,1.5,1,32,1,64,0.9,193,8,48,588,2106,6144,6,2,11,0,1,Apple Bionic,3823,Super AMOLED,144,1,WiFi 5,5.1,No,Yes,Yes,Android,15.7,45,78.2,60.9,71.4,1290.01,Flagship,1515.53,8.08,Business User,4.0,2528,87.5,71.9,63.7,15,50680.67,11.4,52514,57582047.37,6.25,18,Online Store,Australia,Yes,1
292,OnePlus,3248,0,2.3,1,5,0,256,0.8,125,8,43,1885,824,8192,16,6,20,0,1,Exynos,4944,Super AMOLED,90,0,WiFi 6,5.0,Yes,Yes,Yes,Android,16.0,25,91.8,57.9,85.6,1504.59,Flagship,1368.39,11.47,Professional,4.93,2867,99.7,83.9,79.3,0,64176.84,6.92,50109,75393500.31,0.5,24,Retail Store,Germany,Yes,0
293,Vivo,3410,0,2.2,0,30,1,128,0.4,210,10,83,902,1086,4096,19,7,13,0,1,Apple Bionic,4743,IPS LCD,60,0,WiFi 6,5.3,No,Yes,Yes,Android,18.6,65,87.1,100.0,69.3,1393.65,Flagship,1636.89,0.1,Student,4.58,692,91.4,95.3,74.3,15,32101.55,2.06,18358,21746932.7,4.7,12,Online Store,Singapore,No,0
294,Xiaomi,5919,1,1.3,0,18,1,512,0.7,99,6,20,1239,1451,4096,8,0,9,0,1,MediaTek Dimensity,2292,Super AMOLED,60,1,WiFi 6,5.1,Yes,Yes,Yes,Android,13.9,65,78.9,51.3,87.8,1865.39,Flagship,2002.55,3.15,General User,4.71,987,87.8,61.9,73.7,20,50798.65,12.29,49259,73509796.81,3.23,12,Online Store,Germany,Yes,1
295,Motorola,5966,1,1.9,0,6,1,128,0.6,206,8,57,791,512,3072,19,6,11,0,1,Google Tensor,3149,OLED,90,1,WiFi 5,5.1,No,No,Yes,Android,17.6,18,87.3,67.7,68.3,1057.1,Premium,884.94,7.68,Business User,4.27,2886,83.6,94.7,69.5,15,108276.37,5.88,47328,42525864.48,3.68,18,Telecom Partner,Australia,Yes,1
296,OnePlus,5061,1,1.6,1,19,1,32,0.4,124,4,48,278,736,12288,9,7,4,0,1,Google Tensor,5835,AMOLED,144,0,WiFi 6,5.0,No,Yes,Yes,Android,13.7,80,85.5,56.5,69.9,1655.01,Flagship,1914.57,11.56,Business User,5.0,3432,100.0,100.0,87.2,20,139555.16,9.47,46201,61170493.61,7.18,36,E-commerce Marketplace,UAE,Yes,2
297,OnePlus,6578,0,0.9,0,9,1,512,0.5,197,4,70,1471,2069,6144,11,2,2,0,0,Apple Bionic,2748,OLED,60,0,WiFi 5,5.1,No,Yes,Yes,Android,16.5,18,88.6,82.5,93.4,1683.89,Flagship,1811.75,10.21,Student,4.4,1587,98.0,88.2,64.2,15,23138.42,11.25,41641,59601033.97,8.38,18,Retail Store,Australia,Yes,1
298,Google,5141,0,1.7,0,31,1,256,0.9,136,4,14,392,867,6144,13,1,8,1,1,Google Tensor,3511,AMOLED,144,1,WiFi 6E,5.1,No,Yes,No,Android,12.9,45,82.9,44.2,87.2,1743.74,Flagship,1785.88,1.64,Student,4.03,4410,79.1,98.6,72.9,20,28951.97,1.93,38566,53799261.47,8.04,36,E-commerce Marketplace,UK,Yes,1
299,Vivo,2635,0,1.4,1,6,1,32,0.5,208,10,55,1589,656,12288,19,8,15,0,0,Exynos,6378,Super AMOLED,60,1,WiFi 6E,5.2,Yes,Yes,No,Android,12.5,25,92.2,26.7,71.9,1377.22,Flagship,1358.01,10.07,Business User,4.29,4165,92.3,97.1,95.5,10,43712.52,1.59,34679,42984551.14,8.69,12,Online Store,USA,No,0
300,Motorola,2670,1,2.6,1,15,1,64,0.4,110,6,82,1579,2226,12288,8,7,4,0,1,Exynos,7099,LCD,90,1,WiFi 5,5.2,No,Yes,Yes,Android,14.8,18,90.6,70.9,82.2,1419.4,Flagship,1231.05,6.85,Business User,4.97,339,98.0,100.0,80.6,10,19330.26,2.97,28923,36947975.58,2.43,36,E-commerce Marketplace,UAE,No,0
301,Realme,3292,0,2.2,1,29,1,512,0.9,141,4,87,1688,546,2048,14,10,14,0,0,Exynos,2214,LCD,90,1,WiFi 6,5.3,No,Yes,Yes,Android,13.2,18,98.7,87.7,72.9,1680.42,Flagship,1889.37,7.06,Gamer,5.0,3221,100.0,90.9,84.0,10,112446.19,8.58,30231,45720699.32,4.65,24,Telecom Partner,UK,No,0
302,Xiaomi,3808,0,2.7,0,28,1,64,0.5,202,8,56,500,1040,4096,16,7,18,1,1,Google Tensor,4079,OLED,144,1,WiFi 6E,5.4,Yes,Yes,Yes,Android,17.6,45,81.9,92.2,92.3,1581.95,Flagship,1558.92,4.69,General User,5.0,1168,100.0,99.7,87.0,5,46517.53,8.43,42881,64443818.05,5.88,24,Online Store,Germany,Yes,0
303,Samsung,5058,0,0.8,1,24,1,128,0.5,130,10,12,1349,1397,8192,9,9,18,1,0,Snapdragon,4920,Super AMOLED,144,0,WiFi 5,5.4,Yes,Yes,Yes,Android,14.5,18,90.2,39.3,100.0,1619.69,Flagship,1481.6,10.18,General User,4.74,8206,99.2,90.9,68.3,10,9668.72,7.81,33433,48735986.19,4.1,12,Telecom Partner,India,No,1
304,Vivo,2856,0,3.4,1,9,1,256,0.7,237,10,48,1380,2082,8192,6,6,4,0,0,Exynos,5502,AMOLED,144,0,WiFi 6,5.1,Yes,Yes,Yes,Android,18.9,80,88.6,43.8,71.7,1749.74,Flagship,1712.42,3.15,Gamer,3.94,1554,86.1,80.0,66.7,15,49010.32,7.04,34776,51721614.5,0.5,12,Online Store,India,No,0
305,Vivo,3613,1,1.0,1,14,1,128,0.3,202,10,93,1878,1909,8192,5,11,12,1,1,Exynos,4957,AMOLED,144,1,WiFi 6,5.1,No,No,Yes,Android,16.9,18,94.8,86.8,62.2,1614.5,Flagship,1495.26,3.34,Student,4.05,1727,92.3,100.0,75.9,10,33710.48,4.24,26851,39015845.55,4.7,18,Retail Store,Singapore,No,0
306,Apple,6049,1,1.4,1,4,1,256,0.2,198,10,44,1903,1701,6144,7,11,11,0,0,Snapdragon,4675,AMOLED,90,1,WiFi 7,5.2,Yes,Yes,Yes,iOS,19.5,45,94.5,68.2,82.4,2260.34,Flagship,2254.54,14.12,Gamer,5.0,1588,100.0,88.5,71.7,0,147133.44,6.71,29716,67168263.44,6.83,12,Retail Store,Singapore,No,2
307,Google,5833,1,3.1,0,29,1,256,0.8,195,6,43,1389,2385,4096,10,2,12,1,1,Apple Bionic,4038,LCD,120,1,WiFi 6,5.2,Yes,Yes,Yes,Android,18.5,18,100.0,66.6,81.6,1435.5,Flagship,1344.63,11.19,Professional,4.37,5425,99.2,63.1,72.2,5,18096.07,3.17,32509,44333336.02,2.11,12,E-commerce Marketplace,Australia,No,1
308,Xiaomi,6651,1,2.9,0,32,1,32,0.1,97,8,45,1667,1474,12288,13,5,9,1,0,MediaTek Dimensity,6706,IPS LCD,90,0,WiFi 5,5.0,No,Yes,Yes,Android,14.6,80,100.0,83.9,72.9,1271.29,Flagship,1216.8,8.61,Business User,4.32,1666,90.3,77.3,70.4,0,46555.13,6.01,31398,39915963.42,5.35,12,Telecom Partner,Australia,No,1
309,Apple,6049,1,1.8,1,25,1,128,0.6,238,4,30,335,1072,6144,19,5,6,1,1,Exynos,3618,LCD,144,1,WiFi 6E,5.1,No,No,Yes,iOS,16.4,65,96.0,43.6,76.4,2063.78,Flagship,2255.92,6.69,Student,5.0,3396,100.0,81.1,81.2,25,36234.36,7.2,36946,57186311.91,1.97,18,Retail Store,Australia,Yes,1
310,Motorola,3235,1,2.1,1,32,1,32,0.1,179,8,50,375,2040,6144,10,8,10,0,1,Snapdragon,4174,LCD,60,0,WiFi 5,5.0,No,Yes,No,Android,16.9,25,94.4,59.9,93.6,1277.16,Flagship,1414.24,5.43,General User,4.5,1608,97.6,88.1,98.0,25,114255.26,7.48,56436,54058351.32,7.72,24,Online Store,Singapore,Yes,0
311,Oppo,4810,1,2.0,1,11,0,128,0.3,167,6,83,1597,532,3072,8,1,11,1,0,Exynos,3453,OLED,90,1,WiFi 6E,5.3,Yes,Yes,Yes,Android,13.6,33,85.4,71.8,85.9,1140.46,Premium,1340.82,10.49,Business User,4.3,1828,86.6,100.0,54.7,10,173300.15,2.63,28519,29272300.87,10.54,18,E-commerce Marketplace,India,No,0
312,Xiaomi,5469,1,1.4,1,14,1,256,0.2,142,4,73,2102,1246,8192,19,3,14,1,0,Apple Bionic,4471,AMOLED,144,1,WiFi 5,5.1,No,Yes,Yes,Android,15.1,45,84.2,73.4,84.4,1952.39,Flagship,2145.56,8.25,Business User,4.68,32333,99.4,79.2,87.0,10,37774.74,7.06,41356,72668736.76,3.98,12,E-commerce Marketplace,USA,Yes,2
313,Xiaomi,5079,0,3.1,1,17,1,32,0.7,202,6,99,1914,2260,4096,18,4,4,0,0,Snapdragon,2886,OLED,90,0,WiFi 6E,5.0,Yes,Yes,Yes,Android,15.9,33,91.0,100.0,80.1,1042.15,Premium,1169.44,10.12,General User,4.59,911,92.7,100.0,78.2,25,48019.33,15.41,51900,40565688.75,4.17,36,Retail Store,USA,Yes,1
314,OnePlus,5792,1,1.6,1,14,1,512,0.2,166,6,93,408,548,3072,10,3,14,0,0,Exynos,3706,LCD,90,1,WiFi 6,5.2,Yes,Yes,Yes,Android,18.8,45,85.3,95.5,79.3,1943.15,Flagship,1632.13,6.6,Student,4.61,1832,98.5,78.2,71.1,10,50801.5,5.61,22096,38642258.16,3.48,18,Retail Store,India,No,1
315,Realme,3634,0,1.2,0,24,1,64,0.2,235,6,18,1811,1685,6144,13,9,18,0,1,Apple Bionic,3688,IPS LCD,120,1,WiFi 6,5.2,Yes,No,Yes,Android,15.9,18,92.5,53.8,59.3,1325.82,Flagship,1285.47,13.73,Student,4.94,580,100.0,100.0,38.7,10,90778.47,7.96,28362,33842616.16,8.33,12,Telecom Partner,Singapore,No,0
316,Realme,6401,0,3.2,1,13,1,128,0.2,128,4,66,568,1109,4096,17,10,15,0,0,Apple Bionic,4351,Super AMOLED,90,1,WiFi 6E,5.3,Yes,Yes,No,Android,16.2,120,87.0,64.0,72.7,1406.06,Flagship,1347.94,2.85,Student,4.54,2202,91.9,100.0,66.0,10,45078.81,4.47,24082,30474663.23,3.52,24,E-commerce Marketplace,USA,No,1
317,OnePlus,5118,1,1.6,0,27,0,512,0.4,235,4,9,2187,2261,4096,13,8,17,1,0,Apple Bionic,2696,IPS LCD,120,1,WiFi 5,5.1,Yes,Yes,No,Android,12.9,18,93.9,42.4,53.8,1553.5,Flagship,1814.54,6.22,General User,3.89,4669,82.0,82.3,50.8,5,126076.46,13.5,54037,79749155.52,6.06,18,Retail Store,Singapore,Yes,1
318,Oppo,4849,1,2.4,1,7,1,512,0.9,181,8,44,185,1405,8192,16,7,4,1,1,Apple Bionic,5744,Super AMOLED,144,1,WiFi 5,5.4,Yes,Yes,No,Android,18.5,65,91.8,20.0,80.3,1825.86,Flagship,1611.83,10.47,Student,4.1,14735,92.4,77.3,78.7,20,38231.09,3.92,30621,44727727.25,7.6,12,Retail Store,Singapore,No,2
319,Samsung,5240,0,2.9,1,24,1,16,0.5,169,4,106,1541,934,4096,12,4,19,0,1,Snapdragon,3970,AMOLED,144,0,WiFi 6,5.4,No,Yes,Yes,Android,17.7,45,92.7,100.0,95.5,1412.28,Flagship,1585.38,13.35,Business User,5.0,621,96.6,85.2,80.4,10,38480.43,7.6,46274,58816660.25,3.77,18,E-commerce Marketplace,Singapore,Yes,1
320,Xiaomi,6505,1,3.3,1,22,1,128,0.6,143,10,98,1898,2072,8192,9,7,11,0,1,Google Tensor,5798,OLED,144,1,WiFi 5,5.2,Yes,Yes,Yes,Android,17.6,18,88.6,100.0,79.8,1467.43,Flagship,1670.51,8.11,Gamer,4.73,434,99.6,86.8,65.1,25,47403.38,1.89,28021,30839142.02,5.91,18,Telecom Partner,UK,No,1
321,Realme,4869,0,2.4,1,7,1,128,0.3,223,8,75,2150,1249,8192,15,1,3,0,0,Snapdragon,6171,AMOLED,120,1,WiFi 6E,5.2,Yes,Yes,Yes,Android,17.8,25,98.8,57.4,70.3,1669.68,Flagship,1384.54,0.1,Gamer,4.94,759,100.0,99.3,60.9,10,101361.2,7.71,45282,68045804.78,2.91,18,Telecom Partner,India,Yes,1
322,Realme,6435,1,2.3,1,16,1,64,0.2,163,8,85,478,1796,8192,11,0,7,0,0,Google Tensor,5075,Super AMOLED,90,1,WiFi 7,5.4,Yes,No,Yes,Android,17.8,120,100.0,100.0,77.8,1638.19,Flagship,1636.83,11.15,Gamer,5.0,3996,100.0,100.0,59.5,0,103802.74,10.67,45350,74291916.5,4.77,24,Online Store,Australia,Yes,1
323,Oppo,4124,1,0.9,1,29,1,512,0.1,206,4,60,1534,1204,12288,10,0,12,1,0,Apple Bionic,5142,LCD,120,1,WiFi 6,5.0,Yes,Yes,Yes,Android,13.5,45,83.5,63.7,75.3,2231.81,Flagship,2230.52,7.01,Gamer,5.0,1674,96.4,87.2,83.6,5,11378.68,5.0,40493,85854048.21,6.53,36,Online Store,Singapore,Yes,2
324,OnePlus,6555,1,3.1,0,32,1,64,0.5,154,8,90,1957,2227,8192,16,5,8,0,1,Apple Bionic,5499,OLED,60,1,WiFi 5,5.2,No,Yes,Yes,Android,19.0,25,84.6,76.9,71.5,1364.36,Flagship,1580.1,2.77,Student,4.78,7535,96.8,83.6,75.1,10,27686.74,5.2,39701,48749810.72,5.89,12,Online Store,USA,Yes,1
325,Samsung,2606,1,2.4,1,2,1,16,0.4,232,6,70,504,2293,8192,10,5,5,0,1,Snapdragon,5008,AMOLED,120,1,WiFi 6,5.3,No,Yes,No,Android,14.9,25,84.6,47.2,85.0,1270.17,Flagship,1338.49,9.24,Student,4.29,4016,86.3,100.0,70.5,10,109465.22,5.95,37153,42471563.41,1.72,24,Online Store,UK,Yes,0
326,Apple,2701,1,1.6,0,9,1,128,0.4,201,6,93,1394,2032,12288,11,3,2,1,1,Apple Bionic,5465,IPS LCD,60,1,WiFi 6,5.0,Yes,Yes,Yes,iOS,18.6,33,81.5,100.0,76.0,1937.43,Flagship,1639.18,15.11,Professional,5.0,1451,92.6,95.4,75.4,15,7639.73,6.35,33762,55599784.91,1.46,36,Retail Store,USA,No,2
327,Realme,4875,1,3.0,0,3,0,128,0.7,145,8,86,1461,672,8192,7,6,3,0,0,Apple Bionic,6340,LCD,144,0,WiFi 6,5.0,No,No,Yes,Android,16.8,120,91.2,89.2,81.9,1761.18,Flagship,1482.44,9.36,General User,4.57,2237,96.6,88.2,82.5,15,41535.68,3.06,30793,46097213.38,0.5,18,E-commerce Marketplace,Germany,No,2
328,Apple,5264,1,2.9,0,11,1,64,0.4,116,10,89,1070,1917,4096,9,8,14,1,0,Apple Bionic,4562,AMOLED,144,1,WiFi 6E,5.3,Yes,Yes,Yes,iOS,19.6,25,99.6,84.2,83.6,1985.17,Flagship,1918.97,20.84,Business User,5.0,2357,100.0,84.5,91.4,10,13871.66,7.9,39424,70437007.87,8.41,36,Online Store,UAE,Yes,1
329,Samsung,4312,0,1.6,1,25,1,64,0.9,179,4,106,991,1525,2048,15,0,18,0,0,Snapdragon,2525,LCD,120,1,WiFi 5,5.2,Yes,No,Yes,Android,16.5,120,78.9,99.4,85.3,1534.3,Flagship,1373.28,12.75,Gamer,5.0,6597,100.0,79.8,71.7,5,80578.09,5.54,49068,71520780.78,4.05,24,E-commerce Marketplace,Singapore,Yes,0
330,Vivo,3148,1,1.9,1,5,1,128,0.8,179,6,5,1539,1682,8192,10,2,7,1,0,Google Tensor,5519,IPS LCD,144,1,WiFi 5,5.4,No,Yes,Yes,Android,18.7,80,91.7,40.6,72.7,1604.64,Flagship,1664.45,11.54,Business User,4.86,2681,100.0,97.9,88.8,0,253457.64,7.7,40336,64724759.04,7.59,36,Telecom Partner,USA,Yes,0
331,Oppo,5703,0,2.1,0,10,0,128,0.8,121,4,53,628,829,6144,7,10,19,0,0,MediaTek Dimensity,4899,LCD,144,0,WiFi 7,5.2,Yes,Yes,No,Android,12.5,65,85.7,55.0,72.6,1303.21,Flagship,1400.44,6.16,Gamer,5.0,576,97.6,81.6,80.5,10,11901.12,3.83,26234,30769570.03,3.54,24,E-commerce Marketplace,UK,No,1
332,Oppo,6471,1,2.6,0,12,1,512,0.5,108,10,73,2092,1832,4096,19,4,11,0,0,Exynos,4097,Super AMOLED,60,0,WiFi 6E,5.0,Yes,Yes,No,Android,16.9,80,81.9,60.2,97.0,1832.28,Flagship,1603.97,6.05,Business User,4.31,711,95.3,69.8,65.1,0,100246.46,10.58,47226,86531255.28,1.55,18,Telecom Partner,UAE,Yes,1
333,Motorola,3133,0,2.7,1,20,1,128,1.0,123,6,78,275,1680,6144,9,3,19,1,1,Exynos,4306,LCD,90,1,WiFi 6E,5.4,No,Yes,Yes,Android,13.6,65,85.7,56.1,78.0,1390.43,Flagship,1271.37,9.11,Business User,5.0,7798,100.0,100.0,93.1,10,66744.38,11.1,49780,62294044.86,4.44,18,E-commerce Marketplace,UK,Yes,0
334,Vivo,2651,0,2.6,1,11,1,512,0.5,101,10,20,175,1178,8192,10,11,20,1,1,Apple Bionic,5454,AMOLED,120,1,WiFi 6E,5.0,Yes,No,Yes,Android,14.2,25,89.0,44.6,75.9,1906.51,Flagship,2069.63,3.82,Gamer,3.87,4916,79.3,93.3,84.4,10,14322.26,4.21,31400,53877972.6,5.18,12,Online Store,USA,No,0
335,Realme,4711,0,1.4,1,21,1,128,0.1,206,10,23,335,1693,12288,11,7,7,0,1,Apple Bionic,6798,AMOLED,120,1,WiFi 5,5.4,Yes,Yes,Yes,Android,15.9,18,87.7,58.6,93.7,1987.72,Flagship,2093.14,4.08,Student,4.94,1270,100.0,91.9,48.5,0,246812.83,6.86,37041,73627136.52,7.67,24,Retail Store,Australia,Yes,2
336,Samsung,5794,0,2.7,0,12,1,128,0.8,152,6,61,697,2021,3072,11,3,8,1,0,MediaTek Dimensity,3397,IPS LCD,90,1,WiFi 6E,5.0,Yes,Yes,Yes,Android,18.3,18,79.6,87.5,87.0,1312.76,Flagship,1216.72,14.7,Gamer,4.3,5625,86.1,95.7,48.3,20,10268.9,4.12,26501,27831562.21,3.67,18,Retail Store,India,No,1
337,OnePlus,5918,1,3.3,1,9,1,128,0.1,82,8,29,1613,890,4096,6,1,13,0,1,Exynos,4330,Super AMOLED,144,1,WiFi 6,5.3,No,Yes,Yes,Android,17.0,18,82.7,59.6,90.7,1235.05,Flagship,1447.18,5.16,Professional,4.82,1349,97.9,100.0,77.4,15,11183.77,11.98,49526,51992023.36,3.63,24,Telecom Partner,India,Yes,1
338,Xiaomi,5011,1,2.7,1,4,1,64,0.6,91,8,98,591,726,4096,14,0,12,1,0,Exynos,4980,Super AMOLED,120,1,WiFi 6E,5.1,No,Yes,Yes,Android,17.2,45,100.0,89.9,80.1,1507.12,Flagship,1546.97,10.37,General User,4.9,537,97.6,64.9,85.2,15,24328.6,3.8,35848,45923152.1,6.88,24,Telecom Partner,Germany,Yes,1
339,Vivo,6036,0,1.3,0,21,1,128,0.3,191,4,49,828,1450,4096,18,8,9,0,0,Apple Bionic,3349,IPS LCD,120,1,WiFi 7,5.1,Yes,Yes,Yes,Android,16.6,80,78.2,69.3,60.2,1549.63,Flagship,1374.23,9.4,Business User,5.0,7312,100.0,100.0,80.9,10,107850.42,3.49,25392,35413384.46,5.22,24,Online Store,Australia,No,1
340,OnePlus,2763,0,2.2,0,30,1,16,0.4,124,8,63,1414,1826,4096,9,4,6,1,0,Exynos,3813,IPS LCD,120,1,WiFi 6,5.2,No,No,Yes,Android,16.7,45,87.1,67.2,65.5,1218.53,Flagship,1425.94,10.66,Gamer,5.0,350,100.0,82.6,62.0,10,55185.68,6.07,18498,20286331.15,2.23,12,Telecom Partner,India,No,0
341,Vivo,2709,1,2.3,1,6,1,512,0.4,223,8,46,2125,1187,6144,16,10,15,0,0,Google Tensor,4698,LCD,120,0,WiFi 6,5.4,No,Yes,Yes,Android,15.0,120,88.6,72.9,75.1,1975.49,Flagship,1629.89,10.42,Professional,3.52,648,81.3,99.9,54.0,5,33991.1,3.05,31119,58401509.64,2.6,24,E-commerce Marketplace,Singapore,No,0
342,Samsung,3726,0,2.6,0,19,1,32,0.9,107,6,11,960,2034,8192,11,9,2,0,1,Apple Bionic,4994,IPS LCD,120,1,WiFi 5,5.2,No,Yes,No,Android,15.3,33,83.7,68.6,82.5,1469.05,Flagship,1422.63,13.31,Student,5.0,4037,99.4,100.0,100.0,5,37498.31,6.07,38800,54149183.0,2.1,18,E-commerce Marketplace,Singapore,Yes,0
343,Oppo,6594,0,1.6,1,4,1,32,0.9,226,8,62,1111,2119,8192,15,11,9,0,1,Apple Bionic,5288,LCD,120,1,WiFi 5,5.2,Yes,Yes,No,Android,15.5,25,91.0,89.5,75.4,1338.78,Flagship,1229.57,0.65,General User,4.45,5732,95.9,100.0,94.7,5,678088.74,12.1,66088,84053428.01,6.4,12,E-commerce Marketplace,UAE,Yes,1
344,OnePlus,4075,1,3.3,1,28,1,128,0.8,177,6,51,1779,1891,6144,14,5,19,0,0,Snapdragon,5387,Super AMOLED,144,1,WiFi 6,5.3,Yes,Yes,Yes,Android,13.0,80,91.3,40.7,95.8,1641.45,Flagship,1346.29,0.1,General User,4.47,1401,88.4,79.2,70.7,20,16498.58,4.07,22719,29833682.04,2.18,12,E-commerce Marketplace,India,No,0
345,Vivo,6204,0,1.3,1,3,1,64,0.5,123,10,45,2172,873,6144,17,1,11,0,1,Snapdragon,4968,LCD,144,1,WiFi 6,5.0,Yes,Yes,No,Android,18.3,33,87.8,61.2,100.0,1467.17,Flagship,1481.48,0.11,Professional,3.76,410,76.3,90.6,73.8,25,39789.27,8.7,42403,46659307.13,5.4,36,E-commerce Marketplace,Germany,Yes,1
346,Samsung,3546,0,3.0,0,4,1,256,0.6,197,6,32,585,1944,6144,7,9,6,1,0,Google Tensor,4327,LCD,60,1,WiFi 6,5.3,Yes,Yes,Yes,Android,14.2,18,87.0,72.3,77.0,1475.41,Flagship,1270.58,23.57,Student,4.69,399,100.0,100.0,73.5,0,26721.69,3.66,32319,47683775.79,7.76,24,Online Store,USA,No,0
347,Xiaomi,2846,0,1.1,0,4,1,128,1.0,141,10,25,1980,604,12288,16,8,7,1,0,Google Tensor,6818,LCD,90,1,WiFi 6,5.1,Yes,Yes,Yes,Android,18.4,45,98.4,34.0,77.3,1469.41,Flagship,1256.05,0.1,General User,4.75,1860,92.6,97.1,80.5,5,82116.8,10.38,38901,54303442.49,7.11,36,Retail Store,Germany,Yes,0
348,Xiaomi,3153,1,2.7,0,16,1,128,0.8,131,10,87,845,2353,8192,7,9,9,1,0,Google Tensor,5400,IPS LCD,120,1,WiFi 6,5.2,No,Yes,Yes,Android,14.4,80,89.8,95.9,75.8,1630.32,Flagship,1725.17,9.94,Student,4.98,4654,100.0,94.8,53.0,10,21102.73,5.61,34814,51082164.43,3.89,18,Online Store,Australia,No,0
349,Vivo,3031,0,2.5,1,4,1,128,0.3,192,10,53,781,714,6144,8,0,19,0,0,Apple Bionic,4886,IPS LCD,60,0,WiFi 7,5.1,Yes,Yes,Yes,Android,15.7,18,87.9,87.3,66.1,1346.21,Flagship,1294.35,5.87,Gamer,5.0,4457,100.0,100.0,80.7,10,634098.22,7.86,71921,87138692.47,7.31,18,Online Store,Australia,Yes,0
350,Oppo,3783,0,1.6,0,0,1,128,0.5,139,6,79,1268,2347,12288,18,8,19,0,0,Snapdragon,5332,Super AMOLED,90,1,WiFi 6,5.0,Yes,No,Yes,Android,15.2,25,82.9,23.9,69.8,1639.13,Flagship,1497.36,1.11,General User,4.04,1843,78.4,89.4,64.7,10,90189.35,7.37,44951,66312479.37,4.93,24,Online Store,UK,Yes,2
351,Motorola,4250,0,2.6,1,22,1,128,0.1,136,4,15,1441,1548,4096,15,3,12,0,0,Apple Bionic,3819,AMOLED,144,1,WiFi 6,5.4,No,Yes,Yes,Android,18.4,25,85.9,49.5,67.1,1288.91,Flagship,1462.33,7.36,Student,3.78,2443,79.7,100.0,71.4,0,50680.67,6.18,50527,65124755.57,5.63,12,Telecom Partner,India,Yes,0
352,Realme,5396,1,2.8,0,14,1,128,0.7,233,8,51,251,2048,2048,6,2,6,1,1,Apple Bionic,3779,IPS LCD,144,1,WiFi 6E,5.1,Yes,Yes,Yes,Android,16.2,33,86.2,70.7,99.9,1457.51,Flagship,1659.8,4.9,Business User,4.88,2272,96.3,97.0,66.5,10,161570.13,7.14,43869,57545555.57,0.5,24,Retail Store,UK,Yes,1
353,Motorola,2638,1,2.4,1,4,1,64,0.5,170,10,96,627,1174,12288,15,0,12,0,0,Google Tensor,7129,Super AMOLED,60,1,WiFi 6,5.1,No,Yes,Yes,Android,18.3,65,91.6,99.4,100.0,1772.95,Flagship,2054.05,3.45,Student,5.0,454,98.6,83.6,76.2,10,35846.96,7.83,36364,58024398.42,9.97,18,Online Store,UAE,Yes,2
354,Xiaomi,5852,0,2.2,0,1,1,512,0.1,152,10,94,2022,1901,12288,5,0,14,0,0,Exynos,6698,Super AMOLED,90,0,WiFi 7,5.4,Yes,Yes,No,Android,15.9,80,91.9,83.2,89.6,2244.4,Flagship,1902.8,4.29,Student,4.36,1215,95.2,99.9,87.3,20,75655.88,6.52,44125,79227320.0,0.5,36,Online Store,Australia,Yes,2
355,OnePlus,4946,1,1.3,0,12,1,512,0.1,96,8,59,1059,1419,8192,12,0,16,1,1,Google Tensor,4423,IPS LCD,90,1,WiFi 6,5.0,Yes,No,No,Android,14.2,25,87.9,77.8,78.7,2186.3,Flagship,2387.73,12.87,Student,4.93,229,100.0,100.0,70.3,10,129628.83,1.73,36029,70893182.43,3.38,24,Online Store,Singapore,Yes,2
356,Oppo,4819,0,1.0,1,23,1,64,0.8,153,6,32,1412,1246,4096,17,2,7,1,0,Exynos,3299,LCD,60,0,WiFi 6,5.3,Yes,Yes,Yes,Android,13.5,45,95.0,60.6,85.5,1081.57,Premium,1149.66,8.27,Student,4.54,2268,76.3,68.9,56.0,5,68628.66,5.96,34190,35129934.38,7.4,24,Retail Store,UK,No,0
357,Google,5847,0,3.2,1,30,1,256,0.2,161,4,69,1795,2156,8192,17,9,12,1,1,Exynos,4585,AMOLED,120,1,WiFi 6,5.0,No,Yes,Yes,Android,15.6,80,85.9,38.1,90.6,1848.72,Flagship,1612.44,9.61,Business User,4.17,531,91.1,89.8,65.3,20,114870.4,5.71,44055,65156287.68,5.39,36,Telecom Partner,UK,Yes,1
358,Motorola,5272,1,2.4,1,6,1,128,1.0,146,10,57,1241,908,6144,16,11,7,1,1,Exynos,5510,LCD,60,0,WiFi 6E,5.2,Yes,Yes,Yes,Android,15.1,80,82.6,68.9,84.5,1252.4,Flagship,1333.62,7.56,Professional,4.97,1480,100.0,100.0,49.5,20,84830.64,9.41,46053,46141421.76,7.36,36,Telecom Partner,Germany,Yes,1
359,Apple,5516,0,1.8,1,22,1,512,0.6,125,8,70,731,1001,6144,14,2,16,1,1,Google Tensor,4119,AMOLED,60,1,WiFi 6E,5.3,No,No,Yes,iOS,16.8,120,89.2,66.7,85.0,2396.28,Flagship,1979.91,13.57,Student,4.39,1254,99.0,92.8,100.0,10,25927.67,6.05,25033,53987469.52,7.46,18,Telecom Partner,UK,No,2
360,Apple,6847,0,2.8,0,26,1,256,1.0,120,10,49,390,1500,6144,7,9,18,0,0,Exynos,5159,OLED,144,0,WiFi 6E,5.4,Yes,Yes,Yes,iOS,17.5,45,100.0,67.9,85.9,2148.06,Flagship,2217.55,20.58,General User,4.67,1340,92.7,98.0,70.9,10,109388.36,5.75,36010,69616476.54,6.0,24,Telecom Partner,Germany,Yes,1
361,Oppo,4628,0,1.9,1,0,1,128,0.1,184,4,105,449,547,4096,6,10,8,1,1,Exynos,4060,IPS LCD,60,1,WiFi 6,5.4,Yes,No,Yes,Android,14.1,18,79.4,81.1,72.4,1345.18,Flagship,1340.81,4.33,Student,4.64,905,98.1,90.2,53.6,15,66517.32,9.86,38228,43710009.88,1.13,12,Retail Store,India,Yes,0
362,Google,3144,1,2.3,1,17,1,128,0.2,133,8,11,163,1167,8192,8,2,17,0,0,Exynos,5217,IPS LCD,90,1,WiFi 6,5.4,Yes,Yes,Yes,Android,12.6,120,82.6,39.4,70.3,1593.23,Flagship,1353.07,12.99,Business User,3.82,3430,79.3,89.0,71.0,5,59860.84,7.06,30085,45535708.32,5.61,18,E-commerce Marketplace,USA,No,0
363,Realme,4582,0,3.3,0,17,1,256,0.5,106,4,103,645,1632,6144,9,6,12,0,1,Exynos,4810,OLED,120,1,WiFi 6,5.1,Yes,Yes,Yes,Android,13.5,80,88.3,94.6,97.6,1714.36,Flagship,1707.1,7.47,Student,4.49,2242,82.6,100.0,64.7,0,69577.8,5.17,35530,60911210.8,2.42,12,E-commerce Marketplace,Singapore,Yes,0
364,Apple,6994,0,0.9,1,14,1,128,0.3,111,6,48,803,535,6144,6,0,10,1,0,Exynos,4063,OLED,120,1,WiFi 5,5.3,No,Yes,Yes,iOS,17.3,45,96.3,78.1,100.0,1916.59,Flagship,2187.96,13.84,General User,4.35,5488,87.9,97.4,46.0,5,37663.81,6.82,35878,65325245.22,3.62,18,Retail Store,UK,Yes,1
365,Oppo,5200,0,1.2,0,23,1,64,0.8,173,10,93,600,1229,3072,19,0,10,1,0,Google Tensor,3458,IPS LCD,144,1,WiFi 5,5.2,No,Yes,No,Android,18.8,18,93.7,64.2,78.0,1443.7,Flagship,1543.66,4.11,Gamer,4.53,169,92.4,100.0,86.3,10,47791.71,12.0,39780,51687347.4,1.54,36,E-commerce Marketplace,Singapore,Yes,1
366,OnePlus,6658,0,3.1,1,30,1,256,0.4,160,10,79,1237,1939,8192,15,7,6,0,0,Apple Bionic,5996,AMOLED,90,0,WiFi 6,5.4,Yes,No,Yes,Android,12.1,25,83.7,76.3,75.4,1416.44,Flagship,1567.36,17.41,General User,4.84,4308,98.5,90.7,88.0,15,23727.23,5.6,46692,56215954.01,3.48,18,Telecom Partner,Germany,Yes,1
367,Oppo,3503,0,2.2,1,15,1,32,0.7,156,8,18,182,2212,16384,15,0,2,1,0,MediaTek Dimensity,7849,OLED,120,1,WiFi 6,5.0,No,Yes,Yes,Android,18.5,18,83.0,25.3,75.5,1486.93,Flagship,1621.36,14.84,Student,4.5,4461,86.4,100.0,63.9,0,31135.39,6.75,30722,45681463.46,4.77,12,Online Store,Singapore,No,2
368,Motorola,2931,1,1.9,0,7,0,128,0.8,136,8,14,989,745,8192,12,2,3,0,0,Apple Bionic,5702,AMOLED,120,1,WiFi 5,5.1,Yes,Yes,Yes,Android,13.6,80,82.4,29.5,77.1,1331.37,Flagship,1102.75,7.89,Business User,3.44,335,67.4,90.1,63.4,10,57883.7,7.54,55295,66256293.74,1.1,24,E-commerce Marketplace,Singapore,Yes,0
369,Vivo,4067,1,1.5,1,17,1,128,0.6,99,8,100,914,892,6144,9,0,8,1,1,Snapdragon,4109,AMOLED,90,1,WiFi 6,5.0,Yes,No,No,Android,12.7,33,84.0,95.6,94.7,1546.35,Flagship,1462.17,3.31,General User,5.0,5974,89.7,90.7,44.9,15,91880.87,0.91,19833,26068445.62,8.02,24,Retail Store,Singapore,No,0
370,Apple,4012,1,1.2,1,32,1,128,0.2,115,8,102,1972,1544,3072,18,9,14,1,1,MediaTek Dimensity,2700,AMOLED,60,1,WiFi 6E,5.3,No,Yes,Yes,iOS,16.4,18,97.8,83.5,62.8,1512.33,Flagship,1757.84,7.96,General User,5.0,303,100.0,97.3,74.7,20,8692.7,9.22,31238,37793731.63,1.74,24,Online Store,UK,No,0
371,Google,4347,0,1.7,0,26,1,128,0.2,100,6,64,1182,1500,4096,18,5,18,0,1,Exynos,2769,AMOLED,144,1,WiFi 6,5.0,No,No,Yes,Android,14.3,80,87.0,76.4,77.8,1480.89,Flagship,1709.56,7.15,Professional,5.0,2279,100.0,86.9,75.8,0,7827.33,5.37,32740,48484338.6,5.86,36,Retail Store,India,No,0
372,Realme,4431,1,1.9,0,26,1,256,0.8,89,6,22,643,2221,6144,9,8,8,0,0,Apple Bionic,4361,AMOLED,90,1,WiFi 6E,5.2,No,Yes,Yes,Android,12.2,33,91.0,46.0,74.9,1441.88,Flagship,1262.87,7.68,Business User,4.07,712,84.2,100.0,64.6,10,123634.5,5.3,32175,41753240.1,5.84,36,E-commerce Marketplace,USA,No,0
373,Xiaomi,6951,0,2.9,1,3,1,256,0.4,153,6,80,812,1032,12288,14,6,14,1,0,Snapdragon,6740,AMOLED,120,0,WiFi 5,5.2,No,No,Yes,Android,18.5,65,85.0,59.0,84.3,1793.41,Flagship,1666.75,10.28,Business User,4.39,3282,89.8,100.0,84.2,0,37133.12,7.63,36092,64727753.72,4.68,18,Online Store,UAE,Yes,2
374,Xiaomi,6682,0,0.9,1,26,1,256,0.4,193,4,35,173,2291,4096,7,5,9,1,0,MediaTek Dimensity,2100,LCD,60,1,WiFi 6,5.2,No,No,Yes,Android,18.9,25,79.4,28.4,88.8,1031.47,Premium,1030.78,11.61,Student,4.02,7069,86.1,96.9,71.2,10,114837.69,6.28,44133,40969678.96,3.42,12,E-commerce Marketplace,UAE,Yes,1
375,Vivo,4273,1,3.1,0,29,1,128,0.9,134,8,46,1622,827,12288,10,2,4,0,1,Apple Bionic,6494,IPS LCD,144,1,WiFi 6,5.0,Yes,No,Yes,Android,16.5,33,89.6,67.2,58.9,1881.25,Flagship,2118.75,8.03,Gamer,4.8,165,100.0,96.2,75.7,20,60504.34,6.47,37538,56494690.0,4.55,18,Telecom Partner,Germany,Yes,2
376,Oppo,6522,0,2.9,0,6,1,512,0.8,197,10,63,311,939,4096,12,1,4,0,1,Snapdragon,4426,Super AMOLED,120,1,WiFi 6,5.0,No,Yes,Yes,Android,13.1,25,98.5,58.7,80.7,1948.21,Flagship,2040.83,1.29,Student,4.07,197,80.9,81.2,66.8,20,75968.29,8.52,47671,74298495.13,0.64,24,Retail Store,UK,Yes,1
377,Google,3798,1,3.1,1,21,0,512,0.8,166,4,30,1697,1386,3072,13,7,20,1,1,Snapdragon,3656,LCD,90,1,WiFi 5,5.3,No,Yes,Yes,Android,16.8,18,84.4,50.1,90.3,1547.61,Flagship,1469.95,3.4,Student,4.34,3786,76.7,76.7,57.6,0,17395.27,4.99,28997,44876047.17,4.39,36,Online Store,Australia,No,0
378,Motorola,4406,0,2.8,0,9,1,256,0.5,212,8,51,1295,1416,6144,5,4,10,0,0,Apple Bionic,5713,Super AMOLED,120,1,WiFi 6E,5.0,Yes,Yes,Yes,Android,12.5,25,88.1,73.9,73.0,1606.85,Flagship,1507.15,7.11,Professional,4.46,1590,80.0,100.0,66.7,25,91942.22,10.04,43154,52006503.67,7.38,24,E-commerce Marketplace,India,Yes,0
379,Oppo,6204,1,1.2,0,17,1,128,0.2,155,6,43,650,1212,6144,10,5,7,1,1,Apple Bionic,3756,LCD,120,1,WiFi 5,5.3,No,No,Yes,Android,12.3,45,98.0,65.6,90.4,1378.95,Flagship,1549.66,7.07,General User,3.92,489,91.7,85.6,73.5,10,110031.44,5.65,38387,47640378.28,5.24,12,E-commerce Marketplace,India,Yes,1
380,Realme,4122,0,1.4,0,18,1,16,0.5,183,10,13,1631,714,8192,9,11,18,0,1,MediaTek Dimensity,5631,Super AMOLED,60,0,WiFi 6,5.4,No,No,Yes,Android,18.3,120,80.9,33.1,84.8,1327.99,Flagship,1151.54,8.02,Gamer,5.0,1391,100.0,100.0,70.9,15,16301.85,4.56,34637,39097951.19,3.18,12,E-commerce Marketplace,Germany,No,0
381,Google,4460,1,1.1,0,32,1,512,0.5,199,4,24,1091,1646,2048,5,9,20,0,1,Apple Bionic,1917,LCD,60,1,WiFi 7,5.2,Yes,Yes,Yes,Android,13.9,25,87.2,49.2,84.8,1442.1,Flagship,1640.82,5.52,Gamer,4.77,2869,97.0,77.5,87.4,10,80825.11,5.8,44768,58103939.52,1.71,36,E-commerce Marketplace,Australia,Yes,0
382,OnePlus,6721,1,1.6,1,7,1,128,0.7,169,4,101,1021,902,6144,14,2,10,0,1,Apple Bionic,3882,LCD,120,1,WiFi 7,5.3,Yes,Yes,Yes,Android,15.0,80,92.4,84.2,73.4,1565.82,Flagship,1711.26,8.01,General User,4.79,651,96.5,80.5,52.4,10,12226.31,2.78,30280,42671726.64,3.68,36,Retail Store,USA,No,1
383,Oppo,3701,1,2.8,0,0,1,512,0.8,148,6,42,1602,991,8192,7,9,16,1,1,MediaTek Dimensity,5574,OLED,60,1,WiFi 6,5.2,No,Yes,No,Android,14.7,18,90.1,68.7,84.4,2032.23,Flagship,2302.94,13.73,Professional,4.18,1097,84.1,58.2,66.1,25,35694.54,4.13,27730,42265303.43,7.55,36,Retail Store,UK,No,2
384,Samsung,5450,0,1.4,1,8,1,128,0.7,173,8,30,2120,906,8192,11,6,14,1,0,Apple Bionic,4873,Super AMOLED,90,1,WiFi 7,5.0,Yes,Yes,Yes,Android,19.0,45,85.0,23.6,83.1,1500.98,Flagship,1384.89,9.72,Gamer,4.7,4317,91.1,74.7,66.8,0,54530.86,4.81,33378,50099710.44,5.21,36,Online Store,UK,No,1
385,OnePlus,5572,0,2.2,0,10,1,256,0.5,210,10,85,1133,1196,4096,14,7,3,1,0,Snapdragon,3439,IPS LCD,144,1,WiFi 6,5.0,Yes,Yes,Yes,Android,15.7,25,88.2,100.0,63.3,1579.25,Flagship,1482.9,7.52,Business User,4.14,1001,78.0,93.4,54.7,10,215854.75,11.97,48749,69288172.42,7.78,18,E-commerce Marketplace,Australia,Yes,1
386,Apple,4097,0,2.4,0,15,1,16,0.2,192,4,27,920,1524,8192,9,11,4,1,1,Snapdragon,5018,IPS LCD,144,1,WiFi 6E,5.2,No,Yes,Yes,iOS,17.0,18,85.6,45.6,66.0,1909.5,Flagship,1567.05,8.57,General User,4.28,2667,78.7,100.0,58.7,15,138899.19,3.39,28952,46991267.4,6.97,24,E-commerce Marketplace,UAE,No,2
387,Apple,2773,1,2.3,1,22,1,64,0.8,88,6,43,2140,1786,6144,12,8,8,0,0,Snapdragon,4739,IPS LCD,90,1,WiFi 6,5.2,Yes,Yes,Yes,iOS,19.5,45,81.5,48.7,68.7,1717.48,Flagship,1462.88,14.02,Professional,4.16,989,81.6,93.7,86.9,10,86874.7,9.09,52043,80444530.48,5.55,36,Retail Store,UAE,Yes,0
388,Xiaomi,3131,1,3.1,1,17,1,512,0.5,151,8,9,576,1911,8192,19,9,7,0,1,MediaTek Dimensity,5930,LCD,60,0,WiFi 6,5.2,No,Yes,Yes,Android,14.5,33,100.0,33.8,74.4,1738.4,Flagship,1682.97,6.71,Gamer,4.23,508,77.7,84.1,68.2,10,50379.68,1.54,18129,28363908.24,1.32,36,E-commerce Marketplace,Singapore,No,0
389,Motorola,4123,0,3.4,1,4,1,256,0.7,99,10,38,1109,1932,6144,17,3,12,0,0,Exynos,5895,Super AMOLED,144,0,WiFi 6,5.3,Yes,Yes,Yes,Android,16.3,120,96.1,56.2,85.5,1632.22,Flagship,1462.07,1.38,Business User,4.94,1453,99.5,69.8,75.3,10,47981.45,14.03,45801,67281577.4,4.25,12,Telecom Partner,UAE,Yes,0
390,Xiaomi,6757,0,2.7,1,19,1,16,0.6,193,10,76,936,1558,2048,14,11,11,1,1,Exynos,3824,Super AMOLED,60,1,WiFi 7,5.1,Yes,No,No,Android,12.1,65,80.3,80.2,90.2,1195.66,Premium,1060.87,1.54,Gamer,5.0,317,93.7,92.1,87.3,0,49967.1,4.6,45819,54783945.54,4.07,18,Online Store,Singapore,Yes,1
391,Realme,5035,0,2.4,1,29,1,32,0.2,217,10,76,1750,2015,4096,7,10,18,0,1,Google Tensor,4342,IPS LCD,144,1,WiFi 6,5.4,Yes,Yes,Yes,Android,17.5,33,89.2,63.6,86.4,1437.53,Flagship,1191.04,6.4,Professional,4.35,25579,82.9,93.9,53.1,0,838721.57,10.74,88713,127527598.9,0.5,24,E-commerce Marketplace,India,Yes,1
392,OnePlus,5483,0,1.6,1,5,1,128,0.2,86,10,42,1293,2188,4096,14,9,17,0,1,Apple Bionic,3938,LCD,144,1,WiFi 5,5.3,No,No,Yes,Android,16.7,80,86.3,73.8,51.0,1371.98,Flagship,1318.51,3.3,Business User,4.33,695,84.8,86.4,91.9,5,15492.71,4.28,39082,50938736.24,0.5,36,Online Store,Singapore,Yes,1
393,Samsung,4887,1,1.4,1,6,1,64,0.1,142,6,107,1431,2151,8192,15,4,13,0,1,MediaTek Dimensity,5008,LCD,120,1,WiFi 7,5.4,Yes,Yes,Yes,Android,18.7,120,87.5,100.0,79.5,1774.07,Flagship,2077.54,14.85,General User,5.0,3365,100.0,75.9,96.2,5,69485.77,5.42,40580,68392172.57,5.82,36,Online Store,UK,Yes,2
394,Xiaomi,3996,1,3.4,1,24,1,16,1.0,223,4,12,160,2050,4096,14,11,17,0,1,Apple Bionic,3516,LCD,90,1,WiFi 6,5.0,Yes,No,Yes,Android,15.9,18,87.4,60.1,69.6,1227.98,Flagship,1062.42,4.37,Professional,3.8,418,65.2,67.4,39.9,5,23946.48,3.84,19170,22363357.77,10.79,24,Telecom Partner,India,No,0
395,Xiaomi,6033,1,2.9,1,0,1,64,0.3,240,8,75,1403,1877,6144,10,1,14,0,1,Exynos,5227,IPS LCD,60,1,WiFi 6E,5.0,No,No,Yes,Android,13.8,33,84.1,67.9,63.6,1392.1,Flagship,1277.04,8.41,Gamer,4.31,3759,83.2,73.3,62.7,5,96842.66,10.15,45459,60119300.2,8.33,18,Retail Store,Singapore,Yes,1
396,Samsung,5888,1,3.1,1,6,1,64,0.2,164,10,27,1581,953,8192,12,10,6,1,0,MediaTek Dimensity,5569,IPS LCD,60,1,WiFi 6,5.4,Yes,Yes,Yes,Android,18.2,120,96.1,46.8,93.9,1364.87,Flagship,1457.27,18.24,General User,4.03,1247,81.4,66.1,50.1,25,39437.45,9.08,34227,35036554.12,5.44,18,Online Store,Singapore,No,1
397,Vivo,3685,0,2.3,1,0,1,256,0.9,113,8,40,2115,1059,3072,5,2,14,0,1,MediaTek Dimensity,3436,Super AMOLED,60,1,WiFi 6,5.2,Yes,Yes,Yes,Android,12.4,18,95.1,65.0,77.3,1353.11,Flagship,1561.07,0.1,General User,4.45,1001,86.0,70.8,79.1,20,27204.87,8.65,26028,28174997.66,2.23,24,Retail Store,Germany,No,0
398,Apple,4851,1,1.3,0,24,1,512,0.6,179,6,11,548,1278,2048,12,7,7,1,1,Google Tensor,2357,LCD,60,1,WiFi 6,5.3,Yes,Yes,Yes,iOS,17.5,120,82.3,49.4,64.8,2009.63,Flagship,1986.19,9.71,Student,3.94,1387,91.0,61.9,51.1,0,122773.28,2.69,26538,53331560.94,4.68,36,Retail Store,UAE,No,1
399,Google,3479,1,2.5,0,3,1,512,0.5,187,8,69,1837,1181,12288,9,1,12,1,0,Snapdragon,6196,LCD,60,1,WiFi 5,5.4,No,Yes,Yes,Android,18.4,18,83.3,97.4,74.7,2025.79,Flagship,2321.19,10.58,Student,4.48,769,93.8,91.7,66.7,5,315520.14,12.96,60749,116911480.9,7.6,18,Online Store,UK,Yes,2
400,Realme,4579,0,2.1,1,17,1,256,0.3,184,6,7,2194,1220,2048,16,8,17,0,1,Google Tensor,2155,LCD,90,1,WiFi 6,5.0,No,Yes,Yes,Android,12.0,18,100.0,33.7,46.1,1059.24,Premium,1100.53,9.28,Business User,3.82,1233,90.0,83.1,68.7,10,57621.61,0.42,34113,32520468.71,4.55,12,Telecom Partner,Australia,No,0
401,OnePlus,3521,1,1.7,0,18,1,128,0.2,85,10,106,1314,1873,12288,5,3,8,1,1,Exynos,6560,IPS LCD,120,1,WiFi 6,5.0,No,Yes,Yes,Android,14.6,18,98.2,68.6,68.7,1637.85,Flagship,1800.11,7.63,Professional,4.01,8661,92.3,76.9,83.8,15,13049.64,6.03,35824,49873187.64,0.79,18,Retail Store,Germany,Yes,2
402,Oppo,6741,1,2.6,1,28,1,64,0.7,211,4,78,1122,829,6144,10,7,4,0,0,Exynos,3911,IPS LCD,90,0,WiFi 6,5.4,Yes,Yes,Yes,Android,17.6,25,76.5,88.2,77.7,1306.96,Flagship,1214.47,4.3,Gamer,4.65,8137,91.4,99.0,76.0,5,116380.32,8.21,48821,60616739.45,1.36,18,Telecom Partner,Singapore,Yes,1
403,Apple,5084,0,3.4,1,22,1,128,1.0,224,4,32,641,1231,4096,6,2,11,0,0,Apple Bionic,3505,IPS LCD,144,1,WiFi 6E,5.2,Yes,Yes,Yes,iOS,19.8,18,89.9,36.1,41.9,1554.18,Flagship,1788.35,14.89,Professional,4.3,2848,80.6,100.0,73.8,20,20494.27,2.3,29846,37108845.02,8.35,24,Telecom Partner,USA,No,1
404,Vivo,6236,1,3.2,0,31,1,256,0.6,126,4,19,1069,2293,16384,7,7,19,1,0,Exynos,8516,OLED,144,0,WiFi 6,5.0,Yes,Yes,Yes,Android,18.2,120,88.1,71.2,87.4,2183.3,Flagship,2269.87,10.0,Professional,4.1,2611,87.4,100.0,87.9,10,102294.02,5.51,43856,86175724.32,0.5,12,E-commerce Marketplace,UAE,Yes,2
405,Google,5306,1,2.7,0,19,1,128,0.4,148,8,15,908,2003,4096,16,4,17,1,0,Snapdragon,3501,IPS LCD,60,1,WiFi 6,5.3,No,Yes,Yes,Android,18.3,80,84.5,38.7,72.4,1211.8,Flagship,1032.88,5.39,Business User,3.65,2256,81.5,72.1,36.0,0,168894.52,7.03,44330,53719094.0,2.26,18,Telecom Partner,Germany,Yes,1
406,Samsung,4411,1,1.8,1,2,1,32,0.7,125,10,28,2086,2306,4096,16,7,15,0,1,Apple Bionic,3647,Super AMOLED,120,1,WiFi 6,5.4,No,Yes,Yes,Android,13.3,18,79.7,28.6,84.3,1176.18,Premium,993.18,20.22,General User,4.64,192,99.4,100.0,55.3,0,13385.51,6.48,32038,37682454.84,3.21,36,Online Store,USA,No,0
407,Vivo,6491,0,2.9,1,14,1,128,0.5,156,6,12,2182,1129,12288,16,0,4,0,1,Exynos,6956,LCD,144,1,WiFi 5,5.3,Yes,Yes,Yes,Android,14.2,33,86.0,61.1,68.5,1667.61,Flagship,1724.97,9.98,Business User,4.61,1978,90.4,98.0,77.0,5,536012.91,9.16,64217,101734465.8,9.13,24,E-commerce Marketplace,India,Yes,2
408,Vivo,4277,1,3.1,0,1,1,128,0.5,229,10,23,2157,564,2048,19,4,4,0,0,Snapdragon,3820,IPS LCD,144,1,WiFi 6,5.2,Yes,Yes,No,Android,14.8,120,92.0,29.7,70.9,1145.09,Premium,1091.36,3.5,Gamer,4.5,16354,100.0,100.0,86.0,15,210384.14,6.76,57235,55708342.23,4.24,18,Telecom Partner,India,Yes,0
409,Samsung,5962,1,2.2,1,27,1,128,0.6,109,4,104,2192,1242,4096,18,10,16,1,1,Exynos,2955,LCD,120,1,WiFi 5,5.2,Yes,No,Yes,Android,13.9,80,80.5,79.8,79.8,1548.46,Flagship,1343.17,15.1,Business User,4.51,731,88.5,85.3,55.9,0,41467.12,6.39,27920,43233003.2,0.5,36,Online Store,Singapore,No,1
410,Samsung,6780,1,2.8,1,4,1,256,0.3,145,4,25,934,920,8192,17,7,18,1,0,MediaTek Dimensity,5064,AMOLED,60,1,WiFi 6,5.4,No,Yes,No,Android,15.7,45,74.6,47.2,83.0,1721.12,Flagship,1486.41,9.9,Professional,4.76,170,97.3,84.0,78.3,0,61907.93,3.78,29938,51526890.56,2.14,18,Online Store,Singapore,No,1
411,Google,6792,0,2.3,0,20,1,128,0.4,228,8,31,164,1881,12288,5,6,16,0,1,Snapdragon,5822,AMOLED,60,1,WiFi 6E,5.0,Yes,Yes,Yes,Android,15.9,18,82.4,49.5,91.0,1512.99,Flagship,1456.55,16.23,Gamer,4.92,4900,100.0,74.2,71.6,20,121334.65,7.34,29187,35327711.3,4.14,24,E-commerce Marketplace,Australia,No,1
412,Xiaomi,4482,1,1.0,1,6,1,128,0.3,85,10,11,342,644,8192,15,2,4,1,0,Exynos,5611,LCD,144,1,WiFi 6,5.0,Yes,No,Yes,Android,15.0,18,97.6,27.0,84.0,1447.0,Flagship,1527.33,3.84,Business User,3.01,606,70.8,98.4,61.7,25,13894.42,2.05,31757,34464284.25,4.19,18,Telecom Partner,USA,No,0
413,Xiaomi,5168,0,1.3,0,10,1,64,0.8,103,4,52,1611,561,12288,5,11,5,0,1,Google Tensor,5571,LCD,120,1,WiFi 6,5.2,Yes,Yes,Yes,Android,16.5,120,94.5,66.0,76.0,1697.97,Flagship,1809.76,4.29,Professional,5.0,2382,100.0,99.9,81.6,5,33779.34,5.8,39647,63953445.76,10.25,12,Retail Store,Australia,Yes,2
414,Google,2730,1,3.3,0,6,1,256,1.0,152,8,38,1360,1350,3072,19,8,6,0,1,Exynos,3962,IPS LCD,120,1,WiFi 6E,5.2,Yes,No,No,Android,15.8,120,89.9,64.3,68.7,1491.22,Flagship,1262.19,1.42,Gamer,4.74,1855,96.9,100.0,99.9,15,31038.82,2.79,24775,31403229.18,5.32,18,Telecom Partner,UAE,No,0
415,Realme,4372,1,2.4,0,2,1,128,0.6,214,4,60,2166,1783,4096,7,10,19,0,1,Exynos,3688,LCD,90,1,WiFi 6,5.3,Yes,Yes,Yes,Android,12.9,120,93.8,75.0,70.3,1436.22,Flagship,1231.33,7.23,General User,4.2,595,80.6,75.1,73.4,5,16101.51,1.52,8425,11495145.82,5.67,36,Telecom Partner,UAE,No,0
416,OnePlus,4503,1,2.2,1,16,1,64,0.9,121,10,69,298,1556,6144,12,9,19,0,1,Google Tensor,4294,AMOLED,144,1,WiFi 5,5.1,No,No,Yes,Android,18.0,80,72.8,67.2,83.5,1426.42,Flagship,1577.9,13.8,Student,4.12,1456,83.0,71.9,73.8,5,88597.75,0.91,29366,39793837.23,1.21,24,Retail Store,USA,No,0
417,OnePlus,6941,0,2.5,1,6,1,64,0.9,128,8,29,1656,1485,6144,12,3,19,0,0,Google Tensor,5401,AMOLED,144,0,WiFi 6E,5.1,No,Yes,Yes,Android,14.0,120,100.0,46.2,65.9,1264.79,Flagship,1339.94,7.03,Professional,4.89,2189,98.6,100.0,82.2,10,124001.85,5.18,43637,49672477.11,2.0,18,E-commerce Marketplace,UAE,Yes,1
418,Samsung,4990,1,0.9,0,19,1,256,0.8,130,8,57,1450,1293,4096,9,3,8,0,1,Exynos,3881,LCD,120,0,WiFi 6E,5.4,Yes,Yes,Yes,Android,14.4,45,92.3,97.9,84.2,1437.12,Flagship,1423.12,18.35,Professional,5.0,2964,100.0,100.0,70.0,5,78623.44,10.01,55738,76097084.83,4.36,18,Telecom Partner,Australia,Yes,1
419,OnePlus,6429,1,2.8,1,32,1,128,0.5,150,10,24,246,518,8192,7,0,8,0,1,Google Tensor,5799,IPS LCD,90,1,WiFi 6E,5.0,Yes,No,Yes,Android,13.4,33,97.9,47.4,81.1,1478.17,Flagship,1220.11,5.33,Professional,4.17,2478,78.1,54.4,21.3,5,78853.34,7.18,29535,41474863.4,4.67,24,Telecom Partner,UAE,No,1
420,Apple,3141,0,1.2,0,20,1,256,0.8,197,8,102,1271,2286,12288,16,4,7,1,1,Snapdragon,6801,Super AMOLED,60,1,WiFi 6E,5.3,Yes,Yes,Yes,iOS,16.7,80,88.4,72.5,87.0,2447.43,Flagship,2773.75,10.86,Student,4.58,3445,87.7,89.1,53.2,10,58903.93,3.72,24028,52926163.24,6.4,18,E-commerce Marketplace,USA,No,2
421,Realme,4264,0,2.9,0,4,1,512,0.8,103,4,104,222,2006,6144,19,9,19,0,1,Exynos,4293,OLED,60,1,WiFi 6E,5.2,No,Yes,Yes,Android,15.7,45,95.0,94.1,83.7,1876.97,Flagship,1725.11,10.49,Professional,5.0,297,96.5,96.7,82.7,10,134134.22,6.4,34841,58855960.59,5.7,36,Telecom Partner,Germany,No,0
422,Realme,3092,0,2.8,1,23,1,128,0.2,204,10,84,429,1232,12288,17,3,11,0,0,MediaTek Dimensity,7860,IPS LCD,90,1,WiFi 6,5.4,No,Yes,Yes,Android,18.8,25,93.2,61.1,86.8,1703.25,Flagship,1940.6,4.54,General User,5.0,2002,100.0,100.0,83.5,10,41421.47,4.98,31545,48356119.12,4.68,24,Telecom Partner,Australia,No,2
423,OnePlus,5051,0,2.6,0,19,1,128,1.0,167,4,70,168,2105,8192,7,8,18,1,0,Google Tensor,5171,Super AMOLED,90,0,WiFi 5,5.0,Yes,No,Yes,Android,17.1,18,80.2,68.1,80.8,1280.26,Flagship,1080.63,9.12,Gamer,5.0,3348,100.0,100.0,65.1,5,177221.57,6.22,42487,51674686.29,4.26,18,E-commerce Marketplace,UK,Yes,1
424,Google,5296,0,2.9,0,1,1,256,0.3,170,8,71,750,588,2048,14,3,3,0,1,Snapdragon,3364,IPS LCD,144,1,WiFi 6,5.2,No,Yes,Yes,Android,13.0,65,89.8,81.5,64.3,1636.0,Flagship,1617.61,7.98,Professional,4.76,2696,100.0,89.5,71.5,10,11919.06,8.07,49100,72294840.0,8.84,24,Online Store,Australia,Yes,1
425,OnePlus,2731,0,2.6,1,25,1,256,0.5,178,4,26,774,2185,4096,13,7,10,0,1,Exynos,3303,OLED,144,1,WiFi 6E,5.1,No,Yes,Yes,Android,14.3,80,85.6,41.1,96.6,1683.9,Flagship,1490.77,0.1,Student,3.55,2231,85.5,76.9,63.6,5,26612.66,6.94,18036,28852279.38,7.09,24,E-commerce Marketplace,USA,No,0
426,Google,4312,0,3.4,0,9,1,128,0.9,202,10,76,1718,1315,2048,18,0,16,1,1,Exynos,4757,LCD,60,1,WiFi 6,5.1,No,Yes,Yes,Android,14.9,65,90.8,68.0,73.0,1058.58,Premium,969.2,10.61,Business User,4.76,1177,100.0,100.0,68.8,20,145637.36,2.45,42559,36041684.98,7.33,36,Online Store,India,Yes,0
427,Vivo,5684,0,2.0,0,11,1,256,0.1,230,10,72,1266,1556,3072,15,10,17,0,0,Google Tensor,3562,Super AMOLED,144,1,WiFi 6E,5.4,Yes,No,Yes,Android,16.1,18,85.4,57.9,79.1,1378.66,Flagship,1181.96,9.83,Business User,4.74,1194,98.4,78.5,78.2,20,81149.27,13.25,51585,56894540.88,5.94,24,Online Store,India,Yes,1
428,Google,5578,1,2.7,1,9,1,128,0.4,129,8,92,589,515,8192,9,4,12,0,0,Google Tensor,5582,OLED,60,0,WiFi 5,5.3,Yes,No,Yes,Android,13.1,120,89.0,93.9,100.0,1615.98,Flagship,1329.2,21.0,Professional,4.5,310,87.5,88.7,60.8,5,448673.66,8.38,53194,81662418.11,9.38,18,Online Store,USA,Yes,1
429,Apple,5057,1,1.1,0,23,1,128,0.2,195,8,71,1835,1446,6144,13,11,19,0,1,Snapdragon,4032,LCD,120,1,WiFi 6,5.3,Yes,Yes,Yes,iOS,18.2,33,95.0,77.1,75.4,1745.62,Flagship,1505.43,8.8,Professional,4.58,3456,99.2,99.0,72.2,0,187318.52,14.27,65055,113561309.1,11.7,24,E-commerce Marketplace,UK,Yes,1
430,Oppo,4209,1,1.8,0,16,1,128,0.3,93,6,92,263,1897,6144,11,0,20,1,1,Exynos,4143,Super AMOLED,90,1,WiFi 5,5.4,Yes,No,No,Android,18.4,80,66.1,83.7,78.8,1572.28,Flagship,1441.18,3.59,Student,5.0,1183,100.0,92.7,81.1,15,16678.49,13.68,51640,69013658.32,4.03,24,Telecom Partner,Singapore,Yes,0
431,Vivo,4875,1,2.4,0,20,0,256,0.7,191,8,105,1271,1352,6144,8,0,14,0,0,Google Tensor,5170,OLED,60,1,WiFi 5,5.3,No,No,No,Android,14.9,33,73.5,100.0,72.7,1404.04,Flagship,1369.1,0.1,Professional,4.19,6871,82.7,100.0,77.3,10,44398.4,7.43,38359,48471813.32,5.03,24,Retail Store,Singapore,Yes,1
432,Realme,3096,1,2.1,0,26,1,256,0.9,185,4,65,587,2090,4096,14,10,16,0,0,Google Tensor,2988,IPS LCD,120,0,WiFi 6,5.2,No,Yes,Yes,Android,12.6,120,93.3,57.1,71.5,1413.71,Flagship,1590.62,13.77,Gamer,3.43,814,73.8,86.3,67.4,0,17254.6,5.17,42628,60263629.88,1.75,12,Retail Store,Germany,Yes,0
433,Apple,5271,1,2.2,1,11,1,128,0.9,112,4,37,1265,526,6144,6,9,11,0,1,Snapdragon,3714,LCD,120,1,WiFi 6,5.1,No,No,Yes,iOS,16.3,18,90.2,51.3,74.0,1503.02,Flagship,1593.19,17.78,Gamer,4.27,2511,78.8,100.0,86.2,0,156116.47,8.08,59872,89988813.44,4.21,18,Retail Store,Singapore,Yes,1
434,Xiaomi,3014,1,2.7,1,13,1,512,0.7,207,4,63,985,508,8192,14,2,17,0,0,Snapdragon,4673,OLED,90,1,WiFi 5,5.4,Yes,Yes,No,Android,15.6,120,84.0,90.7,92.9,2065.07,Flagship,2274.35,9.28,Gamer,4.86,1495,99.6,88.7,99.2,25,20057.99,7.84,39074,60517908.89,0.5,36,Telecom Partner,UK,Yes,2
435,Realme,3592,0,2.7,0,12,1,128,0.1,130,4,29,1974,1200,2048,8,10,20,0,1,Google Tensor,3316,Super AMOLED,60,1,WiFi 6,5.2,No,Yes,Yes,Android,16.1,45,90.5,62.6,81.7,1096.89,Premium,1288.8,4.43,Gamer,4.12,4427,94.0,78.5,74.1,20,51920.16,4.26,31117,27305540.9,3.22,24,Telecom Partner,UAE,No,0
436,Samsung,3880,0,1.0,1,31,1,128,1.0,113,4,90,1038,1706,16384,6,5,13,1,0,Exynos,6199,OLED,60,1,WiFi 6,5.0,No,No,Yes,Android,12.9,80,98.0,81.1,94.5,1952.93,Flagship,1610.17,16.18,Business User,3.97,1166,75.4,91.8,59.1,5,29308.07,4.26,30117,55875573.17,6.41,12,Telecom Partner,India,No,2
437,Vivo,4340,1,2.2,1,1,1,128,0.9,231,6,15,775,2338,3072,10,3,7,0,0,Exynos,3674,LCD,60,1,WiFi 6E,5.4,No,Yes,Yes,Android,14.1,65,81.9,56.4,93.4,1346.77,Flagship,1545.14,6.66,General User,4.48,1489,94.3,100.0,72.9,20,50680.67,11.49,39480,42536383.68,4.59,24,Telecom Partner,UK,Yes,0
438,Oppo,3638,1,2.6,0,0,1,32,0.3,81,6,36,850,2393,6144,13,0,15,0,0,Snapdragon,4063,OLED,144,1,WiFi 6,5.0,Yes,Yes,Yes,Android,13.6,120,96.6,52.1,95.6,1476.34,Flagship,1231.38,10.53,Gamer,4.82,474,86.2,96.6,79.5,20,46569.89,6.03,32259,38100201.65,7.64,24,Retail Store,Australia,No,0
439,Xiaomi,6591,0,1.1,0,1,1,16,1.0,82,10,39,1085,1599,8192,5,10,4,0,1,MediaTek Dimensity,4838,IPS LCD,90,0,WiFi 6,5.0,Yes,Yes,Yes,Android,12.8,80,90.6,57.3,66.3,1419.15,Flagship,1634.82,8.51,General User,4.59,442,94.9,96.7,67.7,5,42035.44,7.99,44275,59691222.94,2.96,18,E-commerce Marketplace,UAE,Yes,1
440,Realme,5541,0,1.7,0,21,1,512,0.7,123,8,79,435,1356,2048,5,3,6,1,1,Exynos,2568,Super AMOLED,90,1,WiFi 7,5.1,Yes,No,Yes,Android,16.4,45,88.3,100.0,92.8,1847.51,Flagship,2033.04,8.03,Professional,4.71,9682,89.0,80.3,51.5,25,125187.59,4.93,32052,44412292.89,6.72,36,Retail Store,Australia,No,1
441,Motorola,5865,1,3.4,1,29,1,64,0.3,130,8,71,272,1280,2048,11,1,14,0,1,Google Tensor,4176,Super AMOLED,60,0,WiFi 6,5.4,No,Yes,No,Android,17.3,80,96.5,71.4,97.6,1078.9,Premium,1172.25,13.21,Professional,4.7,9364,100.0,96.2,80.0,5,9497.75,4.76,42258,43312548.39,4.29,12,E-commerce Marketplace,USA,Yes,1
442,OnePlus,3570,1,1.5,1,14,1,32,0.9,215,4,107,104,2278,12288,16,10,6,1,1,MediaTek Dimensity,5296,LCD,120,1,WiFi 6E,5.0,Yes,Yes,Yes,Android,17.6,33,78.0,100.0,65.9,1703.75,Flagship,1590.17,12.97,Gamer,4.87,4662,100.0,85.3,46.5,15,194345.47,7.17,32530,47109539.38,10.41,24,E-commerce Marketplace,Australia,No,2
443,Oppo,4609,1,3.4,0,10,1,256,0.2,154,8,25,303,577,16384,13,8,13,0,1,Google Tensor,8289,OLED,144,1,WiFi 6,5.0,No,Yes,Yes,Android,18.0,25,97.0,57.1,83.5,2227.94,Flagship,1961.64,8.14,Student,5.0,530,100.0,73.4,61.7,0,25702.51,4.31,19674,43832491.56,4.62,18,Telecom Partner,USA,No,2
444,Google,4658,0,1.2,1,17,1,64,0.7,152,10,90,2023,1078,6144,8,6,10,0,1,Apple Bionic,5162,Super AMOLED,120,1,WiFi 6,5.4,Yes,Yes,Yes,Android,17.3,33,89.6,81.2,90.1,1443.21,Flagship,1480.48,6.87,Professional,4.63,299,91.4,97.2,80.4,5,245397.66,3.0,37069,50823433.92,2.74,24,E-commerce Marketplace,Singapore,Yes,0
445,Xiaomi,5904,1,1.7,0,15,1,128,0.2,127,4,107,1432,2109,3072,19,1,6,1,0,Snapdragon,3597,AMOLED,120,1,WiFi 5,5.1,Yes,No,Yes,Android,13.9,25,85.2,95.2,98.1,1434.01,Flagship,1564.42,6.0,Professional,4.9,4129,92.6,74.1,69.2,10,79323.29,4.91,26930,34756100.37,6.94,12,Telecom Partner,UK,No,1
446,Apple,2882,0,1.4,1,8,1,256,1.0,122,8,9,743,1453,4096,12,10,9,0,0,Google Tensor,3714,OLED,120,1,WiFi 6,5.3,No,Yes,No,iOS,19.8,33,94.5,21.5,88.9,2045.77,Flagship,2035.39,24.25,General User,4.37,1668,88.6,94.6,68.4,15,43543.35,4.51,24074,41862386.93,2.76,36,E-commerce Marketplace,Germany,No,0
447,Google,5019,1,0.8,1,4,1,128,0.3,170,10,35,883,1450,12288,12,2,11,0,0,MediaTek Dimensity,6405,LCD,144,1,WiFi 6E,5.0,Yes,Yes,Yes,Android,14.1,33,84.7,47.0,78.5,1646.06,Flagship,1585.0,12.87,Business User,4.29,14769,79.1,92.7,79.6,10,26287.55,2.24,34113,50536840.3,8.52,18,Telecom Partner,Germany,No,2
448,OnePlus,3472,0,2.9,0,30,1,64,0.9,138,8,66,701,1742,8192,11,5,8,1,1,Apple Bionic,5938,LCD,120,0,WiFi 6,5.4,Yes,Yes,Yes,Android,12.4,65,92.7,96.2,94.1,1312.61,Flagship,1384.31,14.58,Business User,4.09,1518,89.5,100.0,76.8,20,16042.14,2.65,25401,26673285.29,4.1,24,Retail Store,India,No,0
449,Vivo,3867,0,2.1,1,32,1,64,0.2,218,10,107,572,1531,12288,5,11,17,0,0,Apple Bionic,6844,IPS LCD,90,1,WiFi 7,5.3,No,Yes,Yes,Android,14.3,18,88.3,100.0,76.8,1618.57,Flagship,1521.68,3.1,Student,4.66,1003,98.1,100.0,95.7,0,12357.93,5.55,40117,64932172.69,4.8,24,Telecom Partner,Singapore,Yes,2
450,Oppo,3305,1,1.8,1,6,1,256,0.8,100,4,90,818,2382,6144,11,7,8,1,0,Exynos,3116,IPS LCD,90,1,WiFi 6,5.2,Yes,Yes,No,Android,12.5,120,80.9,82.6,82.8,1889.91,Flagship,2023.33,11.78,Student,5.0,955,96.9,89.5,47.0,10,52204.12,6.91,24176,41121417.74,5.0,12,E-commerce Marketplace,Australia,No,0
451,Apple,3127,1,1.8,1,30,1,128,0.2,147,4,108,1990,1945,6144,13,11,6,0,1,Exynos,3660,Super AMOLED,120,1,WiFi 7,5.2,Yes,Yes,No,iOS,19.7,33,87.9,92.2,90.7,2056.78,Flagship,2358.15,12.0,General User,5.0,1038,92.0,94.8,50.4,20,11996.92,1.05,31813,52345873.71,8.35,36,Telecom Partner,Singapore,No,0
452,Google,3618,1,1.0,0,31,1,128,0.1,223,4,107,1539,2192,2048,11,4,4,1,0,MediaTek Dimensity,1884,OLED,60,1,WiFi 6,5.1,Yes,Yes,Yes,Android,12.9,18,93.7,97.8,67.0,1101.53,Premium,987.73,1.43,Business User,4.49,2414,98.7,78.7,94.9,20,29650.89,2.76,33530,29547440.72,2.63,12,E-commerce Marketplace,India,No,0
453,Realme,3743,0,1.1,0,8,1,64,0.8,155,6,13,900,1965,12288,18,10,10,1,0,Snapdragon,6063,Super AMOLED,120,0,WiFi 6,5.1,Yes,Yes,Yes,Android,18.2,25,90.3,47.9,81.7,1651.45,Flagship,1604.42,3.92,Business User,4.38,1451,88.4,86.1,68.2,10,134596.0,3.04,37426,55626450.93,5.51,12,Retail Store,USA,Yes,2
454,Motorola,6277,0,2.9,0,14,1,512,0.6,227,10,61,1268,2291,4096,5,10,10,0,0,Apple Bionic,5198,LCD,90,1,WiFi 7,5.3,Yes,Yes,Yes,Android,12.6,33,96.3,50.5,74.0,1569.66,Flagship,1768.59,9.73,Gamer,4.44,7509,92.3,95.0,72.5,0,23797.89,2.12,30384,47692549.44,1.16,12,E-commerce Marketplace,Germany,No,1
455,OnePlus,3620,1,2.2,0,22,1,256,0.2,207,10,53,1826,2115,8192,10,1,13,1,1,Apple Bionic,5606,OLED,120,1,WiFi 6,5.2,Yes,Yes,Yes,Android,14.5,25,88.6,44.4,87.3,1702.17,Flagship,1654.29,11.57,Business User,4.51,557,93.6,100.0,69.3,10,140228.94,7.93,42739,65474139.27,6.13,24,Telecom Partner,Singapore,Yes,0
456,OnePlus,3434,0,2.3,1,0,1,256,0.5,163,4,33,852,2353,8192,10,9,10,1,0,Google Tensor,4524,LCD,144,0,WiFi 6,5.1,Yes,Yes,Yes,Android,17.7,45,89.7,54.7,68.2,1605.38,Flagship,1420.39,6.75,Gamer,4.22,1349,87.1,91.3,67.2,10,15750.56,9.24,38542,55687100.36,10.75,18,E-commerce Marketplace,UK,Yes,0
457,OnePlus,2766,1,2.3,0,2,0,256,0.1,225,4,86,1112,1308,3072,12,9,11,0,1,Google Tensor,3232,IPS LCD,90,1,WiFi 6E,5.1,Yes,Yes,Yes,Android,18.6,65,90.6,100.0,82.6,1614.03,Flagship,1867.07,0.62,Gamer,4.86,1295,87.5,100.0,53.1,5,50277.91,3.77,28818,44187460.71,6.61,36,Online Store,India,No,0
458,Google,6825,0,1.6,0,12,1,512,0.7,221,8,94,1498,1730,6144,14,10,20,1,0,Exynos,4525,IPS LCD,144,1,WiFi 6E,5.2,Yes,Yes,Yes,Android,16.9,65,91.8,100.0,73.7,2194.26,Flagship,1944.61,9.02,General User,4.9,2884,97.2,100.0,50.0,0,99336.62,6.24,31732,69628258.32,0.5,18,Online Store,UAE,No,1
459,Realme,6164,1,3.4,1,28,1,128,0.7,131,10,76,263,2000,12288,17,0,12,0,0,MediaTek Dimensity,6692,LCD,60,1,WiFi 6E,5.0,Yes,Yes,Yes,Android,16.7,25,100.0,94.8,74.8,1832.26,Flagship,2042.68,9.49,General User,4.89,15360,100.0,98.2,57.5,5,5000.0,7.78,28629,49832982.96,6.08,18,Telecom Partner,USA,No,2
460,Vivo,4515,1,3.1,1,15,1,128,0.8,80,8,73,1936,1552,8192,12,5,17,0,1,Exynos,5712,LCD,144,1,WiFi 6E,5.3,Yes,Yes,Yes,Android,14.7,65,87.5,46.5,63.1,1651.62,Flagship,1482.02,4.65,Professional,4.57,19634,89.4,99.3,51.8,15,124881.42,9.56,48093,67516656.56,5.2,18,E-commerce Marketplace,USA,Yes,0
461,Realme,6690,1,2.1,1,31,1,256,0.7,174,10,31,486,612,6144,14,6,12,1,1,Exynos,4525,OLED,144,0,WiFi 6,5.3,Yes,No,No,Android,13.7,18,94.9,62.4,87.5,1433.03,Flagship,1361.89,3.64,Gamer,4.64,1125,100.0,100.0,85.2,0,50375.35,6.11,36014,51609142.42,5.83,18,Telecom Partner,USA,Yes,1
462,Motorola,2715,0,3.0,1,8,1,128,0.5,237,4,48,159,1318,6144,11,8,10,1,0,Google Tensor,4478,Super AMOLED,60,1,WiFi 6,5.0,Yes,Yes,No,Android,17.1,65,87.2,62.3,81.0,1238.19,Flagship,1322.79,11.28,Business User,4.48,1229,84.2,82.0,59.3,5,47070.69,8.2,29642,34867306.58,1.63,36,Retail Store,UK,No,0
463,Vivo,4820,1,2.9,1,4,1,64,0.7,138,4,22,1867,1767,6144,13,0,6,0,1,Exynos,4970,LCD,120,1,WiFi 6,5.4,Yes,No,Yes,Android,13.4,80,79.3,20.0,75.6,1354.28,Flagship,1327.3,6.31,Student,4.56,1979,92.1,100.0,62.1,25,19905.02,5.06,39720,40344001.2,0.95,36,Telecom Partner,UAE,Yes,1
464,OnePlus,6128,0,1.6,1,16,1,16,0.2,154,4,11,1182,2291,4096,17,3,3,1,1,Exynos,2907,LCD,120,1,WiFi 7,5.3,Yes,Yes,Yes,Android,17.5,25,94.0,53.0,71.2,1050.09,Premium,1226.18,5.44,Professional,4.03,5109,83.0,88.7,68.5,0,224260.64,5.14,41696,43784552.64,4.86,12,Retail Store,UAE,Yes,1
465,Apple,3571,0,3.1,0,26,1,512,0.3,103,8,31,665,1473,3072,9,9,8,1,1,MediaTek Dimensity,3980,LCD,144,0,WiFi 6,5.3,Yes,Yes,Yes,iOS,18.8,18,92.8,40.4,79.0,2148.8,Flagship,2492.92,17.78,Business User,4.29,1276,80.7,79.8,48.0,0,191795.5,6.46,36834,79148899.2,4.9,24,E-commerce Marketplace,India,Yes,0
466,Apple,5575,1,2.2,0,23,1,512,0.1,115,6,67,1972,1334,8192,15,11,4,0,0,Snapdragon,5236,IPS LCD,60,1,WiFi 6,5.2,No,Yes,Yes,iOS,16.1,18,87.8,72.3,88.3,2335.4,Flagship,2327.5,16.66,Professional,4.87,3846,90.5,100.0,76.0,15,37789.29,8.76,33329,66161064.61,5.56,36,Retail Store,Germany,No,2
467,Vivo,4534,0,3.0,1,11,1,128,0.9,143,8,98,733,758,4096,11,1,3,0,1,Exynos,4568,IPS LCD,90,1,WiFi 5,5.4,Yes,Yes,No,Android,15.3,25,94.5,69.4,75.6,1164.79,Premium,1266.89,0.97,Student,5.0,3603,100.0,86.3,70.7,15,448871.04,13.36,70850,70146565.77,4.36,18,E-commerce Marketplace,USA,Yes,0
468,Vivo,6369,0,1.3,1,28,1,256,0.5,195,6,93,381,1666,6144,15,4,5,1,1,Apple Bionic,3741,IPS LCD,144,1,WiFi 6E,5.0,Yes,Yes,No,Android,16.5,65,73.1,84.5,79.9,1787.62,Flagship,1531.96,8.28,Gamer,4.49,630,91.1,61.8,76.8,25,72125.55,9.84,49751,66701911.96,4.88,18,Online Store,USA,Yes,1
469,Samsung,5063,1,1.9,0,20,1,32,0.9,223,10,94,480,1506,4096,15,4,5,0,0,Snapdragon,4179,OLED,60,1,WiFi 5,5.0,Yes,No,Yes,Android,13.8,120,83.0,100.0,88.8,1265.25,Flagship,1365.19,15.67,Business User,4.53,4228,93.0,91.2,69.5,0,41877.43,10.46,51893,65657618.25,4.74,36,Online Store,Germany,Yes,1
470,Vivo,3422,1,2.2,0,12,1,512,0.5,208,10,68,542,1291,6144,12,7,17,0,1,Snapdragon,5179,LCD,90,1,WiFi 6,5.4,Yes,No,Yes,Android,18.5,65,78.4,84.2,72.9,1970.66,Flagship,2199.61,10.39,Gamer,4.36,2240,86.6,100.0,78.3,15,18399.57,7.34,41385,69322399.48,6.88,24,E-commerce Marketplace,Australia,Yes,0
471,Oppo,4615,1,3.0,0,18,1,256,0.2,123,4,59,419,1324,2048,8,0,2,0,1,Apple Bionic,2636,IPS LCD,120,1,WiFi 6E,5.1,Yes,Yes,Yes,Android,16.6,65,100.0,48.9,66.7,1420.14,Flagship,1283.86,10.92,General User,4.7,2494,96.1,100.0,74.9,10,231512.82,4.09,42459,54267951.83,7.67,12,Telecom Partner,USA,Yes,0
472,Samsung,3594,0,0.8,0,29,1,64,0.9,165,6,76,1299,1225,4096,12,11,8,0,0,Exynos,2722,AMOLED,90,0,WiFi 6,5.3,Yes,Yes,Yes,Android,18.9,33,89.1,96.7,82.4,1136.76,Premium,1247.76,22.25,Gamer,4.55,10395,88.3,98.5,72.5,5,260713.53,9.4,53385,57651635.97,3.97,18,Retail Store,Germany,Yes,0
473,Motorola,6037,1,2.4,1,32,1,256,0.8,179,10,60,597,1261,3072,5,10,15,1,0,Snapdragon,4098,OLED,90,0,WiFi 6E,5.4,Yes,Yes,Yes,Android,12.6,33,84.0,74.0,79.2,1386.2,Flagship,1231.91,10.76,General User,4.92,726,99.8,100.0,79.2,5,267154.07,13.66,65018,85621554.02,0.5,12,Online Store,Germany,Yes,1
474,Xiaomi,5596,0,2.4,1,28,1,128,0.8,160,10,34,910,1569,8192,10,10,13,1,0,MediaTek Dimensity,6277,OLED,144,1,WiFi 6E,5.4,No,No,Yes,Android,18.7,65,89.2,55.8,75.4,1816.75,Flagship,1686.85,0.24,General User,4.44,1364,89.7,94.0,80.6,5,78676.06,5.32,38618,66651288.92,5.03,36,E-commerce Marketplace,Australia,Yes,1
475,Xiaomi,3444,1,2.4,0,22,0,256,0.3,224,8,61,1298,1909,8192,17,11,11,0,0,Exynos,5441,Super AMOLED,120,0,WiFi 6E,5.1,Yes,No,Yes,Android,15.0,120,87.2,50.4,78.6,1765.79,Flagship,1588.48,6.34,General User,4.32,1508,92.1,100.0,79.3,20,33603.8,0.1,24107,34054319.62,1.67,36,Online Store,Singapore,No,0
476,Vivo,2909,1,2.7,1,10,1,256,0.3,159,4,35,589,1278,12288,14,10,2,0,1,Exynos,6254,LCD,60,1,WiFi 6,5.1,Yes,No,Yes,Android,15.9,18,94.6,67.0,94.9,1969.33,Flagship,2176.38,6.67,Professional,5.0,1815,100.0,99.7,72.7,20,8672.08,4.34,19782,31165828.85,2.57,18,Telecom Partner,India,No,2
477,OnePlus,4003,1,2.4,1,26,1,64,0.5,156,10,82,643,667,8192,16,2,20,1,1,Exynos,5582,Super AMOLED,90,1,WiFi 6,5.2,No,Yes,Yes,Android,15.0,45,84.9,94.4,79.7,1430.84,Flagship,1670.2,2.06,Gamer,5.0,599,100.0,100.0,92.1,15,255722.91,12.79,63782,77572561.35,3.19,18,Telecom Partner,Singapore,Yes,0
478,Xiaomi,3998,1,3.0,1,23,0,128,0.5,147,8,38,1411,1098,8192,7,4,15,1,0,MediaTek Dimensity,6481,Super AMOLED,60,0,WiFi 6,5.2,Yes,Yes,Yes,Android,16.5,33,81.8,71.1,84.3,1406.65,Flagship,1178.32,8.53,Gamer,4.82,7348,100.0,100.0,89.7,15,10661.81,4.66,41307,49388817.82,7.13,18,Online Store,Singapore,Yes,0
479,Samsung,4779,0,2.7,0,8,1,256,1.0,144,10,62,430,638,4096,15,3,4,0,0,Apple Bionic,4387,AMOLED,120,1,WiFi 6,5.4,Yes,Yes,Yes,Android,12.8,45,100.0,51.2,72.9,1440.91,Flagship,1285.96,11.39,Business User,4.82,2129,97.7,71.7,89.4,5,38958.69,5.7,37218,50946398.96,6.0,12,E-commerce Marketplace,Australia,Yes,0
480,Apple,4015,1,2.4,1,3,1,128,0.7,87,4,56,1936,1133,8192,18,4,20,0,0,Snapdragon,4404,LCD,144,1,WiFi 5,5.4,Yes,No,Yes,iOS,18.3,45,94.0,63.6,70.0,1948.68,Flagship,1830.5,16.98,General User,3.92,550,89.8,86.7,58.5,20,102230.63,5.48,31151,48562664.54,7.51,18,Telecom Partner,UK,No,2
481,Google,6862,1,1.0,0,5,1,128,0.8,102,8,85,880,596,16384,11,8,7,0,0,Google Tensor,7292,LCD,120,1,WiFi 5,5.0,Yes,Yes,Yes,Android,18.7,80,94.6,98.5,67.2,2021.89,Flagship,2281.96,0.79,General User,5.0,1520,96.6,75.5,73.4,20,8513.1,3.79,35042,56680855.5,4.34,24,Online Store,UK,Yes,2
482,Realme,2778,0,2.8,0,8,1,32,0.8,176,6,108,807,687,12288,9,6,10,0,0,Snapdragon,7090,IPS LCD,144,1,WiFi 6,5.2,Yes,No,Yes,Android,15.2,120,78.3,85.2,75.4,1940.94,Flagship,1917.96,7.09,General User,4.7,4395,100.0,98.2,66.4,15,280355.72,12.18,59733,98547443.67,3.2,12,E-commerce Marketplace,UK,Yes,2
483,Apple,2762,0,3.0,0,21,1,128,0.3,122,6,11,1610,2108,8192,13,11,8,1,0,Google Tensor,4872,OLED,60,1,WiFi 6,5.2,No,Yes,Yes,iOS,19.7,120,89.3,50.2,95.7,2025.77,Flagship,1754.0,10.27,Professional,4.23,2349,95.3,100.0,75.4,15,53285.72,5.63,37986,65408264.34,4.68,12,Retail Store,India,Yes,2
484,Apple,5134,1,2.9,1,6,1,32,0.7,209,4,53,1245,1773,4096,16,7,9,1,1,Exynos,2789,Super AMOLED,120,1,WiFi 7,5.4,Yes,Yes,Yes,iOS,17.2,80,86.9,50.9,83.7,1558.48,Flagship,1537.46,8.99,Student,3.89,9339,80.5,100.0,63.7,15,21870.73,9.92,30148,39937296.78,7.17,12,Online Store,India,No,1
485,Realme,3360,0,1.3,1,23,0,32,0.7,84,4,78,1880,773,8192,8,1,6,0,0,MediaTek Dimensity,5169,IPS LCD,90,0,WiFi 6,5.1,Yes,Yes,Yes,Android,13.0,65,100.0,70.6,80.8,1436.21,Flagship,1287.09,9.18,Business User,4.62,895,99.2,89.0,89.0,10,77199.76,7.77,55444,71666304.52,2.16,18,Online Store,USA,Yes,0
486,Apple,6477,0,3.3,1,8,1,16,0.2,88,10,96,477,1507,4096,14,7,4,1,0,Google Tensor,5041,Super AMOLED,60,1,WiFi 6,5.1,No,No,Yes,iOS,18.7,25,91.0,65.0,84.6,1656.97,Flagship,1569.45,17.24,Gamer,5.0,957,94.9,100.0,71.2,10,148091.9,3.8,24971,37238578.08,5.02,12,Online Store,Australia,No,1
487,OnePlus,6897,1,2.9,1,22,1,512,0.5,209,8,55,1937,969,3072,14,1,6,0,1,MediaTek Dimensity,4007,OLED,90,1,WiFi 6,5.2,Yes,Yes,Yes,Android,12.5,65,84.8,77.0,100.0,1621.57,Flagship,1808.36,3.48,Student,4.72,509,99.6,100.0,89.5,20,44637.47,4.98,48155,62469362.68,1.75,12,E-commerce Marketplace,USA,Yes,1
488,Apple,6225,1,1.6,0,4,1,512,0.8,129,6,33,1348,1069,12288,19,3,10,1,1,Apple Bionic,6162,OLED,144,1,WiFi 5,5.0,Yes,Yes,No,iOS,20.0,18,100.0,20.0,86.2,2500.0,Flagship,2173.09,15.84,Gamer,4.03,4837,88.3,81.8,65.2,10,19561.58,7.69,25236,56781000.0,0.5,24,Telecom Partner,UAE,No,2
489,Apple,4379,1,1.4,1,19,1,128,0.9,145,6,77,888,2181,16384,5,3,17,0,1,Apple Bionic,6872,LCD,60,1,WiFi 6,5.4,Yes,Yes,Yes,iOS,18.5,33,85.0,88.0,75.5,2368.04,Flagship,1964.58,9.49,Gamer,5.0,208,94.8,75.3,65.0,15,216216.85,8.54,38064,76616513.38,4.15,12,Online Store,Singapore,Yes,2
490,Xiaomi,6652,0,3.1,0,26,1,128,0.7,185,10,97,1260,1515,16384,6,5,19,0,0,Exynos,8297,AMOLED,90,1,WiFi 6E,5.2,Yes,Yes,No,Android,14.0,45,93.9,69.1,56.9,1905.84,Flagship,1644.45,3.07,General User,4.21,8999,83.2,76.3,83.4,10,12148.26,4.02,30542,52387348.75,0.5,18,Retail Store,Singapore,No,2
491,Motorola,3915,1,3.3,1,32,1,128,0.4,211,10,65,1083,606,6144,11,9,14,1,0,Google Tensor,5185,OLED,120,1,WiFi 6,5.3,No,Yes,Yes,Android,14.1,25,90.2,96.6,61.0,1452.27,Flagship,1554.16,1.63,Professional,5.0,5586,94.2,92.6,77.5,5,12694.88,3.58,15865,21888250.37,0.55,18,Online Store,Singapore,No,0
492,Apple,6332,1,3.2,1,10,1,128,0.2,96,6,10,1465,2206,4096,9,0,15,0,0,MediaTek Dimensity,4274,LCD,60,1,WiFi 5,5.0,Yes,Yes,No,iOS,19.6,18,90.3,46.4,94.9,1781.33,Flagship,1951.21,11.7,Student,3.8,135,89.2,70.5,56.1,10,9039.99,10.03,37543,60188824.97,5.64,12,Telecom Partner,UAE,Yes,1
493,OnePlus,4331,1,2.1,0,13,1,512,0.9,80,8,14,661,1320,12288,9,7,6,1,1,MediaTek Dimensity,6815,LCD,60,1,WiFi 6E,5.4,Yes,Yes,No,Android,15.4,18,83.7,42.5,59.6,1840.84,Flagship,1744.16,4.36,Business User,4.87,449,87.4,77.5,82.5,25,73865.27,10.1,58525,80801370.75,3.2,12,E-commerce Marketplace,USA,Yes,2
494,Realme,3034,1,2.1,0,24,1,16,0.1,217,10,82,653,2363,6144,9,11,6,1,0,Apple Bionic,4931,Super AMOLED,144,0,WiFi 6,5.2,Yes,Yes,Yes,Android,13.1,120,85.5,93.2,87.2,1530.4,Flagship,1405.24,8.68,Student,5.0,2750,100.0,77.0,71.4,15,23753.46,2.34,27509,35784807.56,4.6,12,Retail Store,USA,No,0
495,Oppo,6201,0,0.9,1,19,1,64,0.3,240,4,27,1507,2216,3072,10,11,16,1,1,Google Tensor,2250,Super AMOLED,60,1,WiFi 6,5.2,Yes,Yes,No,Android,15.9,33,100.0,58.3,78.7,858.82,Premium,787.28,7.54,Student,4.45,2939,92.5,74.5,62.7,0,35280.71,7.47,42500,36499850.0,0.5,18,Retail Store,UAE,Yes,1
496,Vivo,4121,0,2.6,0,10,1,128,0.4,136,4,83,345,1700,6144,12,2,11,0,1,MediaTek Dimensity,3329,Super AMOLED,120,1,WiFi 5,5.1,No,Yes,Yes,Android,15.8,65,91.7,90.1,59.5,1594.28,Flagship,1393.44,9.78,General User,4.18,9731,86.7,78.8,74.9,10,39281.85,4.19,35483,50912853.52,5.86,12,E-commerce Marketplace,Singapore,Yes,0
497,Apple,6089,1,3.1,1,8,1,128,0.7,197,10,16,777,2058,12288,16,11,20,1,1,Snapdragon,7382,Super AMOLED,144,1,WiFi 6,5.2,Yes,Yes,Yes,iOS,17.5,120,99.0,47.5,72.0,2362.37,Flagship,2366.11,17.06,Business User,4.12,282,79.5,75.1,77.5,15,29836.06,4.23,33771,67812657.68,0.5,18,Retail Store,Germany,No,2
498,OnePlus,4937,0,2.5,0,32,1,32,0.8,92,6,72,2037,1942,4096,14,1,2,1,1,MediaTek Dimensity,4288,IPS LCD,120,1,WiFi 5,5.2,Yes,Yes,No,Android,13.9,18,92.0,74.3,65.2,1347.36,Flagship,1353.55,8.64,Professional,4.17,1532,82.9,77.7,55.6,10,569469.73,12.37,65705,79675459.92,4.44,24,E-commerce Marketplace,Singapore,Yes,1
499,Apple,3840,1,1.7,1,29,1,64,0.3,181,10,27,702,1453,3072,19,11,9,0,0,Google Tensor,3431,AMOLED,144,1,WiFi 7,5.1,No,Yes,Yes,iOS,18.0,18,96.6,52.9,83.8,1538.3,Flagship,1568.46,15.0,Business User,4.99,502,100.0,96.3,78.0,25,76120.34,2.85,31345,36163510.12,7.36,36,Online Store,Singapore,No,0
500,Samsung,3491,1,1.7,0,29,1,256,0.6,156,8,25,847,2053,4096,13,2,8,0,0,Snapdragon,3135,LCD,120,1,WiFi 6E,5.1,Yes,Yes,No,Android,12.3,65,100.0,36.8,80.4,1458.85,Flagship,1502.39,13.55,General User,4.28,2051,88.9,88.1,47.9,0,165171.71,5.17,26526,38697455.1,4.22,24,E-commerce Marketplace,UAE,No,0
501,Xiaomi,6937,1,1.8,0,5,1,32,0.2,197,6,36,1538,1388,6144,5,2,15,0,1,MediaTek Dimensity,4252,Super AMOLED,90,1,WiFi 6,5.3,No,No,Yes,Android,18.3,65,91.7,65.0,100.0,1295.57,Flagship,1437.02,0.1,General User,3.86,101,83.0,83.6,75.2,5,160265.87,8.36,37675,46370069.76,7.48,24,E-commerce Marketplace,UAE,Yes,1
502,Oppo,4081,1,1.5,1,2,1,256,0.2,208,10,53,1195,1951,6144,14,3,3,1,1,Google Tensor,4365,LCD,144,1,WiFi 6,5.0,Yes,Yes,Yes,Android,14.1,18,94.3,62.5,63.7,1492.53,Flagship,1537.4,4.51,General User,4.26,285,92.0,91.7,84.4,20,607299.93,7.62,62831,75021721.94,9.21,24,Retail Store,India,Yes,0
503,Motorola,3435,0,1.3,1,9,1,128,0.8,149,8,14,785,1874,4096,5,3,4,0,1,MediaTek Dimensity,2577,LCD,60,1,WiFi 5,5.0,Yes,No,Yes,Android,17.4,25,88.3,23.9,79.4,1060.68,Premium,947.02,3.58,Student,4.36,459,78.0,100.0,68.3,5,36409.53,4.36,41066,41379990.64,0.5,12,E-commerce Marketplace,India,Yes,0
504,Realme,5372,1,1.4,1,5,1,128,0.8,105,10,27,2117,1288,4096,19,0,19,0,1,Exynos,3622,IPS LCD,60,1,WiFi 6,5.4,Yes,Yes,Yes,Android,16.9,33,86.0,41.8,73.4,1133.77,Premium,952.37,2.09,Professional,4.21,1736,80.5,81.2,61.4,25,11809.65,5.45,31963,27179017.88,6.63,36,Retail Store,India,No,1
505,Xiaomi,5645,0,1.1,1,19,1,512,0.9,200,4,16,1411,1036,8192,10,5,11,0,0,Exynos,4322,OLED,60,0,WiFi 5,5.0,Yes,Yes,Yes,Android,12.1,45,91.7,69.6,91.9,1732.93,Flagship,1425.05,6.9,Professional,5.0,17498,99.0,73.3,71.7,0,38115.5,4.39,32923,57053254.39,2.05,18,E-commerce Marketplace,UK,No,1
506,Oppo,6569,1,1.3,1,26,1,128,0.6,82,4,99,1197,1585,4096,16,2,10,1,1,Snapdragon,3507,AMOLED,144,1,WiFi 5,5.4,Yes,Yes,Yes,Android,14.5,25,98.1,90.4,66.7,1348.94,Flagship,1379.09,7.44,Student,4.66,3471,100.0,100.0,84.2,10,14541.17,10.69,45428,55151681.69,1.0,12,Telecom Partner,Germany,Yes,1
507,Realme,6210,1,1.8,1,23,1,32,0.8,167,8,54,2044,2147,4096,10,6,13,1,1,Exynos,3789,LCD,60,1,WiFi 6,5.2,Yes,Yes,Yes,Android,17.6,33,88.4,61.0,63.2,942.59,Premium,900.17,5.7,Professional,4.75,2686,87.7,71.8,43.6,5,24208.85,11.27,61408,54988438.38,8.44,36,E-commerce Marketplace,Germany,Yes,1
508,Xiaomi,4263,0,3.2,1,15,1,512,0.3,174,4,79,1751,1444,4096,18,1,9,1,1,Exynos,4367,AMOLED,144,1,WiFi 6,5.1,No,Yes,Yes,Android,15.1,65,83.2,76.0,72.3,2187.48,Flagship,2487.7,9.0,Student,5.0,15619,98.7,90.6,70.1,10,68293.21,5.08,43218,85084659.58,0.5,12,Retail Store,India,Yes,2
509,OnePlus,5695,1,3.3,1,28,1,128,0.9,208,10,93,1127,1093,8192,15,8,16,1,1,Google Tensor,5654,IPS LCD,90,1,WiFi 6E,5.4,Yes,Yes,Yes,Android,12.1,33,94.1,72.1,55.3,1133.38,Premium,1172.78,12.03,Gamer,4.17,173,75.2,73.8,47.3,10,24388.56,2.76,20158,20562006.64,2.54,24,E-commerce Marketplace,Germany,No,1
510,Oppo,3756,0,1.0,1,15,1,256,0.9,211,8,54,1348,598,6144,14,11,13,1,0,Google Tensor,4190,OLED,120,1,WiFi 6,5.2,Yes,No,Yes,Android,13.5,65,91.5,57.8,82.4,1759.09,Flagship,1674.31,12.53,Business User,4.19,107,85.4,80.0,58.5,10,102508.48,8.26,40770,64546289.37,0.5,24,Retail Store,USA,Yes,0
511,Realme,3820,0,1.0,0,21,0,32,0.1,117,8,92,1980,1724,8192,11,1,2,0,1,MediaTek Dimensity,4227,OLED,90,1,WiFi 6,5.4,No,Yes,No,Android,17.5,120,87.9,100.0,93.8,1543.17,Flagship,1330.5,6.51,Student,5.0,2534,100.0,100.0,90.3,15,23586.65,5.45,28741,37699411.62,9.16,24,Online Store,Singapore,No,0
512,OnePlus,3748,1,1.6,0,28,1,512,0.7,210,6,90,424,2095,6144,13,4,5,1,1,Snapdragon,3809,LCD,60,1,WiFi 6,5.3,Yes,Yes,Yes,Android,16.5,25,90.9,79.0,60.8,1811.9,Flagship,1859.3,6.5,Student,3.61,1242,78.6,75.2,70.6,25,110414.07,3.74,39184,53248117.2,2.3,18,Online Store,Singapore,Yes,0
513,Motorola,3081,0,3.1,0,26,1,64,0.7,168,6,45,573,777,12288,11,7,2,1,1,Exynos,6787,AMOLED,60,1,WiFi 5,5.0,Yes,Yes,Yes,Android,15.9,80,85.6,86.6,93.4,1539.85,Flagship,1479.09,7.84,Business User,4.68,573,91.7,92.4,60.9,15,169235.82,13.32,51425,67308768.31,4.49,36,Retail Store,India,Yes,2
514,Vivo,2958,1,0.8,1,0,1,64,0.1,102,8,38,1923,1179,6144,6,7,6,0,1,MediaTek Dimensity,3780,OLED,120,1,WiFi 5,5.3,Yes,Yes,Yes,Android,15.0,33,89.8,44.1,95.1,1549.71,Flagship,1676.37,12.05,Professional,4.5,346,97.9,100.0,89.8,5,29666.78,14.59,53742,79120289.08,5.04,18,E-commerce Marketplace,USA,Yes,0
515,Oppo,4691,1,1.3,0,28,1,128,0.8,164,6,104,467,1698,4096,17,10,20,1,0,Google Tensor,2798,Super AMOLED,144,1,WiFi 6E,5.2,Yes,Yes,Yes,Android,16.2,120,93.6,81.5,71.0,1454.46,Flagship,1246.02,6.46,Professional,5.0,1716,100.0,99.4,70.8,5,243547.09,5.61,30193,41718785.24,5.31,36,E-commerce Marketplace,India,No,0
516,Xiaomi,2708,0,2.4,0,20,1,256,0.1,179,10,53,324,648,4096,12,0,11,0,0,Apple Bionic,4724,LCD,60,0,WiFi 5,5.4,Yes,Yes,Yes,Android,12.2,18,83.8,71.4,78.3,1321.61,Flagship,1144.86,2.13,General User,4.61,325,100.0,84.1,86.4,25,11808.26,2.09,28504,28253378.58,3.48,24,E-commerce Marketplace,UK,No,0
517,Xiaomi,6607,1,1.7,0,1,1,256,0.4,126,8,24,1629,500,12288,16,9,11,1,1,MediaTek Dimensity,6839,OLED,120,1,WiFi 6,5.2,Yes,Yes,Yes,Android,15.3,33,89.6,22.5,74.5,1849.3,Flagship,1618.36,8.88,Student,3.78,6193,74.8,81.2,69.6,10,78801.21,4.46,26626,44315515.62,8.48,36,Online Store,Singapore,No,2
518,Xiaomi,4697,0,1.3,1,31,1,32,1.0,219,4,39,1575,936,8192,12,7,13,0,1,Apple Bionic,4169,AMOLED,144,1,WiFi 5,5.3,Yes,Yes,Yes,Android,17.1,25,93.3,79.2,70.2,1422.7,Flagship,1189.27,5.4,Business User,4.89,536,100.0,96.9,76.2,15,48778.36,6.66,50534,61110513.53,5.44,36,Online Store,UAE,Yes,0
519,Vivo,3658,0,1.8,1,0,1,256,0.8,80,4,31,2039,586,6144,5,1,5,1,1,MediaTek Dimensity,3951,Super AMOLED,60,1,WiFi 6E,5.3,Yes,Yes,Yes,Android,16.4,120,91.6,51.4,71.8,1749.99,Flagship,1554.31,3.16,Gamer,4.36,1425,96.6,79.5,64.6,15,57750.47,9.65,48809,72602972.62,4.74,36,Telecom Partner,Germany,Yes,0
520,Oppo,3175,0,3.1,0,12,1,256,0.9,117,10,23,721,1881,4096,17,6,15,0,0,MediaTek Dimensity,4859,LCD,90,1,WiFi 7,5.0,Yes,Yes,No,Android,16.4,18,92.1,38.7,67.4,1340.4,Flagship,1573.27,13.51,Gamer,4.56,1668,90.3,100.0,67.0,0,67508.83,7.69,32040,42946416.0,2.94,12,Telecom Partner,Singapore,No,0
521,Realme,5852,1,1.5,0,11,1,256,0.6,229,8,64,1501,1795,8192,19,0,2,0,0,MediaTek Dimensity,5193,OLED,144,1,WiFi 6E,5.0,No,Yes,Yes,Android,18.5,25,76.7,78.9,79.4,1730.88,Flagship,1687.52,10.8,Student,4.28,1114,79.2,98.5,60.1,15,62472.41,5.76,38008,55919193.98,6.81,12,Telecom Partner,Australia,Yes,1
522,Oppo,2732,0,3.3,0,1,1,256,0.7,173,10,99,1084,1691,4096,16,0,18,1,1,Snapdragon,4950,AMOLED,120,1,WiFi 6,5.3,Yes,Yes,Yes,Android,12.7,33,84.3,85.1,84.3,1469.72,Flagship,1352.7,0.1,Professional,4.42,705,93.6,75.2,70.4,25,90140.02,6.43,35729,39383719.41,0.5,12,Online Store,USA,Yes,0
523,Realme,6750,0,0.9,1,28,1,256,0.8,170,8,39,1252,1400,6144,11,4,5,0,0,MediaTek Dimensity,3508,LCD,144,1,WiFi 6,5.3,No,Yes,No,Android,13.7,120,89.9,64.3,84.9,1889.05,Flagship,1746.17,1.98,Professional,4.24,343,92.3,100.0,57.7,20,207580.19,4.94,26456,39981365.44,4.32,24,Retail Store,Australia,No,1
524,Realme,3943,1,1.0,0,15,1,128,0.2,110,4,78,1433,1305,8192,14,7,10,0,0,Snapdragon,3682,OLED,60,1,WiFi 6,5.1,No,No,Yes,Android,16.9,120,82.3,68.9,77.6,1607.22,Flagship,1452.59,8.9,Business User,4.05,1576,85.9,77.7,57.4,0,6950.05,5.78,41725,67061254.5,3.86,24,Retail Store,UK,Yes,0
525,Xiaomi,4533,0,1.6,1,6,1,128,0.4,81,8,43,696,2095,8192,10,9,20,1,1,Apple Bionic,5508,IPS LCD,90,1,WiFi 6E,5.3,Yes,Yes,Yes,Android,17.4,120,94.3,34.3,81.0,1667.7,Flagship,1794.14,7.48,General User,4.11,2461,88.7,99.4,42.9,20,22343.03,7.08,27635,36869511.6,5.02,36,Online Store,India,No,0
526,Vivo,5393,0,3.2,1,30,1,32,0.8,226,6,45,1102,2306,6144,8,3,11,0,1,Google Tensor,5513,OLED,60,0,WiFi 6E,5.1,No,Yes,Yes,Android,12.5,33,87.7,79.2,83.2,1237.35,Flagship,1231.78,11.58,Student,4.62,437,86.4,80.7,78.5,0,24205.78,4.65,33700,41698695.0,0.5,36,Online Store,UAE,No,1
527,Xiaomi,3700,1,2.3,0,13,1,512,0.6,183,10,36,736,1345,4096,19,10,2,0,1,MediaTek Dimensity,4782,IPS LCD,60,1,WiFi 6E,5.3,No,No,Yes,Android,18.6,65,90.0,63.4,77.5,1663.4,Flagship,1379.47,8.82,Professional,4.01,9596,92.9,73.7,40.7,5,65812.59,5.86,19196,30334095.08,0.5,18,Telecom Partner,UK,No,0
528,Xiaomi,4703,0,1.2,0,24,1,64,1.0,212,8,52,2065,953,8192,11,5,5,0,1,Exynos,5043,OLED,120,1,WiFi 6E,5.2,Yes,Yes,Yes,Android,15.5,45,94.6,71.7,95.0,1625.58,Flagship,1790.79,3.36,Gamer,4.12,736,86.8,72.4,54.9,10,61854.11,3.77,20678,30252368.92,4.23,36,Telecom Partner,Singapore,No,0
529,Realme,5123,0,1.6,0,2,1,128,0.2,116,8,7,1804,1769,4096,18,6,3,1,1,Snapdragon,3474,AMOLED,120,1,WiFi 7,5.0,No,Yes,Yes,Android,16.1,80,91.0,30.6,80.0,1389.57,Flagship,1596.68,7.26,Professional,4.44,14146,92.3,76.5,59.1,25,67223.6,6.46,40395,42098760.11,9.05,36,E-commerce Marketplace,UAE,Yes,1
530,Oppo,3795,0,2.8,0,13,1,256,1.0,109,6,91,695,1488,8192,8,6,7,0,1,Apple Bionic,5678,OLED,144,1,WiFi 5,5.0,Yes,No,Yes,Android,12.5,18,75.2,94.3,89.9,1872.66,Flagship,1871.88,10.42,Student,4.72,585,90.3,54.4,70.5,20,48872.19,6.81,33696,50480921.09,6.58,18,Retail Store,UAE,No,2
531,Realme,4995,0,3.0,1,29,1,256,0.7,117,8,101,1787,1551,16384,19,0,20,0,0,Google Tensor,8346,OLED,144,1,WiFi 5,5.1,Yes,Yes,Yes,Android,14.9,65,85.4,74.5,76.0,2303.95,Flagship,2495.42,7.03,Gamer,4.13,8434,83.5,82.5,100.0,5,205606.58,8.84,51702,113162881.8,9.6,12,Retail Store,Australia,Yes,2
532,Motorola,5816,1,2.5,1,11,1,128,0.7,148,8,6,2102,2237,12288,9,1,12,0,1,Google Tensor,7993,LCD,144,1,WiFi 5,5.3,No,No,Yes,Android,14.1,18,83.6,26.3,65.8,1857.54,Flagship,1780.32,9.79,General User,4.45,507,92.9,81.4,63.5,20,28343.96,6.69,35957,53433252.62,6.78,24,Retail Store,USA,Yes,2
533,Apple,2739,0,3.4,1,5,1,512,0.4,162,8,101,550,1184,6144,7,1,4,1,1,Snapdragon,4681,OLED,90,1,WiFi 6E,5.4,Yes,Yes,Yes,iOS,19.4,120,89.1,100.0,75.2,2344.42,Flagship,2540.85,8.81,Student,4.39,2541,82.1,100.0,80.5,5,9458.37,3.06,31624,70432941.18,6.34,18,E-commerce Marketplace,India,No,2
534,Realme,6141,1,2.7,1,26,1,256,0.4,130,10,31,1259,2349,12288,17,4,10,1,1,Snapdragon,7102,LCD,144,0,WiFi 6,5.1,Yes,Yes,Yes,Android,17.3,120,91.8,51.6,61.8,1904.31,Flagship,1635.41,6.99,Professional,3.95,5924,87.0,69.2,48.8,10,8055.55,5.33,18831,32274055.45,4.88,36,E-commerce Marketplace,USA,No,2
535,Google,3125,1,1.4,0,23,1,256,0.7,161,8,17,1214,2061,8192,17,5,16,1,0,Snapdragon,5296,OLED,144,1,WiFi 5,5.2,Yes,No,No,Android,16.0,65,87.5,23.4,89.5,1760.63,Flagship,1629.66,7.29,Student,3.84,1963,87.8,85.2,65.9,25,5000.0,4.89,13372,17657358.27,7.17,36,Telecom Partner,Australia,No,0
536,Google,5835,1,1.9,1,27,1,256,0.1,155,4,31,893,539,6144,14,0,8,0,0,Exynos,4385,OLED,60,1,WiFi 5,5.3,Yes,Yes,Yes,Android,13.4,45,94.8,37.2,75.2,1531.63,Flagship,1688.16,9.35,Professional,3.85,448,82.2,80.6,69.0,15,24154.52,10.73,37015,48189291.78,7.87,12,Retail Store,Australia,Yes,1
537,Xiaomi,6512,0,1.0,1,30,1,128,0.7,93,10,22,820,886,12288,17,5,19,1,1,Apple Bionic,6623,OLED,120,1,WiFi 5,5.3,No,No,No,Android,18.2,33,87.8,53.4,83.2,1676.79,Flagship,1872.86,11.8,Gamer,5.0,1715,99.7,80.7,66.1,25,266283.45,9.34,56599,71178477.91,2.84,24,Telecom Partner,UK,Yes,2
538,Samsung,5872,1,3.4,1,27,1,256,0.4,87,10,61,1978,2128,8192,12,6,19,1,1,Snapdragon,6650,OLED,90,1,WiFi 6E,5.1,Yes,Yes,No,Android,14.4,65,83.3,88.9,97.7,1923.78,Flagship,1723.91,17.34,Professional,5.0,1038,84.6,100.0,87.9,10,109205.47,12.79,58585,101434186.2,4.68,18,Retail Store,USA,Yes,2
539,Realme,4222,1,1.1,0,17,1,128,0.8,95,4,52,176,1925,8192,7,6,9,1,0,Snapdragon,3996,IPS LCD,60,1,WiFi 6,5.1,Yes,Yes,No,Android,18.2,120,96.7,81.1,80.7,1702.98,Flagship,1931.77,2.88,Gamer,4.29,4669,94.0,94.2,70.3,10,13925.13,3.86,28467,43630858.49,0.98,18,Telecom Partner,UAE,No,0
540,Vivo,2922,1,1.5,0,16,1,64,0.8,128,6,107,1588,1237,2048,15,7,7,1,0,MediaTek Dimensity,2376,AMOLED,60,1,WiFi 5,5.2,Yes,Yes,Yes,Android,12.9,120,85.6,100.0,87.6,1221.13,Flagship,1197.42,10.67,General User,4.79,4093,87.7,90.9,74.5,15,8075.81,3.0,19753,20502833.76,5.47,24,E-commerce Marketplace,USA,No,0
541,Vivo,6078,0,3.5,1,22,1,128,0.1,130,6,61,2046,2347,8192,8,8,8,1,1,Exynos,5864,Super AMOLED,144,1,WiFi 6E,5.0,Yes,Yes,Yes,Android,13.1,33,78.0,50.6,79.5,1364.29,Flagship,1576.24,0.51,Professional,3.65,17009,63.6,73.7,37.0,10,22219.91,7.81,30111,36972122.57,7.86,36,Online Store,UAE,No,1
542,Apple,4616,0,1.8,0,1,1,128,0.5,187,6,67,1667,1183,12288,17,10,19,0,1,Apple Bionic,5504,AMOLED,60,1,WiFi 5,5.2,Yes,Yes,Yes,iOS,18.6,65,92.6,67.6,89.6,2287.24,Flagship,2526.33,20.9,Professional,5.0,9195,99.9,78.1,81.0,25,18818.32,6.86,40921,70197111.03,8.29,18,E-commerce Marketplace,UK,Yes,2
543,Realme,5718,1,1.3,0,15,1,256,0.1,84,10,11,2083,759,12288,16,7,7,1,1,MediaTek Dimensity,6521,LCD,90,0,WiFi 5,5.2,Yes,Yes,Yes,Android,18.4,18,79.3,42.7,76.0,1743.48,Flagship,1519.6,7.68,General User,4.68,967,88.4,100.0,83.9,15,20076.26,6.38,27484,40730133.67,3.59,24,E-commerce Marketplace,USA,No,2
544,Samsung,6137,1,1.2,1,14,1,128,0.3,165,10,102,1250,917,2048,7,1,19,1,0,Google Tensor,3772,Super AMOLED,90,1,WiFi 5,5.4,Yes,Yes,Yes,Android,14.4,80,92.2,72.2,58.7,927.72,Premium,968.33,16.62,Gamer,4.82,1272,96.5,90.6,88.5,10,29698.34,5.06,35864,29944575.07,5.09,12,E-commerce Marketplace,Australia,Yes,1
545,Vivo,4395,1,3.4,1,14,1,64,0.9,169,6,105,535,1694,6144,9,7,10,0,1,Exynos,4708,IPS LCD,60,1,WiFi 6E,5.0,Yes,Yes,Yes,Android,18.7,18,81.0,94.7,85.2,1126.15,Premium,1042.38,7.08,Gamer,4.34,5855,90.6,100.0,73.7,0,47137.81,3.26,42917,48330979.55,1.22,36,Telecom Partner,UAE,Yes,0
546,Vivo,4143,1,1.0,0,24,1,128,0.6,229,10,41,1628,1276,6144,14,2,3,0,0,Apple Bionic,4015,OLED,60,1,WiFi 6,5.4,Yes,Yes,Yes,Android,14.4,33,80.7,68.5,84.3,1304.7,Flagship,1247.23,8.17,Student,5.0,4270,100.0,75.2,52.8,0,12382.49,7.49,36797,48009045.9,7.17,24,Retail Store,Germany,Yes,0
547,Xiaomi,5713,0,3.4,1,28,1,256,0.6,108,10,73,1044,2056,8192,7,2,20,0,1,MediaTek Dimensity,6346,Super AMOLED,60,1,WiFi 7,5.0,Yes,No,Yes,Android,16.4,18,100.0,63.4,81.9,1872.71,Flagship,2097.4,7.8,Business User,4.56,637,84.7,96.5,86.2,0,293497.41,6.11,58453,109465517.6,2.93,24,E-commerce Marketplace,Australia,Yes,2
548,Vivo,2738,0,2.3,0,28,1,64,0.5,182,6,61,247,1140,16384,16,9,16,0,0,Apple Bionic,7481,Super AMOLED,90,1,WiFi 6,5.1,Yes,No,Yes,Android,16.0,45,79.3,43.2,73.5,1756.79,Flagship,1615.07,1.71,Business User,4.18,2871,94.4,90.2,87.3,15,117682.97,9.5,52643,78610291.57,11.2,18,Telecom Partner,Germany,Yes,2
549,Google,5104,0,1.9,1,7,1,256,0.8,156,6,80,294,1817,6144,10,4,7,1,1,Exynos,3596,OLED,90,0,WiFi 6E,5.3,No,Yes,Yes,Android,14.7,120,79.9,79.9,98.6,1524.81,Flagship,1338.56,8.21,Professional,4.73,6825,91.6,100.0,76.2,20,10676.94,6.35,29116,35517094.37,8.92,24,E-commerce Marketplace,Singapore,No,1
550,Oppo,5081,1,3.3,0,29,1,64,0.5,116,6,58,1128,2266,6144,12,4,6,0,1,Snapdragon,4881,AMOLED,120,1,WiFi 6,5.2,Yes,Yes,Yes,Android,14.4,45,96.3,77.7,82.2,1480.27,Flagship,1568.66,7.56,Professional,4.41,1526,88.3,88.6,78.3,15,61198.22,11.32,52027,65461906.2,0.5,36,Online Store,Australia,Yes,1
551,Oppo,4258,0,2.1,1,20,1,64,0.5,149,6,5,1305,1464,8192,7,10,20,1,1,Apple Bionic,4962,AMOLED,144,1,WiFi 6E,5.2,Yes,Yes,Yes,Android,14.9,18,92.8,41.8,98.4,1615.97,Flagship,1849.16,7.74,General User,4.54,478,94.5,100.0,98.0,0,32956.62,6.13,33296,53805337.12,4.09,18,Retail Store,UK,No,0
552,Oppo,4624,1,2.1,0,13,1,128,0.8,91,8,80,1002,1569,3072,5,9,12,1,0,Snapdragon,2827,Super AMOLED,60,1,WiFi 6E,5.4,Yes,Yes,Yes,Android,13.8,33,95.0,83.9,80.4,1193.87,Premium,1058.88,7.64,Business User,4.67,3288,100.0,96.6,80.2,10,124630.72,6.44,26247,28201955.3,0.62,12,E-commerce Marketplace,Singapore,No,0
553,Motorola,6396,0,2.0,0,26,0,32,0.9,188,10,6,237,1884,4096,15,10,20,0,0,Apple Bionic,4070,LCD,60,1,WiFi 6E,5.0,No,Yes,Yes,Android,16.3,45,94.4,35.9,70.2,919.17,Premium,926.94,4.46,General User,4.64,1683,95.1,72.3,60.8,10,81375.25,4.72,36571,30253469.46,0.5,36,E-commerce Marketplace,Singapore,Yes,1
554,Samsung,6158,0,1.5,1,10,1,128,0.2,182,6,35,1358,1829,3072,17,10,20,0,1,Apple Bionic,2866,OLED,144,0,WiFi 6,5.0,Yes,Yes,Yes,Android,13.8,80,80.1,25.9,64.8,1053.72,Premium,1158.78,14.64,Professional,4.24,606,89.6,64.1,37.3,5,13647.32,3.09,27962,27990912.71,3.1,36,Online Store,Singapore,No,1
555,OnePlus,2876,1,0.8,1,28,1,128,0.3,135,8,5,638,1746,8192,17,7,9,1,0,MediaTek Dimensity,4999,Super AMOLED,120,1,WiFi 5,5.1,No,Yes,Yes,Android,15.1,18,96.0,43.1,82.0,1430.0,Flagship,1542.63,5.27,General User,4.87,128,100.0,91.7,92.3,0,37579.72,8.89,45333,64826190.0,7.68,12,Online Store,USA,Yes,0
556,Google,6326,1,1.9,0,14,1,128,0.4,177,8,47,1863,2234,12288,12,9,8,1,0,Google Tensor,6707,AMOLED,90,1,WiFi 6,5.1,Yes,Yes,Yes,Android,12.4,33,83.9,52.1,87.2,1605.13,Flagship,1553.76,13.09,Gamer,4.25,6655,92.9,80.7,96.0,0,66041.52,6.25,47173,75718797.49,3.02,36,E-commerce Marketplace,USA,Yes,2
557,Oppo,3261,0,1.8,0,10,1,128,0.5,217,4,23,199,700,4096,14,4,8,1,1,Snapdragon,2758,IPS LCD,144,1,WiFi 6E,5.0,Yes,No,Yes,Android,16.0,45,89.0,31.9,93.4,1502.74,Flagship,1637.69,0.1,Student,4.52,169,90.5,92.0,66.6,0,63828.49,5.62,33110,49755721.4,3.91,36,Online Store,USA,No,0
558,Google,4732,1,1.3,1,12,1,512,0.6,232,10,21,238,1349,12288,8,9,9,0,1,Google Tensor,7423,LCD,60,1,WiFi 6,5.2,Yes,Yes,Yes,Android,16.1,80,88.0,34.4,56.8,2076.61,Flagship,2169.72,13.75,Gamer,4.52,787,100.0,86.7,70.9,5,18006.63,9.7,45509,89779222.27,8.83,24,Retail Store,Australia,Yes,2
559,OnePlus,4255,1,1.4,0,2,1,128,0.1,134,4,39,1791,1201,4096,13,1,3,1,0,Google Tensor,2144,OLED,120,1,WiFi 6,5.1,Yes,Yes,Yes,Android,15.6,65,94.3,82.3,82.0,1680.13,Flagship,1875.8,14.46,Student,4.07,944,86.3,98.8,68.4,15,9200.23,2.36,21542,30764356.39,11.37,36,E-commerce Marketplace,UK,No,0
560,Google,2742,1,2.3,0,28,1,128,0.9,127,8,12,2119,1329,2048,8,1,7,0,0,Snapdragon,3823,Super AMOLED,120,1,WiFi 6,5.1,Yes,Yes,No,Android,13.8,80,92.3,59.0,70.2,1315.47,Flagship,1415.24,9.35,Gamer,5.0,1627,97.5,72.6,55.7,10,74345.88,0.1,14850,17581256.55,5.41,24,Online Store,Australia,No,0
561,Samsung,5063,1,1.6,1,32,1,256,0.8,176,6,53,1038,1301,2048,12,0,12,0,1,MediaTek Dimensity,2497,OLED,90,1,WiFi 6,5.1,Yes,Yes,No,Android,13.9,18,83.4,59.9,79.4,1206.96,Flagship,1050.24,8.25,Student,4.85,613,96.4,100.0,89.6,10,63210.44,7.02,40394,43878548.02,2.65,24,Online Store,UK,Yes,1
562,Google,3466,0,0.9,1,12,1,512,0.8,108,8,86,1166,1693,6144,18,5,8,1,1,MediaTek Dimensity,4845,LCD,144,0,WiFi 6,5.4,No,Yes,Yes,Android,12.6,120,79.3,64.2,68.2,1974.45,Flagship,1937.05,0.85,Student,5.0,1527,100.0,100.0,83.1,5,51951.23,8.89,45429,85212424.6,2.96,18,E-commerce Marketplace,Germany,Yes,0
563,Xiaomi,3315,0,2.8,0,5,1,16,0.4,235,8,16,496,1092,4096,14,1,3,0,0,Snapdragon,4796,OLED,120,1,WiFi 5,5.0,Yes,Yes,Yes,Android,16.2,120,78.0,53.5,85.9,1060.83,Premium,967.23,11.82,Business User,4.85,303,92.9,77.1,50.4,5,13742.29,4.94,21686,21854901.41,4.97,24,E-commerce Marketplace,Germany,No,0
564,OnePlus,5656,1,3.3,1,19,1,64,1.0,224,8,19,221,2141,6144,9,2,9,1,0,Apple Bionic,5077,LCD,144,0,WiFi 6E,5.3,No,Yes,Yes,Android,18.9,65,91.9,50.1,82.8,1243.35,Flagship,1303.84,7.58,General User,4.56,2431,86.2,84.7,68.4,0,38574.19,6.2,39586,49219253.1,3.24,36,Retail Store,USA,Yes,1
565,Apple,3659,0,1.1,1,15,1,256,0.9,87,4,61,314,585,4096,11,6,14,0,1,MediaTek Dimensity,2392,AMOLED,144,0,WiFi 6,5.3,Yes,Yes,Yes,iOS,19.4,120,86.3,47.3,89.8,1672.9,Flagship,1579.69,13.75,General User,3.43,767,68.5,63.7,54.5,10,61904.12,9.75,43449,65417248.89,3.8,24,E-commerce Marketplace,India,Yes,0
566,Vivo,3558,0,3.3,0,32,1,512,0.5,191,8,84,457,1005,16384,15,2,18,0,1,MediaTek Dimensity,8063,AMOLED,90,0,WiFi 6,5.1,Yes,Yes,Yes,Android,17.2,45,87.7,86.4,87.8,2418.66,Flagship,2763.45,0.1,Professional,4.81,465,86.5,94.5,78.9,0,22315.78,10.46,42300,102309318.0,6.84,36,Retail Store,UK,Yes,2
567,Xiaomi,3485,1,2.3,1,2,1,256,0.8,98,8,41,1847,1738,6144,9,8,15,0,1,Exynos,4588,IPS LCD,144,1,WiFi 6E,5.4,No,Yes,Yes,Android,13.1,25,82.4,20.0,82.9,1615.63,Flagship,1795.36,7.95,General User,4.0,802,83.7,79.4,67.5,5,42721.96,1.67,29796,45732345.91,0.69,36,Retail Store,UAE,No,0
568,Xiaomi,6800,0,1.3,0,28,1,256,0.4,147,4,79,1009,1676,6144,13,10,5,0,0,Google Tensor,3905,IPS LCD,90,1,WiFi 6,5.2,No,Yes,Yes,Android,16.6,45,84.6,96.0,62.2,1502.48,Flagship,1479.91,2.23,General User,4.23,258,88.5,100.0,83.3,10,34002.47,0.78,35646,48201661.87,3.36,24,Retail Store,Singapore,Yes,1
569,Google,6977,1,2.2,0,10,1,64,0.5,240,4,94,1757,2176,6144,18,2,8,1,0,Exynos,4061,IPS LCD,144,0,WiFi 5,5.0,Yes,Yes,Yes,Android,16.8,18,100.0,88.6,71.4,1251.54,Flagship,1448.43,8.84,Student,4.96,332,90.2,80.6,73.9,10,5000.0,6.24,30418,34262409.35,8.81,24,Retail Store,UK,No,1
570,Motorola,5083,1,2.0,1,15,1,128,0.6,144,8,94,1465,1717,6144,17,1,10,1,0,Exynos,4952,IPS LCD,120,1,WiFi 6E,5.4,Yes,No,Yes,Android,14.7,25,91.2,100.0,67.7,1443.04,Flagship,1546.75,0.1,Gamer,4.44,1083,92.3,72.0,55.8,5,43127.89,3.48,26528,36366916.86,9.37,36,Retail Store,Australia,No,1
571,Samsung,6870,1,2.4,0,22,1,256,0.3,104,6,104,1077,1966,6144,9,4,2,1,1,MediaTek Dimensity,4768,Super AMOLED,144,1,WiFi 6E,5.2,No,Yes,Yes,Android,13.8,65,87.2,94.3,94.7,1871.71,Flagship,1964.54,22.25,General User,4.72,875,93.6,84.6,82.1,15,89465.54,0.1,28819,45849688.92,5.29,18,Telecom Partner,Singapore,No,1
572,Realme,4330,1,1.1,0,0,1,256,0.3,103,4,42,1138,845,4096,13,2,7,1,1,Exynos,2537,LCD,90,0,WiFi 6,5.1,Yes,Yes,Yes,Android,17.7,33,88.4,72.5,76.1,1374.14,Flagship,1463.33,0.83,Gamer,3.43,504,65.1,82.8,63.3,15,13339.81,4.64,17113,19988309.15,3.03,12,Telecom Partner,Germany,No,0
573,Oppo,2918,0,3.2,1,28,1,512,0.5,96,10,78,1315,2134,4096,9,2,12,1,0,Google Tensor,3913,OLED,60,1,WiFi 5,5.1,No,No,Yes,Android,18.1,25,84.7,96.6,66.1,1630.24,Flagship,1570.54,5.02,Business User,3.83,862,76.8,82.9,72.7,10,44187.65,2.84,36028,52860858.05,0.5,24,Telecom Partner,USA,Yes,0
574,OnePlus,6679,1,1.6,1,24,1,128,0.3,129,10,7,1290,1761,12288,18,2,16,1,0,MediaTek Dimensity,6677,Super AMOLED,90,1,WiFi 5,5.1,Yes,Yes,Yes,Android,14.9,80,85.7,51.3,75.6,1556.92,Flagship,1742.26,14.48,Gamer,5.0,1908,100.0,100.0,75.5,15,78853.32,6.41,32505,43016531.91,5.83,36,E-commerce Marketplace,UAE,No,2
575,Realme,5364,0,2.4,0,6,1,128,0.3,209,10,86,328,2044,8192,15,11,2,1,0,Google Tensor,5850,AMOLED,144,1,WiFi 6,5.3,Yes,No,Yes,Android,12.2,65,78.9,88.1,73.5,1715.89,Flagship,1541.74,7.48,Professional,5.0,1583,96.4,100.0,72.9,5,16685.54,4.25,32473,52934091.17,4.94,24,E-commerce Marketplace,Singapore,No,1
576,Motorola,3492,1,1.8,0,22,0,256,0.4,210,4,99,491,996,12288,19,8,10,0,0,MediaTek Dimensity,6368,AMOLED,90,1,WiFi 6,5.3,Yes,Yes,Yes,Android,12.8,80,95.4,87.2,75.6,2041.75,Flagship,2116.21,0.1,Professional,4.71,862,90.5,80.4,65.6,15,48577.21,8.84,42144,73140385.2,2.01,36,Retail Store,UAE,Yes,2
577,Apple,3161,1,1.8,1,30,1,128,0.9,202,10,105,1651,515,6144,15,7,19,0,0,Exynos,5307,OLED,120,1,WiFi 6,5.4,Yes,Yes,Yes,iOS,16.7,45,90.2,87.5,85.9,1997.52,Flagship,2266.8,8.85,Student,4.44,3292,88.9,75.4,91.4,15,80408.22,0.8,33419,56741852.75,6.6,12,Retail Store,Australia,No,0
578,Motorola,4930,1,2.1,1,24,1,128,0.8,110,10,42,1366,847,4096,17,8,19,1,1,Exynos,3958,LCD,144,1,WiFi 6,5.4,No,Yes,No,Android,16.6,33,76.3,62.7,73.4,1423.5,Flagship,1674.73,10.47,Professional,5.0,2279,100.0,100.0,82.9,20,41070.52,10.84,47485,54075918.0,1.79,18,Telecom Partner,Australia,Yes,1
579,Samsung,3454,1,3.2,0,11,1,256,0.5,208,8,36,1062,1773,6144,17,0,8,0,1,Apple Bionic,5693,OLED,90,0,WiFi 6,5.1,Yes,Yes,Yes,Android,16.7,80,76.4,63.4,74.0,1449.25,Flagship,1662.52,18.24,Gamer,4.76,1123,88.6,86.7,63.6,15,12665.01,9.19,39450,48596975.62,1.63,36,Online Store,Germany,Yes,0
580,Vivo,3506,1,1.4,0,23,1,64,0.8,95,6,85,1757,827,6144,11,10,2,1,0,Snapdragon,4237,Super AMOLED,144,1,WiFi 5,5.4,Yes,Yes,Yes,Android,17.6,80,89.0,100.0,88.6,1585.42,Flagship,1334.19,9.86,General User,5.0,906,100.0,76.9,66.7,10,30709.08,2.61,43306,61792378.67,7.3,18,Online Store,Germany,Yes,0
581,Oppo,5654,0,2.8,0,15,1,128,0.9,209,6,57,2051,694,8192,11,4,7,0,0,Google Tensor,5612,OLED,144,1,WiFi 6E,5.0,Yes,Yes,Yes,Android,18.2,45,96.9,41.0,79.5,1407.35,Flagship,1237.4,4.26,Professional,4.2,5168,82.9,100.0,85.9,5,55698.2,8.45,39185,52389659.26,2.17,12,Retail Store,Germany,Yes,1
582,Vivo,6137,1,2.9,1,14,1,512,0.2,84,4,84,1203,947,8192,9,5,4,1,0,Google Tensor,4907,IPS LCD,144,1,WiFi 5,5.2,Yes,Yes,Yes,Android,17.0,25,64.1,73.3,71.8,2025.7,Flagship,2232.88,10.64,Gamer,4.94,1919,94.7,94.4,84.4,0,223940.05,4.83,30967,62729851.9,0.5,18,Retail Store,UK,No,2
583,Vivo,3914,1,1.6,0,1,1,32,0.8,107,10,87,1933,2290,4096,13,9,3,1,1,Apple Bionic,3899,Super AMOLED,120,1,WiFi 5,5.4,Yes,Yes,Yes,Android,13.5,18,90.2,90.8,73.8,1402.21,Flagship,1576.59,2.68,Gamer,5.0,1702,95.3,93.9,72.4,5,63823.25,4.66,39336,52399465.93,8.99,18,Retail Store,Australia,Yes,0
584,Oppo,3859,0,1.7,0,8,1,64,1.0,199,8,53,1694,852,6144,12,0,5,0,1,Google Tensor,4544,OLED,144,1,WiFi 6,5.3,No,Yes,Yes,Android,17.4,65,89.6,61.1,85.2,1496.03,Flagship,1748.65,3.8,Professional,4.72,5935,98.4,73.6,68.7,25,224517.9,10.49,39830,44690156.18,4.46,18,Online Store,Singapore,Yes,0
585,Google,3541,0,1.9,0,5,1,16,1.0,104,6,103,216,1876,6144,10,11,17,1,1,Snapdragon,4560,LCD,120,1,WiFi 6,5.3,Yes,Yes,Yes,Android,16.8,120,84.9,93.5,72.3,1307.97,Flagship,1421.25,0.1,General User,4.31,2811,94.1,100.0,95.4,10,46410.2,12.69,65496,77100122.81,4.92,12,Retail Store,India,Yes,0
586,Xiaomi,3291,1,1.3,1,9,1,256,0.5,145,4,41,1783,718,6144,9,9,6,1,0,MediaTek Dimensity,3943,OLED,60,1,WiFi 5,5.3,No,No,Yes,Android,18.3,80,85.2,82.5,77.6,1518.74,Flagship,1281.62,9.61,General User,4.74,1055,95.2,94.4,73.6,5,183855.86,9.32,56138,80996074.81,5.38,18,Online Store,Singapore,Yes,0
587,Vivo,3883,0,2.0,1,4,1,64,0.6,204,10,86,1530,1162,2048,16,9,18,0,0,Snapdragon,3006,IPS LCD,60,0,WiFi 6,5.1,No,No,Yes,Android,15.1,80,89.8,71.0,57.7,755.85,Premium,827.03,8.77,General User,4.49,589,90.5,100.0,86.5,0,41666.89,7.37,43746,33065414.1,5.15,24,Online Store,USA,Yes,0
588,Google,4476,0,2.8,0,23,1,256,0.4,148,6,21,1787,1503,8192,15,11,5,1,0,Apple Bionic,4952,Super AMOLED,120,0,WiFi 5,5.3,No,Yes,Yes,Android,14.3,33,81.7,69.5,76.3,1416.95,Flagship,1203.95,7.64,Student,4.36,441,83.7,95.0,67.7,5,16466.26,4.78,37927,51053629.52,4.25,18,Telecom Partner,Australia,Yes,0
589,Realme,3420,1,2.2,1,14,0,128,0.2,196,10,98,371,1157,4096,6,7,20,1,0,Exynos,4072,IPS LCD,144,1,WiFi 5,5.3,Yes,No,No,Android,17.8,45,96.0,93.6,65.8,1309.38,Flagship,1115.06,11.17,Gamer,4.93,4803,100.0,100.0,90.1,5,30572.64,4.92,40892,50866008.61,7.6,36,E-commerce Marketplace,UK,Yes,0
590,Oppo,6660,0,1.5,1,15,1,128,0.6,162,4,98,2178,1876,8192,8,5,5,1,0,MediaTek Dimensity,4744,LCD,90,1,WiFi 6,5.0,Yes,Yes,Yes,Android,15.9,120,93.9,85.0,83.6,1674.64,Flagship,1682.27,7.94,General User,4.63,19932,89.3,100.0,72.8,0,258940.26,3.23,32954,55186086.56,4.81,36,Telecom Partner,Germany,No,1
591,OnePlus,3928,0,2.0,0,24,1,64,0.5,220,4,48,280,714,6144,14,5,7,1,1,MediaTek Dimensity,3715,Super AMOLED,144,1,WiFi 6,5.2,Yes,Yes,No,Android,15.0,120,91.5,38.3,80.2,1405.79,Flagship,1582.27,9.87,Business User,4.72,1087,94.9,80.5,71.5,15,67910.64,13.44,52824,63120533.32,2.78,24,Retail Store,UAE,Yes,0
592,Google,3526,0,1.2,0,28,1,256,1.0,149,8,85,646,536,12288,9,6,8,1,0,Google Tensor,5979,LCD,90,1,WiFi 5,5.3,Yes,Yes,Yes,Android,17.8,45,93.7,76.0,66.9,2189.53,Flagship,2525.33,2.31,Professional,3.86,3369,82.2,90.4,68.6,20,73663.55,8.04,30828,53999064.67,6.85,18,Online Store,USA,No,2
593,Oppo,6848,0,3.4,1,16,1,512,0.7,155,4,81,157,685,12288,10,4,16,1,1,Google Tensor,6765,IPS LCD,90,0,WiFi 6E,5.3,Yes,Yes,Yes,Android,12.6,80,98.8,92.3,87.0,2469.14,Flagship,2400.48,3.34,Gamer,4.97,2214,100.0,68.5,82.9,0,43593.78,9.05,48877,120684155.8,9.62,24,Telecom Partner,UK,Yes,2
594,Samsung,4947,1,1.7,1,17,1,128,0.6,143,8,63,561,1990,8192,12,2,6,1,1,Apple Bionic,5665,IPS LCD,90,1,WiFi 6,5.3,No,Yes,Yes,Android,18.1,45,85.2,80.4,76.5,1456.97,Flagship,1254.55,14.44,Gamer,3.44,8170,74.5,85.8,57.4,20,22447.06,5.05,18847,21967610.87,9.44,12,Online Store,India,No,1
595,Realme,2587,0,3.0,0,29,1,64,0.5,130,4,105,1330,2386,8192,6,9,3,0,1,MediaTek Dimensity,4564,IPS LCD,90,1,WiFi 6,5.2,Yes,Yes,Yes,Android,13.2,120,86.4,100.0,62.5,1601.19,Flagship,1615.06,8.25,Student,4.26,11950,91.3,74.7,67.7,25,59868.67,6.65,42492,51028324.11,2.27,24,Telecom Partner,Australia,Yes,0
596,OnePlus,6109,1,0.9,1,4,1,64,0.9,101,10,107,480,2005,8192,5,4,5,1,0,Google Tensor,5612,LCD,90,1,WiFi 6,5.0,Yes,No,Yes,Android,13.9,80,87.1,89.9,73.9,1618.51,Flagship,1416.44,4.98,Business User,4.69,3545,85.2,66.5,67.2,10,29691.73,4.13,23478,34199440.0,4.11,18,Online Store,Germany,No,1
597,Motorola,2601,0,3.3,1,16,1,128,0.9,136,4,21,885,2123,2048,9,6,20,0,0,MediaTek Dimensity,3301,IPS LCD,120,1,WiFi 6E,5.4,Yes,Yes,Yes,Android,13.1,33,91.7,85.5,62.5,966.04,Premium,920.38,1.77,Business User,5.0,1595,100.0,93.2,91.2,0,21725.09,6.62,37465,36192688.6,0.5,18,Online Store,Germany,Yes,0
598,Apple,3779,1,1.6,0,15,1,512,0.5,88,4,16,2135,2206,6144,19,3,19,0,1,MediaTek Dimensity,4079,IPS LCD,144,0,WiFi 5,5.2,Yes,Yes,Yes,iOS,17.6,65,86.2,41.9,67.0,2191.7,Flagship,2434.86,9.49,Student,4.25,5992,90.3,100.0,73.3,0,37863.5,2.98,34876,76437729.2,7.75,18,Online Store,UAE,No,2
599,Google,4289,1,2.2,0,5,0,32,0.4,239,10,38,2064,2279,8192,12,6,5,0,1,MediaTek Dimensity,5362,IPS LCD,120,1,WiFi 6E,5.0,Yes,Yes,Yes,Android,13.2,18,93.8,67.9,70.1,1280.19,Flagship,1187.43,16.05,General User,3.7,154,74.7,61.5,63.3,10,158219.45,6.14,42281,48714942.05,5.07,12,Retail Store,India,Yes,0
600,Google,3753,1,1.2,1,23,1,128,0.7,143,8,44,487,632,8192,10,5,9,0,1,MediaTek Dimensity,4494,Super AMOLED,60,1,WiFi 6E,5.2,No,No,Yes,Android,16.6,65,88.0,32.9,96.1,1436.4,Flagship,1182.19,9.31,Professional,3.83,1955,75.3,100.0,59.2,0,75575.6,10.12,41913,60203833.2,3.12,24,Online Store,Singapore,Yes,0
601,Xiaomi,6380,0,1.9,0,21,1,256,0.1,179,6,13,843,572,4096,15,4,8,0,1,Exynos,2975,OLED,60,1,WiFi 6,5.2,No,Yes,No,Android,15.7,45,92.0,31.6,89.8,1404.18,Flagship,1488.47,11.26,Gamer,4.49,1936,96.7,86.1,72.1,15,28566.46,14.65,47454,56638864.06,0.5,36,Retail Store,Australia,Yes,1
602,Samsung,4664,1,1.0,1,16,1,64,0.7,182,4,56,204,1394,12288,17,3,12,0,1,Google Tensor,5361,IPS LCD,144,1,WiFi 6,5.0,No,No,Yes,Android,18.9,120,92.7,82.8,74.2,1855.47,Flagship,1657.38,15.05,Student,4.94,273,100.0,79.9,60.2,20,83906.13,2.85,19706,29251113.46,2.39,36,Telecom Partner,USA,No,2
603,Google,6953,1,1.9,0,5,1,256,0.7,186,8,10,1780,1487,6144,15,10,14,0,0,MediaTek Dimensity,3909,OLED,120,1,WiFi 6,5.3,No,Yes,Yes,Android,12.6,80,94.3,56.4,85.1,1540.74,Flagship,1404.7,11.13,Student,4.29,12827,87.8,92.5,73.3,15,300265.14,10.76,45811,59995414.12,10.28,36,Online Store,UK,Yes,1
604,Vivo,6562,0,1.7,1,13,1,256,0.7,120,8,80,515,1604,4096,6,3,11,1,1,Google Tensor,3834,Super AMOLED,60,1,WiFi 6,5.3,Yes,Yes,Yes,Android,15.0,80,90.5,88.0,89.5,1695.88,Flagship,1570.15,5.61,Business User,4.28,1439,85.5,100.0,75.1,5,32213.2,4.37,38923,62708300.38,4.19,36,Retail Store,Germany,Yes,1
605,Oppo,5471,0,1.4,0,24,1,64,0.2,98,6,23,821,1970,2048,14,6,14,1,0,Snapdragon,2897,LCD,120,0,WiFi 6E,5.3,Yes,Yes,Yes,Android,16.4,80,76.5,27.8,59.2,926.01,Premium,856.62,9.21,General User,4.78,1542,100.0,91.8,70.3,20,36281.37,5.31,43482,32211813.46,0.5,12,E-commerce Marketplace,Singapore,Yes,1
606,Vivo,5864,0,2.7,0,0,1,64,0.2,99,10,5,1792,792,16384,8,10,15,1,0,Google Tensor,8864,OLED,120,1,WiFi 7,5.4,Yes,Yes,No,Android,17.0,18,97.2,51.5,85.5,1769.29,Flagship,1821.99,11.06,General User,4.69,21964,94.1,100.0,77.1,5,11295.72,3.04,25523,42899709.24,12.15,12,E-commerce Marketplace,Germany,No,2
607,Vivo,5886,0,1.1,1,26,1,64,0.3,196,6,75,849,1074,8192,6,5,4,1,1,Snapdragon,4089,IPS LCD,60,1,WiFi 5,5.1,No,Yes,Yes,Android,13.8,33,97.1,100.0,59.3,1442.24,Flagship,1574.47,0.1,Gamer,5.0,1146,100.0,100.0,100.0,15,5668.68,6.1,48483,59435503.63,4.37,12,Retail Store,UK,Yes,1
608,Xiaomi,5009,1,1.2,0,25,1,128,0.4,185,8,55,464,789,12288,16,3,20,0,0,Snapdragon,6052,IPS LCD,120,1,WiFi 5,5.2,No,Yes,Yes,Android,17.2,33,84.5,57.2,79.6,2016.79,Flagship,2019.97,6.82,Business User,4.87,155,87.4,100.0,87.5,0,75771.85,5.58,39123,78902875.17,0.5,36,Online Store,Australia,Yes,2
609,Apple,3932,0,2.1,0,5,1,128,0.8,183,4,47,1994,634,12288,15,7,20,1,1,Snapdragon,5996,Super AMOLED,144,1,WiFi 6,5.2,No,No,Yes,iOS,20.0,65,96.6,40.8,100.0,2337.67,Flagship,2644.74,15.36,Student,4.79,486,86.3,100.0,70.0,10,167606.84,5.87,41116,86504075.75,6.03,36,Retail Store,USA,Yes,2
610,Xiaomi,6300,1,2.8,0,7,1,128,0.3,109,4,67,307,2004,8192,14,0,10,0,0,Google Tensor,5735,AMOLED,90,1,WiFi 7,5.0,Yes,Yes,Yes,Android,15.0,65,88.2,68.4,88.8,1632.57,Flagship,1452.83,0.1,Student,4.57,8627,100.0,99.6,88.4,5,46448.99,8.0,44684,69302269.99,3.39,36,Telecom Partner,India,Yes,1
611,Google,5891,0,1.9,0,12,1,512,0.4,219,4,50,1866,1884,6144,14,11,7,1,0,Snapdragon,3746,Super AMOLED,90,0,WiFi 7,5.2,No,Yes,Yes,Android,12.5,80,100.0,50.1,87.9,1678.92,Flagship,1503.22,14.35,Gamer,4.31,367,90.0,100.0,81.0,0,23430.88,4.28,30438,51102966.96,2.36,24,Retail Store,UK,No,1
612,Apple,4555,0,1.7,0,9,0,256,0.2,111,4,57,1257,1291,4096,10,11,11,0,1,Snapdragon,3493,OLED,144,0,WiFi 5,5.4,No,Yes,Yes,iOS,18.1,120,91.9,83.5,81.6,2195.77,Flagship,2561.82,15.75,Business User,4.97,931,94.8,96.0,67.0,0,12958.95,9.3,36414,79956768.78,7.05,36,E-commerce Marketplace,India,Yes,2
613,Realme,5808,0,2.2,0,4,1,64,0.8,171,6,41,1514,2251,2048,19,1,4,0,0,Google Tensor,2489,LCD,90,1,WiFi 6,5.4,No,Yes,Yes,Android,12.8,25,85.3,49.0,73.6,1100.15,Premium,1269.74,3.46,Gamer,4.81,4106,100.0,100.0,70.6,15,17383.86,9.88,39803,37220879.88,8.31,36,Telecom Partner,Singapore,Yes,1
614,Realme,4766,1,1.3,0,11,1,64,0.9,129,4,105,347,626,2048,10,5,19,1,1,Exynos,2127,IPS LCD,144,1,WiFi 6,5.3,Yes,No,No,Android,16.0,18,100.0,100.0,86.7,1077.48,Premium,886.37,0.1,Business User,4.9,651,100.0,100.0,89.4,20,35967.87,12.25,60342,52013838.53,4.12,24,Retail Store,USA,Yes,0
615,Oppo,3717,1,1.6,0,25,1,256,0.9,210,6,103,294,1996,12288,19,8,8,1,0,Snapdragon,5681,LCD,60,1,WiFi 7,5.0,Yes,Yes,Yes,Android,16.6,45,84.9,87.1,58.1,1889.43,Flagship,1690.8,12.1,Gamer,3.81,3308,92.3,100.0,100.0,0,52372.32,1.91,27762,52454355.66,2.69,36,E-commerce Marketplace,Singapore,No,2
616,Realme,4302,0,3.4,0,5,1,128,0.2,154,6,89,1996,2002,6144,19,8,17,0,1,Exynos,5022,Super AMOLED,60,1,WiFi 5,5.3,Yes,Yes,No,Android,15.0,25,80.9,69.0,100.0,1632.58,Flagship,1630.58,8.52,Gamer,4.4,13584,92.9,98.5,87.5,10,61126.29,4.49,53484,78585217.85,4.98,36,Telecom Partner,Singapore,Yes,0
617,Realme,6361,1,1.1,0,14,1,512,0.8,87,6,62,182,1980,6144,19,2,15,0,1,Google Tensor,3534,LCD,60,1,WiFi 5,5.3,Yes,Yes,Yes,Android,15.9,25,100.0,63.8,85.1,1846.85,Flagship,1994.42,10.51,General User,4.56,454,96.2,85.8,100.0,5,10603.73,1.98,25246,44294296.34,0.5,24,Telecom Partner,UK,No,1
618,Google,6706,0,2.4,1,20,1,64,0.3,146,4,107,1097,1239,8192,19,4,5,1,1,MediaTek Dimensity,5051,Super AMOLED,144,1,WiFi 6,5.0,Yes,Yes,No,Android,14.2,80,93.3,100.0,91.6,1638.73,Flagship,1820.06,7.19,Gamer,4.76,538,100.0,94.3,85.5,25,40079.23,12.7,53693,65991247.42,0.5,24,Retail Store,India,Yes,1
619,Vivo,6766,0,1.9,0,22,1,64,0.5,103,6,11,2037,1853,3072,5,10,19,0,1,Snapdragon,3408,IPS LCD,90,1,WiFi 6E,5.4,No,Yes,No,Android,15.3,18,89.2,70.9,99.5,1159.47,Premium,1086.31,0.1,Student,4.95,5987,97.0,100.0,83.7,25,10196.71,4.7,42860,37271163.15,0.5,24,Retail Store,USA,Yes,1
620,Samsung,6148,1,1.2,1,16,1,128,0.5,86,6,105,2097,1141,4096,7,9,14,0,0,Snapdragon,2861,LCD,144,1,WiFi 5,5.0,Yes,Yes,Yes,Android,18.6,80,83.7,85.2,67.3,1314.48,Flagship,1240.69,15.67,Professional,4.17,4408,93.6,100.0,87.8,10,169483.43,3.7,33990,40211257.68,2.53,24,E-commerce Marketplace,Singapore,No,1
621,Samsung,3394,1,2.6,0,25,1,128,0.2,98,8,58,1874,1934,8192,16,6,7,1,1,MediaTek Dimensity,5604,IPS LCD,60,0,WiFi 5,5.3,Yes,Yes,Yes,Android,15.9,120,79.9,67.3,65.9,1411.48,Flagship,1648.63,15.6,Professional,4.33,321,99.8,83.3,69.3,20,84046.93,6.33,39185,44247075.04,4.53,18,Telecom Partner,Germany,Yes,0
622,OnePlus,3699,0,1.3,1,9,1,256,0.9,207,6,96,1752,2070,3072,15,3,16,1,0,MediaTek Dimensity,2735,AMOLED,90,1,WiFi 6,5.4,No,Yes,Yes,Android,12.0,25,84.0,100.0,85.2,1426.18,Flagship,1509.23,8.5,General User,4.56,1466,92.9,80.9,66.7,25,20772.09,8.78,36303,38830959.4,1.22,36,Telecom Partner,Germany,Yes,0
623,Realme,5483,1,1.4,1,28,1,128,0.1,114,6,97,1797,850,8192,9,5,19,1,1,Apple Bionic,3965,Super AMOLED,144,1,WiFi 5,5.2,Yes,Yes,Yes,Android,12.8,120,87.1,91.3,96.4,1796.61,Flagship,1536.83,4.33,Business User,5.0,842,100.0,100.0,85.6,5,345098.61,4.67,51475,87856474.76,5.74,18,Online Store,UK,Yes,1
624,Realme,4998,1,2.8,0,29,1,128,0.7,161,10,47,1195,987,16384,11,11,20,0,0,Google Tensor,9794,AMOLED,144,1,WiFi 6E,5.4,Yes,No,Yes,Android,13.1,80,85.3,81.5,66.9,2174.22,Flagship,2091.98,5.28,Student,5.0,1303,89.6,76.3,100.0,5,48184.58,4.4,27014,55797660.13,7.47,18,E-commerce Marketplace,India,No,2
625,Motorola,2798,1,0.9,0,4,1,256,0.5,193,10,71,1115,811,12288,17,8,12,1,0,MediaTek Dimensity,6049,LCD,144,1,WiFi 5,5.1,Yes,No,Yes,Android,12.7,120,83.2,64.6,59.0,1998.34,Flagship,2230.73,3.99,General User,5.0,3170,100.0,100.0,98.5,20,31182.47,0.65,33551,53637044.27,2.39,36,Online Store,Singapore,No,2
626,Motorola,6467,1,2.1,0,24,1,256,0.5,230,6,75,299,913,3072,6,7,12,0,1,Apple Bionic,3353,IPS LCD,120,0,WiFi 6E,5.4,Yes,Yes,Yes,Android,13.6,33,77.6,89.4,85.9,1369.08,Flagship,1411.97,3.44,General User,4.57,573,98.2,64.4,80.1,15,19595.57,0.69,22900,26649142.2,9.71,12,Retail Store,UAE,No,1
627,Google,6779,1,1.6,0,0,1,256,0.5,103,8,7,726,662,8192,14,5,14,0,1,Snapdragon,4824,AMOLED,60,1,WiFi 6E,5.4,Yes,Yes,Yes,Android,18.8,80,87.1,47.4,70.8,1385.24,Flagship,1617.77,7.54,Gamer,4.01,857,84.9,86.3,77.9,25,44948.36,11.53,51476,53479960.68,4.36,18,Retail Store,Australia,Yes,1
628,Samsung,5899,1,1.6,0,26,1,128,0.5,225,10,61,444,2101,12288,18,10,2,0,1,Snapdragon,6770,LCD,120,1,WiFi 6,5.4,Yes,Yes,Yes,Android,14.8,33,84.8,68.2,68.3,1510.19,Flagship,1611.9,13.18,Student,4.48,1462,97.7,100.0,85.5,5,204687.4,8.17,51540,73943432.97,0.5,12,Telecom Partner,UK,Yes,2
629,Motorola,2557,1,1.8,1,1,1,128,0.3,187,4,88,1062,1164,2048,12,3,2,1,0,Apple Bionic,2599,LCD,120,1,WiFi 6,5.0,No,Yes,Yes,Android,16.0,18,81.5,62.9,71.9,1327.01,Flagship,1357.31,8.41,General User,4.52,872,92.1,97.6,64.3,15,69057.42,4.42,34637,39069098.56,8.18,18,Online Store,Australia,No,0
630,Vivo,6321,1,1.3,0,21,1,512,0.5,102,10,5,1269,812,8192,12,10,16,1,0,MediaTek Dimensity,5041,AMOLED,90,1,WiFi 6,5.1,No,Yes,No,Android,16.6,18,100.0,61.6,77.5,1851.53,Flagship,2136.96,11.54,Professional,3.88,1804,82.2,100.0,75.0,15,122887.99,0.92,34273,53938864.54,0.5,24,Online Store,Germany,No,1
631,OnePlus,3621,0,2.5,1,28,1,128,0.2,147,10,77,156,1717,2048,16,5,17,1,1,MediaTek Dimensity,3844,IPS LCD,90,0,WiFi 5,5.2,Yes,Yes,Yes,Android,17.5,80,90.5,69.5,80.7,1188.76,Premium,1134.5,5.66,Gamer,3.96,788,81.4,95.6,85.8,10,40597.81,7.45,27753,29692490.65,0.53,36,Retail Store,UAE,No,0
632,Motorola,5427,0,2.0,1,24,1,128,0.1,133,8,13,2151,1924,12288,16,8,4,0,0,Snapdragon,6635,OLED,144,1,WiFi 6,5.0,Yes,Yes,No,Android,17.3,25,90.1,53.6,80.4,1887.04,Flagship,2225.58,2.94,Business User,4.09,1153,84.2,83.7,53.4,10,15000.79,2.76,22000,37363392.0,6.23,24,Telecom Partner,Singapore,No,2
633,Motorola,6898,1,1.5,0,7,1,256,0.7,85,10,11,1914,1370,8192,5,8,11,1,1,Snapdragon,5489,IPS LCD,90,1,WiFi 6,5.0,Yes,Yes,Yes,Android,15.6,25,86.7,47.2,56.8,1400.86,Flagship,1586.93,8.58,Gamer,4.06,1157,77.0,81.9,50.3,25,13647.18,8.49,41871,43991556.8,3.89,36,Retail Store,Singapore,Yes,1
634,Google,2970,1,2.6,0,26,1,64,0.3,216,10,90,809,507,8192,13,2,12,0,0,Snapdragon,5651,IPS LCD,144,1,WiFi 5,5.1,Yes,Yes,Yes,Android,14.4,33,95.0,56.0,76.1,1444.22,Flagship,1636.66,6.06,Professional,3.98,13671,80.6,83.3,81.1,15,42153.57,7.77,45996,56464091.65,0.91,24,Telecom Partner,Germany,Yes,0
635,Samsung,4615,1,1.4,1,7,1,64,0.9,219,8,30,1464,1115,6144,17,8,6,1,0,Exynos,4925,AMOLED,144,1,WiFi 6E,5.4,No,Yes,Yes,Android,14.1,80,91.5,51.8,86.8,1250.64,Flagship,1280.0,10.08,Gamer,4.78,5214,100.0,83.0,92.5,10,11571.21,3.96,32449,36523815.62,1.75,12,Telecom Partner,USA,No,0
636,Vivo,3745,0,1.5,1,17,1,512,0.3,85,10,28,1820,2336,8192,8,8,9,0,1,Exynos,5575,LCD,90,0,WiFi 6,5.3,No,Yes,Yes,Android,12.7,45,86.1,75.5,66.8,1855.05,Flagship,1947.69,8.02,Gamer,4.78,4288,99.2,88.5,71.4,0,415923.4,7.15,48416,89814100.8,7.43,12,Online Store,Singapore,Yes,2
637,OnePlus,3644,0,2.7,0,3,1,128,0.9,220,6,13,2190,1218,3072,8,6,18,0,0,Snapdragon,2242,LCD,90,1,WiFi 6E,5.4,Yes,Yes,Yes,Android,15.7,33,90.2,43.4,67.8,1104.13,Premium,1255.44,14.0,Student,3.86,10785,80.4,96.6,73.6,25,27930.0,8.34,33069,27384356.23,1.15,24,Retail Store,Australia,No,0
638,Motorola,6888,1,2.3,1,0,1,512,0.3,180,4,29,992,768,8192,13,8,8,0,1,Snapdragon,4513,LCD,144,1,WiFi 6,5.0,No,No,Yes,Android,16.4,18,97.2,62.9,76.6,1967.53,Flagship,1623.13,6.44,Business User,4.14,3732,78.0,77.3,74.5,15,17299.2,10.63,42516,71103779.66,4.45,12,Retail Store,Australia,Yes,1
639,Xiaomi,3579,1,2.7,1,12,1,512,0.5,212,10,48,125,1008,8192,15,7,11,0,1,Apple Bionic,5840,IPS LCD,90,1,WiFi 6E,5.4,Yes,Yes,Yes,Android,14.6,80,100.0,35.7,66.9,1982.82,Flagship,2001.35,8.29,General User,4.02,898,88.1,51.2,60.2,15,14794.95,10.98,34595,58306309.22,5.39,24,Online Store,India,No,2
640,Xiaomi,2606,0,2.3,0,2,1,32,0.9,203,8,51,1031,688,3072,15,6,11,0,1,Exynos,3607,IPS LCD,120,1,WiFi 6,5.4,Yes,Yes,Yes,Android,16.9,33,81.8,75.1,81.0,1100.2,Premium,1201.44,5.79,Student,4.67,974,86.8,100.0,75.9,10,267969.91,2.56,49143,48660415.74,8.7,24,Online Store,Australia,Yes,0
641,Samsung,6240,0,1.2,0,15,1,256,0.5,187,4,63,2184,2018,6144,10,4,15,0,1,Google Tensor,3456,AMOLED,60,1,WiFi 5,5.0,No,Yes,Yes,Android,17.2,18,84.6,42.8,96.2,1550.41,Flagship,1506.29,8.65,Business User,3.83,235,76.1,100.0,63.0,15,95738.52,9.01,35630,46954942.06,0.5,36,E-commerce Marketplace,UK,Yes,1
642,Xiaomi,4226,0,1.4,1,22,1,512,0.9,209,8,59,1524,1515,8192,17,4,12,1,0,Google Tensor,5456,IPS LCD,120,1,WiFi 6E,5.3,Yes,No,Yes,Android,12.8,120,80.4,77.0,52.3,2128.2,Flagship,1942.0,10.2,Student,4.64,392,89.6,83.5,54.0,25,48055.53,5.88,32920,52545258.0,1.14,36,Retail Store,Australia,No,2
643,Google,6223,1,1.2,1,17,1,128,0.5,85,4,29,1334,1458,8192,11,9,3,0,1,Google Tensor,4389,Super AMOLED,60,1,WiFi 7,5.1,No,No,Yes,Android,15.8,18,86.2,58.6,87.8,1421.79,Flagship,1173.78,3.68,Gamer,3.45,418,73.2,99.7,52.4,10,19906.92,2.84,4806,6149810.47,5.17,24,Online Store,Germany,No,1
644,Samsung,6716,1,1.7,0,22,0,256,0.6,207,4,59,1321,1084,6144,10,5,6,0,1,Exynos,4261,LCD,144,1,WiFi 6,5.4,Yes,Yes,Yes,Android,17.1,33,81.3,70.2,62.3,1589.69,Flagship,1372.53,12.12,Business User,5.0,1628,100.0,94.2,70.1,0,26403.15,7.28,33223,52814270.87,5.87,12,Telecom Partner,Germany,No,1
645,OnePlus,2559,0,2.3,0,22,0,128,0.2,118,6,9,1293,2310,8192,11,8,13,0,0,MediaTek Dimensity,4928,IPS LCD,144,1,WiFi 6E,5.4,No,No,Yes,Android,13.7,33,94.5,46.9,76.4,1405.08,Flagship,1563.14,11.23,Gamer,4.59,3145,93.3,90.2,84.5,15,104398.97,7.58,53643,64066800.47,6.88,24,Online Store,Singapore,Yes,0
646,Vivo,5889,0,2.1,1,10,1,128,1.0,168,4,36,452,1235,8192,14,5,10,0,0,MediaTek Dimensity,4343,IPS LCD,120,1,WiFi 6E,5.0,No,Yes,No,Android,15.0,33,79.9,53.8,68.0,1197.23,Premium,1084.14,12.5,Gamer,5.0,1150,91.9,84.9,54.6,0,50680.67,7.52,33320,39891703.6,7.19,24,Online Store,Germany,No,1
647,OnePlus,6585,0,1.6,0,6,1,64,0.3,215,10,37,447,2287,6144,19,7,16,0,1,Snapdragon,4858,OLED,120,1,WiFi 6,5.4,No,No,Yes,Android,17.9,80,94.9,37.2,91.6,1396.27,Flagship,1367.13,8.2,Professional,3.61,1707,74.5,86.8,71.8,20,252844.59,13.23,52494,58636637.9,2.6,12,E-commerce Marketplace,UK,Yes,1
648,OnePlus,5193,0,2.3,1,9,1,256,0.8,80,4,59,1849,1490,4096,6,6,13,1,0,Google Tensor,2777,LCD,60,1,WiFi 5,5.3,Yes,Yes,Yes,Android,16.8,33,86.9,68.8,73.2,1637.82,Flagship,1362.48,7.6,Student,3.64,7755,73.5,76.1,67.5,20,57480.12,2.54,21672,28395868.03,2.45,36,E-commerce Marketplace,Germany,No,1
649,Realme,6816,1,1.3,0,22,1,512,0.2,120,6,51,734,2392,8192,7,5,9,0,0,Exynos,4538,LCD,120,1,WiFi 6E,5.1,Yes,No,Yes,Android,17.2,65,76.7,54.7,66.5,2070.37,Flagship,1855.04,10.67,Student,4.92,209,92.3,96.4,40.9,5,105553.61,4.54,21762,42802622.34,5.9,36,E-commerce Marketplace,Singapore,No,2
650,Apple,6194,0,2.4,1,13,1,256,0.3,178,10,88,1532,587,3072,9,10,20,0,1,Snapdragon,3947,IPS LCD,120,1,WiFi 5,5.0,No,Yes,Yes,iOS,18.4,65,91.2,77.0,82.5,2085.65,Flagship,2375.7,12.05,Professional,5.0,2218,100.0,96.8,49.5,10,33709.72,0.34,16487,30947500.4,10.08,24,Retail Store,Australia,No,1
651,Oppo,4617,1,3.3,0,5,0,32,0.2,84,4,11,343,2182,6144,8,4,4,1,0,Apple Bionic,4678,Super AMOLED,90,0,WiFi 6E,5.3,No,Yes,Yes,Android,17.5,33,97.4,20.0,99.9,1237.5,Flagship,1427.33,8.25,General User,4.24,4784,78.4,81.3,66.4,10,95085.61,7.34,46027,51262571.25,3.83,36,Online Store,UAE,Yes,0
652,OnePlus,5532,1,1.6,1,18,1,64,0.9,165,4,22,760,931,8192,8,10,15,0,0,Exynos,4421,AMOLED,60,0,WiFi 6E,5.3,Yes,No,No,Android,18.4,25,93.5,76.8,83.2,1315.92,Flagship,1542.59,5.72,Professional,4.9,859,98.7,100.0,88.7,15,26337.8,4.91,39120,43756971.84,3.48,36,Online Store,Singapore,Yes,1
653,Google,4671,1,2.8,0,25,0,128,0.8,184,4,55,102,2224,4096,13,8,20,0,1,Snapdragon,4176,LCD,120,1,WiFi 6E,5.0,Yes,Yes,Yes,Android,13.4,80,82.8,84.2,63.8,1528.96,Flagship,1316.04,1.18,General User,4.33,319,84.3,88.4,50.6,15,82954.94,7.15,41005,53290754.08,5.3,18,Retail Store,India,Yes,0
654,Samsung,6771,1,2.3,0,29,1,256,0.7,103,4,39,2162,982,8192,17,1,19,0,1,Apple Bionic,4764,OLED,120,1,WiFi 6,5.4,Yes,Yes,Yes,Android,15.8,18,94.1,36.1,80.5,1514.82,Flagship,1393.78,18.0,Gamer,4.16,1530,91.7,87.6,79.1,10,92248.7,8.77,46728,63706058.06,3.32,36,Online Store,UK,Yes,1
655,Oppo,5099,1,1.6,0,2,1,256,0.5,207,6,25,800,2374,6144,19,2,14,0,0,Apple Bionic,3876,Super AMOLED,90,1,WiFi 6E,5.0,No,No,Yes,Android,13.9,18,78.0,66.3,70.0,1441.77,Flagship,1583.82,16.52,Student,4.66,417,93.3,99.0,88.1,20,107580.13,4.21,39708,45799842.53,4.33,12,Retail Store,UAE,Yes,1
656,Motorola,5583,0,2.9,0,13,1,16,0.3,230,8,10,1772,2140,2048,8,6,13,0,0,Exynos,3334,LCD,144,0,WiFi 6,5.0,No,No,Yes,Android,15.0,25,100.0,20.8,61.2,775.7,Premium,847.08,1.2,Business User,4.65,468,100.0,78.0,70.8,10,167647.71,5.26,30924,21588972.12,2.65,12,Telecom Partner,Germany,No,1
657,Oppo,5516,1,2.6,1,6,1,512,0.5,102,10,27,1627,961,8192,14,6,10,1,1,MediaTek Dimensity,6081,AMOLED,60,1,WiFi 6,5.0,Yes,No,Yes,Android,17.8,25,88.9,51.4,87.8,1933.56,Flagship,1805.64,9.1,Gamer,3.37,4531,73.7,88.2,79.3,5,281565.47,8.65,50798,93309931.84,12.91,24,E-commerce Marketplace,UAE,Yes,2
658,Realme,6590,1,0.8,0,7,1,256,0.4,217,8,30,349,1358,6144,13,1,7,1,0,Apple Bionic,3849,Super AMOLED,120,0,WiFi 5,5.4,No,Yes,No,Android,18.9,25,89.4,79.9,85.5,1580.71,Flagship,1373.18,0.1,General User,4.48,3389,97.4,100.0,91.9,5,302570.3,5.41,64081,96228803.63,11.18,18,E-commerce Marketplace,USA,Yes,1
659,Google,2937,1,1.4,0,14,1,128,0.3,215,6,104,1908,1634,12288,8,2,13,1,1,Snapdragon,6213,Super AMOLED,120,1,WiFi 6,5.1,No,Yes,Yes,Android,13.0,33,98.1,71.8,90.2,1968.78,Flagship,1699.11,6.33,Gamer,5.0,16330,100.0,78.6,57.9,20,87361.87,7.6,30615,48219359.76,5.38,36,Online Store,India,No,2
660,Samsung,3680,1,0.9,0,2,1,128,0.1,202,8,11,1636,1630,8192,14,4,14,1,0,Apple Bionic,4501,IPS LCD,60,0,WiFi 6,5.4,Yes,Yes,Yes,Android,12.4,120,92.0,28.2,77.2,1239.16,Flagship,1066.85,12.44,Gamer,4.25,29578,87.6,68.5,85.0,0,39224.1,3.28,40269,49899734.04,7.25,36,Retail Store,Singapore,Yes,0
661,OnePlus,5943,1,3.2,1,26,1,256,0.2,80,8,20,182,2386,2048,9,7,20,1,0,MediaTek Dimensity,4047,AMOLED,144,1,WiFi 6,5.1,Yes,Yes,Yes,Android,17.1,33,93.6,61.1,81.7,1364.52,Flagship,1607.22,2.5,General User,4.15,385,87.9,82.9,99.1,0,28236.39,6.53,46435,63361486.2,2.74,24,E-commerce Marketplace,India,Yes,1
662,Realme,4159,1,1.5,1,4,1,256,0.2,235,4,7,1241,1545,16384,15,8,19,1,1,Google Tensor,6593,IPS LCD,120,1,WiFi 5,5.4,Yes,Yes,Yes,Android,15.4,45,81.6,20.0,61.4,1992.23,Flagship,1681.64,6.81,General User,4.56,752,83.0,71.0,59.9,5,161166.82,6.58,36681,69423139.2,3.66,24,E-commerce Marketplace,Singapore,Yes,2
663,Vivo,3719,1,1.1,0,23,1,128,0.7,102,10,45,1860,2391,4096,9,6,18,1,0,Google Tensor,3699,OLED,144,1,WiFi 6E,5.4,Yes,Yes,Yes,Android,15.3,33,94.7,44.8,64.3,1247.84,Flagship,1307.85,12.18,General User,5.0,2561,100.0,71.7,83.4,5,50680.67,3.82,32570,38610041.36,7.13,18,Retail Store,Germany,No,0
664,Xiaomi,6492,0,0.8,1,15,1,16,0.2,192,10,31,1175,1527,4096,18,8,9,0,1,Snapdragon,3682,Super AMOLED,144,1,WiFi 6,5.3,Yes,Yes,No,Android,12.3,80,97.8,44.2,88.9,1431.76,Flagship,1330.55,13.52,Business User,3.18,179,58.4,84.1,48.4,15,38005.2,8.67,43901,53427341.4,2.64,36,Telecom Partner,UK,Yes,1
665,Google,5881,0,2.6,1,26,1,64,1.0,173,4,43,189,505,6144,5,8,11,1,0,Snapdragon,4241,LCD,90,1,WiFi 5,5.2,No,Yes,Yes,Android,13.7,65,90.9,22.9,73.2,1138.93,Premium,1042.87,4.34,Gamer,4.33,4093,85.4,91.6,81.4,10,50680.67,6.91,35049,35926521.81,9.57,18,E-commerce Marketplace,UAE,Yes,1
666,Apple,3094,0,3.1,1,15,1,16,0.3,174,8,12,895,1226,8192,10,8,18,1,0,Exynos,5939,LCD,120,1,WiFi 6,5.2,No,No,Yes,iOS,16.3,33,93.3,38.0,77.9,1799.91,Flagship,1483.97,18.47,Business User,4.78,2523,100.0,82.3,75.4,5,51360.18,5.49,34275,58607319.49,3.68,36,E-commerce Marketplace,UK,No,0
667,Samsung,5937,1,3.5,0,24,1,128,0.5,168,6,61,1805,2124,8192,10,5,16,1,1,Apple Bionic,5217,Super AMOLED,144,1,WiFi 6,5.3,No,No,Yes,Android,16.2,80,79.6,66.3,83.9,1516.1,Flagship,1742.92,20.22,Gamer,4.27,1002,93.5,97.7,94.2,10,62965.54,5.14,47489,64798265.61,5.13,36,Online Store,Singapore,Yes,1
668,Apple,5268,0,2.7,1,31,1,16,0.2,109,6,87,1543,1982,8192,8,7,20,0,1,Apple Bionic,5237,IPS LCD,60,1,WiFi 6,5.1,No,No,Yes,iOS,16.9,120,80.7,69.4,90.2,1855.18,Flagship,1817.58,16.12,General User,4.52,2034,98.3,100.0,83.8,5,84627.31,7.68,30142,53122893.78,3.54,36,E-commerce Marketplace,UAE,No,2
669,Realme,4410,1,2.3,1,2,1,128,0.4,192,8,37,587,1415,8192,13,5,19,0,1,Apple Bionic,4982,OLED,60,0,WiFi 5,5.2,Yes,Yes,Yes,Android,18.3,65,94.4,52.9,95.2,1251.46,Flagship,1405.87,9.94,Business User,4.76,1083,100.0,63.1,67.2,5,20941.8,7.97,36367,43236253.53,9.32,18,Online Store,UK,Yes,0
670,Apple,4242,1,1.2,0,28,1,128,0.9,183,4,67,155,556,4096,15,1,6,1,1,Snapdragon,2386,OLED,144,1,WiFi 5,5.4,No,Yes,No,iOS,18.1,80,87.7,69.8,94.4,1802.77,Flagship,1888.64,11.3,Business User,5.0,37712,95.7,100.0,96.8,20,110053.14,12.79,60679,87512224.66,4.94,36,Online Store,Australia,Yes,0
671,Google,6473,0,1.2,0,31,1,64,0.9,85,8,100,498,1995,8192,6,8,4,0,1,Google Tensor,4899,LCD,90,1,WiFi 6E,5.2,No,No,Yes,Android,15.7,120,100.0,83.9,73.0,1634.89,Flagship,1709.94,0.1,Professional,5.0,1151,96.4,95.9,62.1,10,110728.03,9.76,41590,61195567.59,2.12,12,Telecom Partner,Singapore,Yes,1
672,Motorola,4355,1,2.3,0,28,1,256,0.5,105,6,44,1818,1614,12288,15,9,5,0,0,Google Tensor,5748,AMOLED,144,1,WiFi 6,5.3,No,No,Yes,Android,17.6,18,83.6,47.7,72.7,1868.72,Flagship,1653.22,16.29,General User,4.55,936,86.3,100.0,56.5,5,178223.52,6.79,43585,77375753.14,6.46,12,Retail Store,USA,Yes,2
673,Vivo,5824,0,1.0,0,19,1,128,0.9,166,10,46,1928,1459,12288,8,3,7,0,0,Snapdragon,6273,IPS LCD,60,1,WiFi 6E,5.0,Yes,Yes,Yes,Android,13.4,33,93.5,71.8,91.2,1691.02,Flagship,1969.64,11.23,Gamer,4.85,631,98.2,100.0,91.2,10,51233.32,4.69,47351,72064339.22,6.87,24,Telecom Partner,Germany,Yes,2
674,Realme,5927,0,2.3,0,23,1,256,0.7,155,6,62,1269,2168,6144,15,2,11,0,1,MediaTek Dimensity,3927,AMOLED,60,1,WiFi 6,5.1,No,No,Yes,Android,17.9,18,76.2,85.6,79.2,1428.22,Flagship,1510.8,0.17,Gamer,4.53,6413,90.8,93.5,57.3,15,25521.77,4.35,14653,17788551.51,4.65,18,E-commerce Marketplace,Germany,No,1
675,Oppo,3362,0,1.3,1,27,1,64,0.7,230,10,100,743,786,2048,19,11,12,0,0,Snapdragon,2793,IPS LCD,60,0,WiFi 6,5.4,Yes,Yes,Yes,Android,15.4,25,89.2,100.0,74.5,974.39,Premium,848.64,3.85,Professional,4.69,2959,100.0,100.0,88.8,5,34662.92,7.78,42591,39425232.27,3.78,24,Retail Store,Germany,Yes,0
676,Xiaomi,5815,1,2.5,1,30,1,128,1.0,157,8,88,1187,2144,4096,19,2,14,1,1,MediaTek Dimensity,4278,OLED,90,1,WiFi 6E,5.1,Yes,Yes,Yes,Android,13.4,80,87.2,87.6,91.9,1347.18,Flagship,1261.6,5.11,Business User,4.6,2631,100.0,100.0,73.7,10,317107.54,13.54,62204,75419986.25,4.77,36,Online Store,Australia,Yes,1
677,Realme,6499,0,1.2,1,1,1,64,0.7,181,6,8,729,817,6144,11,9,19,0,1,Apple Bionic,4540,IPS LCD,60,1,WiFi 6,5.2,No,Yes,Yes,Android,16.2,45,81.9,46.8,76.1,1251.68,Flagship,1264.21,9.76,General User,4.67,2314,87.0,99.7,80.4,15,16999.1,7.48,32474,34549997.87,3.62,36,Telecom Partner,UAE,No,1
678,Oppo,3918,1,1.6,0,31,1,64,0.3,176,4,30,720,2365,8192,19,9,7,1,1,Exynos,4057,AMOLED,144,0,WiFi 7,5.0,Yes,Yes,Yes,Android,16.3,80,87.9,49.7,70.2,1254.76,Flagship,1402.27,9.62,Gamer,4.25,1237,90.1,99.9,95.3,20,6837.3,7.12,47196,47375722.37,0.5,24,Retail Store,USA,Yes,0
679,Samsung,6657,1,1.5,1,20,1,256,0.7,111,6,98,246,1980,12288,16,4,11,1,0,Snapdragon,6146,LCD,144,1,WiFi 6,5.0,Yes,Yes,Yes,Android,14.9,120,98.1,70.4,58.8,1875.73,Flagship,1549.98,14.85,Student,4.72,3111,100.0,99.9,75.3,5,49423.16,5.04,26252,46779580.76,2.82,18,Telecom Partner,UAE,No,2
680,Samsung,6983,0,1.8,1,32,1,64,0.8,85,10,42,1941,990,6144,9,8,19,0,1,Snapdragon,5441,LCD,60,1,WiFi 5,5.0,No,Yes,No,Android,17.8,120,84.4,66.2,82.8,1392.47,Flagship,1339.48,18.77,Student,4.26,775,82.4,100.0,70.3,15,532084.32,11.87,62085,73483774.96,7.18,24,Online Store,Singapore,Yes,1
681,OnePlus,6022,0,3.2,0,0,1,128,0.5,134,4,104,739,644,2048,12,4,17,0,0,Snapdragon,3726,LCD,144,0,WiFi 5,5.4,Yes,Yes,Yes,Android,16.3,65,100.0,89.1,79.8,1180.59,Premium,1113.48,0.96,Business User,5.0,1595,100.0,91.7,69.4,5,14916.27,6.18,43742,49059299.39,3.85,18,Telecom Partner,Germany,Yes,1
682,Google,3618,1,1.2,0,15,0,128,0.1,228,10,28,2108,1346,6144,15,10,10,0,1,Apple Bionic,4611,OLED,60,1,WiFi 5,5.1,Yes,No,Yes,Android,17.2,120,92.5,48.5,71.9,1462.22,Flagship,1657.12,10.51,Student,4.69,319,81.3,100.0,67.0,20,19888.75,7.65,40000,46791040.0,0.5,18,Retail Store,India,Yes,0
683,Vivo,6496,1,2.6,1,17,1,32,0.5,130,4,35,1684,1015,16384,8,8,9,1,0,Google Tensor,7179,LCD,120,1,WiFi 6E,5.0,Yes,Yes,Yes,Android,18.3,80,93.1,40.8,86.7,1858.21,Flagship,1705.59,5.87,General User,5.0,976,100.0,96.1,62.8,5,79630.28,7.68,40178,70926203.31,8.55,24,Telecom Partner,USA,Yes,2
684,Apple,3501,1,2.1,0,26,1,128,0.2,108,6,81,461,1911,6144,6,3,9,1,0,Google Tensor,4716,AMOLED,60,1,WiFi 6E,5.3,Yes,Yes,Yes,iOS,17.5,80,92.4,61.9,96.3,1763.58,Flagship,1467.01,17.12,Professional,4.19,372,91.9,100.0,89.5,25,8535.22,5.5,31946,42254495.01,4.93,24,Retail Store,UK,No,0
685,Oppo,2788,1,2.1,1,28,1,64,0.9,190,10,97,384,1325,4096,17,8,16,1,1,Apple Bionic,4708,Super AMOLED,144,1,WiFi 6E,5.1,Yes,Yes,Yes,Android,15.2,65,92.7,80.9,68.0,1215.52,Flagship,1240.58,14.08,General User,4.79,664,97.1,74.7,60.6,10,25065.66,1.65,15088,16505789.18,4.98,18,Telecom Partner,USA,No,0
686,OnePlus,2745,1,2.9,1,8,1,128,0.8,138,8,108,1197,2140,6144,9,7,13,1,0,MediaTek Dimensity,4789,AMOLED,90,0,WiFi 6,5.3,Yes,Yes,Yes,Android,18.8,18,84.5,83.8,75.1,1298.8,Flagship,1304.08,3.25,Business User,4.29,1571,89.9,100.0,64.4,10,46742.28,6.21,39133,45743346.36,3.35,12,E-commerce Marketplace,Australia,Yes,0
687,Oppo,4064,0,3.1,0,3,1,64,0.7,115,10,10,1146,1195,12288,10,8,12,1,0,Snapdragon,6752,IPS LCD,144,1,WiFi 6E,5.2,No,Yes,Yes,Android,13.6,80,88.7,41.1,77.9,1743.06,Flagship,1749.18,4.74,Business User,4.51,4888,89.7,100.0,53.1,10,45807.98,0.1,26933,42251251.48,5.2,36,E-commerce Marketplace,USA,No,2
688,Vivo,4523,1,1.9,0,5,1,128,0.8,185,10,62,1561,1443,3072,19,3,4,0,0,Exynos,4289,Super AMOLED,60,1,WiFi 6,5.0,Yes,No,Yes,Android,13.8,18,95.1,90.2,76.1,1519.28,Flagship,1319.37,0.1,Business User,4.49,765,100.0,85.1,86.5,15,18865.93,5.1,40103,51788532.96,3.14,36,Telecom Partner,USA,Yes,0
689,Xiaomi,4430,0,0.9,0,26,0,16,0.7,124,10,9,1557,1105,6144,12,7,17,0,1,Apple Bionic,4587,LCD,90,1,WiFi 6,5.3,No,No,No,Android,12.5,120,90.5,25.9,65.4,1266.39,Flagship,1311.98,6.9,Student,4.31,317,89.2,93.5,81.0,5,180999.22,7.87,51504,61962943.03,8.37,12,Retail Store,UK,Yes,0
690,OnePlus,5296,0,3.0,1,28,1,256,0.9,85,10,79,735,1205,3072,18,3,7,1,1,Snapdragon,3927,Super AMOLED,120,1,WiFi 6,5.2,Yes,Yes,No,Android,16.4,18,81.6,74.5,83.8,1403.48,Flagship,1333.25,10.56,Gamer,4.61,662,97.1,99.6,85.3,10,31240.5,5.12,33102,41812195.46,8.26,24,Telecom Partner,Australia,No,1
691,Motorola,4746,1,2.6,0,14,1,64,0.7,192,10,94,785,907,12288,8,2,13,0,0,Exynos,6974,IPS LCD,90,0,WiFi 6,5.2,No,Yes,Yes,Android,15.1,65,84.4,75.0,66.8,1271.64,Flagship,1106.23,2.47,General User,4.53,1550,95.6,84.7,68.5,10,13034.44,6.3,38601,44177918.08,5.28,24,Retail Store,India,Yes,2
692,OnePlus,6693,1,1.7,0,20,1,128,0.6,163,4,23,1757,1370,8192,8,8,2,0,0,Exynos,4990,OLED,144,1,WiFi 6,5.4,No,Yes,No,Android,17.4,45,86.3,46.6,86.1,1302.17,Flagship,1187.54,1.95,Student,4.4,2311,81.3,98.2,71.7,25,163600.4,5.81,37400,36525868.5,0.5,24,Retail Store,UK,Yes,1
693,Oppo,6653,0,2.9,0,3,1,64,0.3,111,6,16,1866,1364,8192,16,8,15,1,1,MediaTek Dimensity,5167,LCD,90,1,WiFi 5,5.4,Yes,Yes,No,Android,18.8,45,100.0,52.8,67.0,1436.11,Flagship,1612.4,0.1,Student,4.84,19906,100.0,96.4,79.8,5,15161.44,7.01,39539,53943235.63,8.44,36,E-commerce Marketplace,India,Yes,1
694,Vivo,6992,1,1.1,1,17,1,64,0.9,137,10,81,2022,2360,3072,19,0,12,0,0,Apple Bionic,3019,OLED,60,0,WiFi 6,5.1,Yes,Yes,No,Android,12.4,120,92.6,89.2,72.1,1058.8,Premium,914.77,5.15,Professional,4.82,9138,99.1,85.6,70.6,15,33780.07,4.92,37025,33321759.5,8.77,12,Retail Store,USA,Yes,1
695,Realme,4729,1,1.1,0,32,1,512,0.3,111,6,60,739,2295,16384,9,2,11,1,0,Google Tensor,6845,LCD,90,1,WiFi 6,5.3,Yes,Yes,Yes,Android,16.8,18,84.2,41.5,82.9,2357.83,Flagship,2313.93,10.95,Student,4.26,938,82.2,92.7,55.4,25,47331.34,12.03,31076,54953943.81,3.84,12,Retail Store,India,No,2
696,Google,6794,1,2.1,0,18,1,128,0.7,134,4,29,713,1168,6144,12,9,6,0,1,Exynos,4016,AMOLED,90,0,WiFi 7,5.4,No,Yes,Yes,Android,17.5,65,90.2,47.5,86.2,1225.74,Flagship,1029.83,6.52,Student,5.0,6228,100.0,81.8,65.1,0,34286.84,1.63,31715,38874344.1,0.5,24,Retail Store,Singapore,No,1
697,OnePlus,6604,0,1.3,0,7,1,512,0.3,218,10,90,564,1412,12288,19,7,16,0,0,MediaTek Dimensity,6253,IPS LCD,60,1,WiFi 6E,5.2,No,No,Yes,Android,18.5,45,91.6,77.3,84.5,2376.28,Flagship,2165.48,7.99,Professional,4.89,1075,100.0,97.1,53.9,5,34416.05,2.53,37524,84709154.18,6.79,12,Online Store,Singapore,Yes,2
698,Google,5434,1,2.5,1,32,1,256,0.2,140,10,94,1523,592,8192,19,6,6,0,1,Google Tensor,5968,LCD,144,1,WiFi 5,5.3,No,Yes,Yes,Android,13.4,18,96.5,81.8,76.0,1936.27,Flagship,1774.45,0.1,Gamer,4.57,341,87.1,82.2,56.3,5,61476.06,6.75,22959,42232081.78,5.44,24,Online Store,UAE,No,2
699,Samsung,4513,0,3.0,1,28,0,128,0.5,170,6,94,1557,536,3072,16,8,3,1,0,Apple Bionic,2896,OLED,144,1,WiFi 6,5.0,Yes,Yes,Yes,Android,12.9,33,83.6,73.7,84.7,1444.21,Flagship,1280.0,10.66,Gamer,4.34,419,91.5,90.8,86.8,25,142918.28,8.82,45616,49409312.52,2.81,18,Online Store,Germany,Yes,0
700,Realme,4090,0,2.1,0,10,1,64,0.2,172,6,90,1948,2346,12288,16,3,3,0,1,Apple Bionic,6386,OLED,60,1,WiFi 6,5.4,Yes,Yes,Yes,Android,14.0,25,78.2,77.0,89.5,1736.89,Flagship,1935.45,0.95,Gamer,5.0,1369,99.7,94.3,90.4,15,110313.05,6.65,55268,81595271.04,3.05,12,E-commerce Marketplace,Australia,Yes,2
701,Xiaomi,5204,1,3.2,0,19,1,128,0.7,133,10,53,774,1004,4096,10,9,7,0,0,Exynos,5168,AMOLED,120,0,WiFi 7,5.0,Yes,Yes,Yes,Android,17.7,18,86.6,66.9,83.9,1350.67,Flagship,1422.18,14.93,Business User,4.21,2416,94.8,93.2,83.9,5,11594.58,12.38,44268,56801886.58,4.28,18,Retail Store,Germany,Yes,1
702,Realme,4505,1,2.9,1,32,1,256,0.9,210,8,64,178,823,4096,7,4,18,1,0,MediaTek Dimensity,3938,AMOLED,60,1,WiFi 5,5.0,Yes,Yes,Yes,Android,12.6,25,89.0,75.8,91.9,1379.74,Flagship,1141.43,12.71,Student,4.07,863,79.0,64.7,34.0,20,23678.67,7.46,41162,45434286.3,1.2,36,Retail Store,India,Yes,0
703,Samsung,5285,1,2.3,1,19,1,512,1.0,240,8,58,1876,866,8192,16,8,10,1,1,Exynos,6472,AMOLED,144,0,WiFi 5,5.0,Yes,Yes,Yes,Android,18.5,18,89.2,94.1,95.5,2293.24,Flagship,2210.47,6.25,General User,5.0,8434,93.5,93.3,73.3,10,67017.23,5.94,28890,59626533.24,4.75,12,Telecom Partner,UK,No,2
704,Oppo,5390,0,1.3,0,4,1,256,0.7,232,4,69,2046,2222,6144,13,1,8,1,0,MediaTek Dimensity,3697,Super AMOLED,60,0,WiFi 6,5.2,Yes,Yes,No,Android,13.1,65,81.7,74.7,90.6,1452.83,Flagship,1685.05,1.05,Gamer,4.76,4668,92.5,89.2,87.6,0,45158.88,4.24,26585,38623485.55,5.09,36,E-commerce Marketplace,India,No,1
705,Motorola,6868,1,3.3,0,32,1,128,0.8,149,8,23,1373,1847,4096,10,7,2,0,0,Snapdragon,4543,AMOLED,120,1,WiFi 5,5.0,Yes,Yes,Yes,Android,12.3,33,92.2,45.7,76.9,1071.05,Premium,1130.66,3.39,General User,4.0,847,84.1,75.3,85.6,25,478505.61,8.12,66876,53720654.85,6.58,12,Online Store,Australia,Yes,1
706,OnePlus,3765,0,2.7,1,14,1,512,0.8,89,6,35,1936,2312,8192,8,10,18,1,1,Snapdragon,5078,LCD,90,0,WiFi 7,5.0,No,No,No,Android,14.6,80,82.4,33.6,65.3,1961.43,Flagship,1761.7,7.73,Gamer,3.74,2530,70.2,100.0,62.0,0,227951.98,8.48,44637,87552350.91,6.11,24,Telecom Partner,Australia,Yes,2
707,Motorola,3359,0,3.2,1,29,1,256,0.9,80,8,70,682,531,8192,6,3,8,0,1,Exynos,5696,Super AMOLED,60,1,WiFi 6,5.2,Yes,Yes,Yes,Android,14.8,80,83.5,95.9,84.4,1792.61,Flagship,1511.71,9.41,Business User,3.98,6180,78.1,92.3,46.4,15,51072.44,8.93,32783,49952063.59,5.99,36,Retail Store,UAE,No,0
708,Realme,3228,1,2.7,1,9,1,32,0.6,88,6,13,2059,2357,8192,19,4,11,0,0,Google Tensor,4649,Super AMOLED,60,1,WiFi 7,5.0,Yes,No,Yes,Android,13.6,65,92.2,20.0,91.9,1318.91,Flagship,1288.15,8.48,Gamer,4.04,2226,80.4,97.9,65.6,20,37749.04,14.31,47829,50465717.11,4.47,12,Retail Store,USA,Yes,0
709,Google,5701,1,1.3,1,4,1,128,0.2,164,10,88,1077,1319,8192,15,2,18,1,0,MediaTek Dimensity,5997,Super AMOLED,90,0,WiFi 6,5.1,Yes,Yes,No,Android,16.2,45,87.5,93.8,92.6,1328.9,Flagship,1453.38,8.39,Gamer,5.0,3084,98.0,100.0,92.9,20,41416.29,5.91,37057,39396037.84,4.18,18,Telecom Partner,Australia,Yes,1
710,Google,3840,0,1.0,0,19,1,256,0.9,197,8,62,786,2063,3072,15,4,3,0,0,Snapdragon,3314,LCD,90,1,WiFi 6,5.1,No,No,Yes,Android,15.9,120,89.3,75.9,80.4,1413.23,Flagship,1637.57,8.84,Professional,4.45,4187,93.9,100.0,74.0,5,13505.05,8.82,30157,40487838.25,4.92,18,Telecom Partner,UK,No,0
711,OnePlus,6429,0,1.5,1,1,1,256,0.5,147,4,99,2131,989,4096,19,10,10,0,0,Snapdragon,2571,OLED,144,1,WiFi 6,5.4,No,Yes,Yes,Android,13.6,120,95.4,82.6,69.6,1736.33,Flagship,1894.32,8.57,Professional,4.73,1543,92.3,97.8,61.2,10,46795.32,9.89,40042,62573513.27,0.5,24,Telecom Partner,UK,Yes,1
712,Motorola,4203,0,1.6,1,9,1,256,0.7,180,6,7,190,2135,4096,17,3,4,1,1,Snapdragon,2565,IPS LCD,120,1,WiFi 5,5.1,Yes,No,Yes,Android,13.7,25,77.1,20.6,96.0,1360.27,Flagship,1588.14,3.74,Professional,4.64,419,85.3,95.1,72.5,20,40230.96,3.82,29403,31996815.05,6.49,12,Online Store,UK,No,0
713,Vivo,4361,0,3.2,1,28,1,128,0.3,194,6,20,466,902,8192,10,11,7,0,1,Google Tensor,5095,LCD,60,1,WiFi 6E,5.3,Yes,Yes,Yes,Android,12.9,18,96.0,28.5,69.0,1229.49,Flagship,1190.54,12.25,Gamer,3.48,1860,70.8,74.3,65.6,20,106788.19,13.42,46702,45935713.58,8.87,36,Retail Store,India,Yes,0
714,Realme,2972,1,1.7,1,25,1,128,0.5,216,8,73,348,2302,6144,6,5,7,0,1,Google Tensor,4741,OLED,144,1,WiFi 5,5.0,Yes,Yes,Yes,Android,13.4,120,86.1,84.2,85.3,1751.16,Flagship,1725.82,2.53,Student,4.56,604,100.0,90.3,96.4,10,28610.32,4.39,42908,67624895.95,6.01,18,E-commerce Marketplace,UAE,Yes,0
715,Samsung,4079,0,3.0,1,1,1,256,0.3,207,10,95,319,678,6144,11,8,19,1,1,Exynos,4692,AMOLED,120,1,WiFi 6,5.3,No,Yes,No,Android,12.4,80,90.9,100.0,91.6,1849.59,Flagship,1598.62,17.75,General User,4.52,3566,79.2,95.2,59.9,10,302599.23,3.83,42787,71224566.6,13.11,24,Online Store,Germany,Yes,0
716,Google,4845,1,0.9,1,17,0,64,0.2,209,6,37,1484,1308,4096,19,1,14,1,0,Google Tensor,2759,LCD,144,1,WiFi 6E,5.1,Yes,Yes,No,Android,16.6,25,84.0,58.5,91.8,1262.69,Flagship,1302.25,10.36,General User,4.62,1322,100.0,89.5,67.5,10,48241.75,6.5,34594,39313348.07,0.75,24,Online Store,Singapore,No,0
717,Vivo,5414,0,1.6,0,20,1,256,0.9,216,6,92,1497,1942,4096,14,6,4,1,1,MediaTek Dimensity,4041,Super AMOLED,60,1,WiFi 7,5.2,No,Yes,Yes,Android,13.4,80,91.8,70.9,95.0,1636.04,Flagship,1556.29,1.37,Gamer,4.41,1247,86.2,100.0,68.6,0,88689.99,9.12,48786,79815847.44,7.14,18,E-commerce Marketplace,UAE,Yes,1
718,Oppo,5506,0,1.8,1,14,1,64,0.4,107,4,49,1888,2185,8192,18,8,14,1,1,Apple Bionic,4287,IPS LCD,90,0,WiFi 6E,5.2,Yes,Yes,Yes,Android,18.1,80,82.5,55.4,76.4,1549.16,Flagship,1671.42,7.33,Student,4.54,2014,100.0,95.7,95.6,0,25916.47,6.09,40591,62881953.56,4.92,24,Retail Store,India,Yes,1
719,Xiaomi,6089,1,3.0,0,31,1,128,0.6,231,10,75,1198,1656,6144,6,8,9,0,0,MediaTek Dimensity,4964,OLED,144,1,WiFi 7,5.2,Yes,Yes,Yes,Android,16.7,25,78.8,85.7,82.2,1537.73,Flagship,1529.91,8.69,Student,5.0,1172,99.4,84.9,81.8,10,169424.83,1.74,41347,57222470.08,12.02,12,Online Store,India,Yes,1
720,Oppo,4058,1,2.0,1,29,1,256,0.4,155,10,105,798,1856,16384,19,11,5,1,0,Snapdragon,8879,IPS LCD,90,1,WiFi 6,5.0,Yes,No,Yes,Android,12.1,33,79.8,100.0,77.4,2060.3,Flagship,2348.44,13.69,Gamer,4.65,1239,94.2,76.4,83.1,10,132339.1,8.82,36475,67634498.25,6.29,24,Telecom Partner,India,Yes,2
721,Google,3151,1,2.9,1,12,1,64,1.0,181,8,13,1064,1334,12288,16,9,2,0,1,MediaTek Dimensity,6473,LCD,120,1,WiFi 6E,5.1,No,Yes,No,Android,15.7,18,65.6,76.6,78.6,1831.3,Flagship,1564.79,3.69,Business User,5.0,164,88.1,100.0,70.7,10,103110.42,6.18,47737,78678691.29,7.17,12,Telecom Partner,Germany,Yes,2
722,Motorola,3586,0,3.4,0,1,1,64,0.5,81,10,42,850,1181,6144,10,3,12,0,0,MediaTek Dimensity,6033,AMOLED,60,1,WiFi 6,5.1,Yes,Yes,Yes,Android,14.6,120,86.7,58.5,89.8,1323.12,Flagship,1225.91,4.53,Professional,4.04,1339,86.1,88.8,63.9,10,30614.56,1.12,31501,37511642.81,2.48,12,Online Store,USA,No,0
723,Google,4760,0,1.8,1,5,1,128,0.9,145,4,6,1068,1188,8192,15,1,20,1,0,MediaTek Dimensity,3923,IPS LCD,144,1,WiFi 6,5.3,Yes,Yes,Yes,Android,17.8,18,79.3,53.9,64.9,1463.15,Flagship,1239.81,11.13,Student,4.51,1152,91.3,74.5,83.6,10,36603.83,8.87,42389,55819318.82,1.54,24,Retail Store,UAE,Yes,0
724,Realme,2530,0,2.3,0,2,1,256,0.3,149,6,38,1038,2139,6144,17,11,2,1,0,Google Tensor,3658,IPS LCD,90,1,WiFi 6,5.1,No,Yes,Yes,Android,15.2,18,79.6,60.1,72.7,1508.7,Flagship,1587.65,0.25,Student,4.03,514,85.6,83.7,62.7,5,112135.17,8.58,42179,60453684.43,4.36,18,E-commerce Marketplace,UK,Yes,0
725,Vivo,4628,0,1.6,0,30,1,256,0.7,161,4,97,890,781,4096,16,8,7,1,1,Google Tensor,3204,AMOLED,90,0,WiFi 5,5.0,Yes,No,Yes,Android,12.2,65,100.0,88.2,94.3,1283.06,Flagship,1423.83,8.7,Gamer,5.0,70,100.0,100.0,66.4,10,31560.43,5.66,32321,37322804.03,4.6,36,E-commerce Marketplace,Germany,No,0
726,OnePlus,5189,1,3.2,1,1,1,256,0.3,200,10,38,1689,721,6144,10,5,2,1,0,Google Tensor,5435,LCD,144,1,WiFi 6E,5.0,No,Yes,Yes,Android,17.3,45,76.2,56.3,64.0,1572.48,Flagship,1600.3,4.14,Professional,3.87,636,71.6,100.0,65.2,5,14204.92,7.28,34892,52123623.55,3.48,12,E-commerce Marketplace,India,No,1
727,Realme,3675,0,2.5,0,31,1,32,0.8,158,6,25,1826,2045,4096,9,10,15,1,1,Exynos,3939,AMOLED,90,1,WiFi 5,5.2,No,Yes,No,Android,17.6,33,88.4,53.5,71.5,1099.06,Premium,1060.36,8.74,General User,4.19,4529,83.2,94.6,70.1,10,165479.76,4.67,39351,38924199.05,2.55,12,E-commerce Marketplace,USA,Yes,0
728,Apple,5871,1,3.0,1,31,1,256,0.7,217,8,37,1272,1208,6144,15,6,10,1,1,MediaTek Dimensity,5959,AMOLED,60,1,WiFi 5,5.2,Yes,No,No,iOS,19.5,33,80.8,70.9,91.5,2126.31,Flagship,1936.47,17.72,Professional,4.28,526,77.7,71.8,50.3,15,20021.75,8.98,37245,67315253.56,3.44,18,Retail Store,Germany,Yes,2
729,Xiaomi,4601,1,1.2,0,16,1,128,0.4,227,6,84,581,1951,8192,16,4,5,0,1,Snapdragon,3933,AMOLED,90,1,WiFi 6,5.2,No,Yes,No,Android,14.6,120,82.8,63.9,78.5,1311.67,Flagship,1076.68,10.5,Business User,4.13,5459,66.7,89.2,63.5,25,62868.67,8.93,43603,42894560.26,8.74,12,Retail Store,UAE,Yes,0
730,Oppo,3892,0,3.1,1,14,1,512,0.8,119,6,6,1856,644,6144,13,9,12,1,1,Exynos,5751,Super AMOLED,60,0,WiFi 6,5.3,No,Yes,Yes,Android,16.5,45,88.0,20.0,75.2,1479.87,Flagship,1506.17,8.65,Student,4.88,274,100.0,92.4,78.8,0,101518.03,3.32,39615,58625050.05,5.97,12,Retail Store,UAE,Yes,0
731,Vivo,5890,1,2.8,0,14,1,512,0.3,106,6,105,837,611,8192,7,2,7,1,0,MediaTek Dimensity,5649,Super AMOLED,60,1,WiFi 6,5.1,No,Yes,No,Android,17.6,18,92.7,61.5,78.9,2079.53,Flagship,1787.99,2.29,Professional,3.9,1395,75.7,75.2,44.4,5,62727.57,4.95,31150,61538491.52,1.39,18,E-commerce Marketplace,Singapore,No,2
732,Apple,4583,0,1.4,0,10,1,128,0.2,120,4,106,1715,1654,4096,8,3,20,0,0,Snapdragon,2532,Super AMOLED,60,0,WiFi 6,5.1,Yes,Yes,Yes,iOS,18.3,33,78.6,97.0,89.4,1726.45,Flagship,1495.91,18.71,Student,4.12,1966,83.7,98.4,67.6,0,9608.13,7.82,22430,38724273.5,9.1,18,Online Store,Germany,No,0
733,Xiaomi,3831,0,1.3,1,0,1,128,0.9,85,4,43,863,1576,8192,17,8,15,0,1,Exynos,4166,LCD,120,1,WiFi 6E,5.2,No,Yes,No,Android,15.4,45,92.7,49.4,63.0,1439.75,Flagship,1285.08,4.39,Gamer,4.33,2275,82.8,95.7,80.9,5,44264.35,9.19,59497,81377765.46,10.1,12,Telecom Partner,Germany,Yes,0
734,Realme,3795,1,1.4,1,28,1,64,0.3,88,6,32,1220,2129,16384,19,4,10,0,0,Snapdragon,6948,Super AMOLED,144,1,WiFi 5,5.1,Yes,No,Yes,Android,15.5,18,81.2,59.2,100.0,1675.78,Flagship,1824.16,11.94,Gamer,4.94,507,100.0,78.3,84.7,0,33631.52,9.53,42268,70831869.04,0.5,12,Telecom Partner,Australia,Yes,2
735,Apple,4852,1,2.6,1,14,1,256,0.9,213,6,30,1536,507,3072,9,5,17,0,0,Snapdragon,3165,OLED,60,1,WiFi 7,5.0,Yes,Yes,Yes,iOS,17.3,25,94.3,70.8,78.6,1713.74,Flagship,1844.37,13.67,Business User,5.0,1880,100.0,100.0,79.0,0,163464.85,9.89,46121,79039402.54,4.16,12,E-commerce Marketplace,Germany,Yes,1
736,Oppo,5015,0,2.7,1,7,1,256,0.7,212,6,107,1930,738,16384,12,7,20,0,0,Google Tensor,7264,IPS LCD,144,1,WiFi 6,5.0,No,No,Yes,Android,15.2,45,81.4,96.1,63.0,2318.15,Flagship,2452.03,11.62,Gamer,3.68,7973,68.7,66.1,58.0,15,11239.88,3.0,19049,37534673.45,6.08,36,Telecom Partner,India,No,2
737,Apple,4715,1,3.3,0,8,1,256,0.9,197,8,54,580,1794,6144,8,4,15,1,1,Apple Bionic,4400,IPS LCD,90,1,WiFi 6,5.3,Yes,No,Yes,iOS,16.6,33,100.0,91.1,64.2,2312.64,Flagship,2234.11,9.21,General User,4.11,139,97.7,82.6,100.0,10,53506.95,4.45,45440,94577725.44,5.77,36,Telecom Partner,India,Yes,2
738,Oppo,6902,1,2.4,1,30,1,512,0.2,178,10,24,334,1874,6144,13,0,7,0,0,Google Tensor,4614,AMOLED,90,1,WiFi 6E,5.2,Yes,Yes,Yes,Android,13.3,80,96.2,52.0,89.4,1923.15,Flagship,1680.18,5.89,Gamer,4.24,7462,76.7,100.0,62.9,20,64924.02,8.35,32703,50314219.56,5.84,24,E-commerce Marketplace,USA,No,1
739,Motorola,3481,0,2.1,0,24,1,128,0.4,113,8,22,1061,724,12288,14,7,19,1,0,Google Tensor,6657,IPS LCD,60,1,WiFi 6,5.2,Yes,Yes,Yes,Android,15.2,45,92.3,35.2,66.4,1620.2,Flagship,1575.27,4.33,Student,4.68,2449,95.3,100.0,66.3,15,24779.27,13.04,43808,60331063.36,8.95,18,Online Store,UK,Yes,2
740,Motorola,4586,0,2.8,1,31,1,32,0.9,125,6,38,2118,2350,12288,15,2,16,1,1,MediaTek Dimensity,7299,OLED,90,1,WiFi 6E,5.4,Yes,Yes,No,Android,12.2,18,96.9,66.7,77.9,1652.22,Flagship,1775.65,2.28,Professional,4.69,14250,90.6,100.0,63.2,10,108436.68,9.28,49480,73576661.04,0.5,36,Telecom Partner,USA,Yes,2
741,Samsung,6491,0,1.5,1,31,0,64,0.1,98,4,6,1567,2167,4096,16,0,3,1,0,Apple Bionic,2157,OLED,144,1,WiFi 6E,5.2,Yes,No,Yes,Android,14.2,80,84.5,20.0,95.4,1001.02,Premium,1036.09,22.83,General User,4.33,606,100.0,90.7,74.2,20,79538.7,0.1,37724,30209982.78,1.82,24,Retail Store,UAE,Yes,1
742,Apple,3683,1,3.1,1,22,1,32,1.0,87,10,63,1839,1555,8192,14,9,17,0,0,Google Tensor,6071,OLED,120,1,WiFi 5,5.0,Yes,Yes,Yes,iOS,18.2,33,88.4,70.9,81.0,1965.23,Flagship,1900.39,18.37,Gamer,4.8,965,100.0,100.0,96.0,10,154633.57,7.1,48064,85011133.25,3.95,12,Online Store,India,Yes,2
743,Realme,3532,1,2.3,0,27,1,512,0.7,231,10,101,2036,1617,16384,14,4,15,1,0,Apple Bionic,8330,Super AMOLED,144,1,WiFi 6,5.2,Yes,Yes,No,Android,14.6,25,91.9,88.9,65.4,2500.0,Flagship,2123.42,6.87,Professional,4.25,4300,73.3,79.5,29.0,0,23112.2,3.95,23325,58312500.0,0.5,12,E-commerce Marketplace,India,No,2
744,Motorola,3313,0,2.2,0,17,1,64,0.9,189,8,9,1775,1675,8192,12,2,17,1,0,Apple Bionic,5472,Super AMOLED,144,0,WiFi 6,5.2,Yes,Yes,Yes,Android,17.9,120,85.9,42.9,81.6,1492.66,Flagship,1475.41,11.93,Business User,4.87,991,93.7,93.9,72.4,5,14064.08,5.03,28419,40298909.31,3.68,24,Online Store,Germany,No,0
745,Xiaomi,6950,1,2.3,0,28,1,128,0.9,105,10,99,593,1642,4096,18,11,20,0,1,Exynos,4233,AMOLED,90,1,WiFi 6,5.2,No,Yes,Yes,Android,16.6,18,82.4,60.4,96.6,1280.26,Flagship,1214.63,15.08,Gamer,4.93,8340,96.2,85.6,59.6,0,113025.28,3.08,26980,34541414.8,6.78,36,E-commerce Marketplace,UK,No,1
746,OnePlus,5951,1,3.4,1,8,1,512,0.7,211,10,78,1766,861,4096,7,5,12,1,1,Snapdragon,4602,OLED,144,1,WiFi 6E,5.0,Yes,No,Yes,Android,18.8,25,85.3,91.6,82.0,2067.01,Flagship,1912.1,5.9,Professional,4.44,344,91.9,100.0,87.2,5,39302.03,4.86,35835,70367738.18,4.23,12,Retail Store,UAE,Yes,1
747,Apple,5300,0,3.4,1,9,1,128,0.7,105,10,44,1607,736,12288,18,5,6,0,1,MediaTek Dimensity,7876,OLED,90,1,WiFi 6E,5.3,No,No,Yes,iOS,19.2,80,84.2,50.4,73.4,2334.3,Flagship,2644.18,14.33,Business User,4.28,3109,84.2,100.0,65.5,5,236015.76,5.16,45657,101248278.3,2.75,12,Retail Store,USA,Yes,2
748,Apple,3279,0,2.3,0,27,1,128,0.4,116,4,74,778,2330,8192,12,1,20,0,1,MediaTek Dimensity,4385,IPS LCD,90,1,WiFi 6,5.3,Yes,Yes,Yes,iOS,18.7,25,88.9,71.3,100.0,1964.39,Flagship,2126.37,11.66,Professional,5.0,1222,99.9,95.6,95.4,10,20680.67,0.1,20114,35560566.41,2.84,24,E-commerce Marketplace,UK,No,2
749,Oppo,4533,0,2.2,0,15,0,64,0.8,132,8,26,1168,1713,8192,18,2,3,0,1,Snapdragon,5754,OLED,120,0,WiFi 6,5.1,Yes,No,No,Android,17.2,80,87.3,51.0,90.0,1508.0,Flagship,1766.6,0.1,Gamer,5.0,1199,100.0,87.7,72.5,10,50680.67,8.68,32467,44064212.4,7.63,24,Retail Store,UAE,No,0
750,Apple,3836,1,2.7,1,25,1,512,0.2,108,4,32,715,1740,4096,19,5,18,0,0,MediaTek Dimensity,2419,IPS LCD,120,1,WiFi 6,5.2,Yes,Yes,Yes,iOS,18.0,65,82.6,42.8,97.5,2374.13,Flagship,2008.53,17.83,Business User,5.0,2028,88.3,72.2,67.2,0,142562.71,7.97,27206,64590580.78,3.51,36,E-commerce Marketplace,India,No,2
751,Samsung,6681,0,3.1,1,15,1,128,0.3,82,8,50,117,1880,6144,6,10,7,1,1,Apple Bionic,5365,OLED,144,1,WiFi 7,5.4,No,Yes,Yes,Android,15.6,45,92.1,59.4,79.3,1609.44,Flagship,1736.74,20.05,Student,4.1,1899,87.5,100.0,69.0,15,11949.67,7.81,28146,38504403.5,4.12,24,Telecom Partner,Germany,No,1
752,Realme,6240,0,0.8,1,8,1,32,0.8,211,8,67,842,698,12288,17,9,12,0,1,Snapdragon,5449,IPS LCD,144,0,WiFi 6E,5.2,Yes,Yes,Yes,Android,18.7,120,98.7,77.1,77.6,1781.73,Flagship,1747.59,7.63,Student,3.64,2798,79.0,77.1,51.8,5,40373.33,0.75,23134,39157614.73,8.29,18,Online Store,India,No,2
753,Realme,5359,0,1.2,1,20,1,64,0.9,82,4,49,1214,1618,3072,8,11,18,0,1,Exynos,2553,IPS LCD,120,1,WiFi 6,5.4,No,Yes,No,Android,13.5,80,84.4,47.2,79.3,1262.15,Flagship,1182.5,2.18,Student,3.75,1142,72.8,83.4,72.5,15,101294.88,2.64,27411,29407274.6,5.61,18,Telecom Partner,Germany,No,1
754,Google,6242,0,1.9,1,30,0,64,0.4,224,10,100,162,1497,8192,16,0,7,1,0,Snapdragon,6409,LCD,120,1,WiFi 5,5.0,No,Yes,Yes,Android,17.7,25,85.4,84.9,77.5,1577.11,Flagship,1506.82,2.07,Professional,4.35,623,83.8,93.4,51.4,20,13023.06,2.16,28038,35375208.14,4.48,12,Telecom Partner,India,No,1
755,Realme,3823,0,1.5,0,7,1,16,1.0,142,4,52,1151,1523,4096,10,10,2,1,1,Apple Bionic,3210,LCD,144,1,WiFi 5,5.2,No,Yes,No,Android,14.3,65,86.5,57.1,80.7,1395.55,Flagship,1221.9,7.66,General User,5.0,3578,93.1,100.0,51.9,5,52141.89,0.1,20077,26617534.48,5.03,36,Online Store,UAE,No,0
756,Samsung,4819,0,1.3,0,32,1,64,0.7,234,8,69,717,2295,4096,5,10,20,1,0,MediaTek Dimensity,3606,LCD,60,1,WiFi 5,5.2,Yes,Yes,Yes,Android,17.8,120,78.1,49.6,78.0,1209.82,Flagship,1300.45,15.21,Professional,4.71,804,97.1,100.0,61.8,10,165377.9,7.63,44632,48597017.62,3.89,24,Online Store,India,Yes,0
757,Realme,2965,0,0.9,0,1,1,256,0.9,101,10,107,1549,1276,8192,17,11,3,0,0,MediaTek Dimensity,4716,Super AMOLED,90,1,WiFi 6E,5.4,Yes,Yes,No,Android,15.7,45,97.4,100.0,91.9,1895.44,Flagship,1872.29,8.24,Gamer,4.49,1953,78.5,100.0,66.8,10,88025.15,6.64,42305,72167930.28,8.41,18,Online Store,Australia,Yes,0
758,Samsung,4143,1,1.5,0,31,1,128,0.2,184,4,106,637,1321,6144,14,4,11,1,0,Apple Bionic,3430,IPS LCD,120,1,WiFi 6,5.2,Yes,Yes,Yes,Android,13.1,33,86.9,87.2,78.2,1566.26,Flagship,1771.55,11.73,Professional,4.41,1372,97.8,100.0,90.9,15,141918.84,6.1,49658,66110738.22,4.36,18,Telecom Partner,UAE,Yes,0
759,Xiaomi,4517,0,2.0,0,28,1,64,0.2,207,10,36,138,962,6144,16,3,2,1,0,MediaTek Dimensity,5047,OLED,120,1,WiFi 6,5.3,No,Yes,Yes,Android,18.1,80,91.0,53.8,80.5,1357.43,Flagship,1163.08,3.73,General User,4.54,2359,100.0,91.3,77.0,10,73535.88,8.09,45294,55335090.98,2.67,24,Retail Store,USA,Yes,0
760,Oppo,4952,0,2.5,0,15,1,32,0.6,207,8,82,1966,818,6144,14,3,17,0,1,Exynos,5364,LCD,60,1,WiFi 5,5.1,No,No,No,Android,12.6,25,85.6,100.0,66.7,1260.05,Flagship,1232.66,6.33,Student,5.0,550,100.0,100.0,80.0,5,110955.67,4.41,44317,53049554.06,4.42,18,Online Store,Germany,Yes,1
761,Motorola,5923,1,1.4,1,21,1,128,0.3,140,8,96,1906,1199,12288,17,11,15,1,1,MediaTek Dimensity,6449,OLED,144,1,WiFi 6,5.2,Yes,Yes,Yes,Android,16.4,33,79.7,91.4,75.3,1863.62,Flagship,1943.31,2.73,Student,4.65,852,93.7,100.0,73.0,0,63672.18,3.7,35851,66812640.62,4.69,18,E-commerce Marketplace,Germany,Yes,2
762,OnePlus,6104,0,3.0,1,31,1,256,0.3,224,6,105,1762,2036,4096,18,2,13,1,0,Snapdragon,3778,OLED,120,0,WiFi 6,5.1,Yes,No,Yes,Android,12.6,65,93.4,89.3,95.7,1790.33,Flagship,1492.04,2.61,General User,4.76,276,93.8,100.0,86.4,10,75918.26,5.44,40414,65118956.96,2.06,18,Telecom Partner,Australia,Yes,1
763,Xiaomi,2879,0,3.1,0,27,1,128,0.2,238,10,76,1598,1199,3072,7,1,4,0,0,Apple Bionic,5389,Super AMOLED,120,1,WiFi 6E,5.0,Yes,Yes,Yes,Android,16.2,33,90.8,83.3,91.1,1380.77,Flagship,1508.56,1.12,Business User,4.68,270,98.0,100.0,65.3,20,218317.74,6.33,49698,54897205.97,4.82,36,Online Store,UAE,Yes,0
764,OnePlus,4083,1,1.8,1,23,1,64,0.4,127,4,44,1286,1787,8192,7,2,20,1,1,Snapdragon,5324,AMOLED,60,1,WiFi 5,5.4,No,Yes,Yes,Android,16.4,18,78.8,74.5,70.4,1324.06,Flagship,1409.28,4.55,Professional,4.15,2877,87.9,71.0,80.2,15,32767.98,5.63,38959,43846445.51,2.39,24,Telecom Partner,India,Yes,0
765,Samsung,3562,0,3.3,1,27,1,32,0.4,193,8,29,811,1704,2048,10,6,16,0,0,Apple Bionic,3680,LCD,120,1,WiFi 6,5.3,No,Yes,No,Android,18.9,25,88.6,51.4,69.9,1206.79,Flagship,1013.94,6.36,General User,4.24,2574,89.4,92.0,76.0,25,91192.23,12.0,58741,53166038.54,7.32,12,Telecom Partner,UAE,Yes,0
766,Google,6303,0,2.3,1,7,1,128,0.3,127,4,39,1893,1842,12288,11,3,4,0,0,MediaTek Dimensity,6356,AMOLED,144,0,WiFi 6,5.1,No,No,Yes,Android,16.7,65,75.4,74.4,78.5,1566.38,Flagship,1757.93,1.99,Professional,4.22,1473,88.2,78.4,46.8,10,45173.77,3.04,26405,37224237.51,6.44,36,Retail Store,UAE,No,2
767,Motorola,5653,0,1.5,0,21,1,256,0.7,182,6,12,490,1417,12288,15,2,13,0,0,Apple Bionic,5969,LCD,60,1,WiFi 6E,5.3,Yes,Yes,Yes,Android,14.5,18,91.8,67.1,68.0,1912.13,Flagship,2178.03,11.18,Student,5.0,6796,99.6,94.1,74.2,0,10051.46,7.92,42363,81003563.19,0.95,12,Retail Store,USA,Yes,2
768,Samsung,4081,0,2.7,0,4,1,64,0.6,173,4,99,2178,2100,8192,14,9,12,0,1,Apple Bionic,4687,IPS LCD,144,1,WiFi 6,5.4,Yes,Yes,Yes,Android,15.7,45,88.5,86.5,65.9,1644.67,Flagship,1386.69,13.11,Student,5.0,2431,100.0,91.2,74.3,0,26037.22,3.94,21792,35840648.64,6.69,12,Online Store,India,No,0
769,OnePlus,5337,1,1.7,0,26,1,128,0.2,152,10,28,977,1155,6144,9,10,14,1,1,Snapdragon,4325,OLED,120,0,WiFi 6,5.0,Yes,Yes,No,Android,12.7,80,85.0,49.2,80.0,1021.25,Premium,1065.31,9.5,Gamer,4.38,180,95.5,94.9,75.2,25,51383.81,9.03,38634,29591229.38,0.5,36,Online Store,India,Yes,1
770,Apple,5216,1,1.3,0,9,1,64,0.1,162,8,77,188,630,8192,5,10,14,0,0,Snapdragon,4620,OLED,90,0,WiFi 5,5.1,Yes,Yes,Yes,iOS,17.0,33,91.9,85.9,75.2,1825.37,Flagship,2134.04,19.72,Student,4.57,725,93.1,95.6,58.2,0,18701.07,7.47,41969,76608953.53,0.5,24,Retail Store,India,Yes,2
771,Vivo,4519,1,0.9,1,24,1,64,1.0,127,6,76,1490,2301,8192,5,1,10,0,0,Exynos,4100,LCD,144,1,WiFi 5,5.4,No,Yes,Yes,Android,13.4,25,84.3,73.4,83.6,1558.7,Flagship,1335.11,5.46,Gamer,4.78,295,97.2,89.5,73.2,5,62239.97,6.8,34862,51622429.43,3.25,24,Online Store,Singapore,No,0
772,Google,6017,0,2.0,0,28,0,64,0.1,142,4,81,546,673,8192,7,8,11,0,0,Google Tensor,4263,IPS LCD,120,1,WiFi 5,5.4,Yes,No,Yes,Android,16.4,33,83.9,68.9,74.7,1203.21,Flagship,1249.57,8.43,Student,4.35,3084,80.2,70.6,56.3,5,100130.69,8.67,34684,39645528.86,1.33,12,Retail Store,Germany,No,1
773,Vivo,5054,1,3.4,1,10,1,128,0.9,81,6,5,1219,762,6144,8,6,6,0,0,Snapdragon,4606,AMOLED,90,1,WiFi 6E,5.0,Yes,Yes,Yes,Android,15.1,120,90.2,21.6,85.6,1205.53,Flagship,1118.36,6.1,Gamer,5.0,2280,100.0,100.0,90.4,15,150172.34,9.06,45841,46973295.62,5.35,24,Retail Store,UAE,Yes,1
774,Oppo,3801,1,3.4,0,23,1,128,0.4,165,8,77,1611,1318,8192,5,10,15,1,1,Google Tensor,5772,Super AMOLED,60,1,WiFi 6,5.2,No,Yes,Yes,Android,12.3,120,91.2,70.5,82.7,1669.49,Flagship,1369.86,9.3,Student,4.96,2668,100.0,76.2,60.0,25,49648.1,7.77,45455,56915000.96,0.5,18,Online Store,USA,Yes,0
775,Oppo,5265,1,1.8,0,16,1,128,0.3,227,10,70,1057,562,8192,17,3,19,1,0,Exynos,5705,AMOLED,90,1,WiFi 6,5.3,Yes,No,No,Android,18.8,25,83.4,83.2,70.0,1750.09,Flagship,1856.44,11.79,Student,4.52,351,89.0,100.0,73.1,10,7771.06,4.37,25425,40046434.42,1.33,36,Retail Store,UK,No,1
776,Oppo,4074,0,1.8,1,7,1,128,0.3,83,10,15,635,968,6144,18,4,12,0,1,Snapdragon,4827,OLED,60,1,WiFi 5,5.3,No,Yes,Yes,Android,14.9,25,94.6,31.2,84.8,1195.01,Premium,1141.38,6.75,Professional,5.0,851,90.4,82.0,66.6,5,213339.94,9.18,57801,65619134.36,5.83,18,E-commerce Marketplace,Australia,Yes,0
777,Google,4134,0,1.4,0,4,1,256,0.5,120,4,77,752,1413,2048,8,7,8,1,1,MediaTek Dimensity,1915,Super AMOLED,90,1,WiFi 6,5.3,Yes,Yes,Yes,Android,15.9,18,93.6,60.2,83.9,1341.34,Flagship,1420.59,6.91,Gamer,4.64,130,100.0,100.0,73.0,10,29059.96,7.44,31869,38472448.01,2.8,24,Telecom Partner,USA,No,0
778,OnePlus,3102,0,1.4,1,1,1,128,0.5,196,8,10,1377,1454,4096,10,6,2,0,1,Apple Bionic,3363,OLED,60,1,WiFi 6,5.0,No,Yes,Yes,Android,15.7,120,100.0,53.4,78.4,1226.86,Flagship,1162.2,5.02,Gamer,4.28,3052,82.4,81.0,72.1,5,82944.94,7.07,36972,43091494.52,4.72,18,E-commerce Marketplace,UK,Yes,0
779,OnePlus,6716,0,1.7,0,21,1,256,0.4,175,10,62,388,2286,4096,12,8,17,1,0,Snapdragon,4226,OLED,90,0,WiFi 6E,5.0,Yes,Yes,Yes,Android,14.8,25,81.4,55.1,78.6,1238.58,Flagship,1187.36,9.6,Business User,5.0,212,97.5,97.4,69.8,20,60924.38,4.03,34629,34312629.46,4.44,12,Telecom Partner,Germany,No,1
780,Oppo,5009,1,1.8,1,27,1,128,0.3,111,4,50,1640,2386,8192,12,7,3,1,1,Exynos,4131,Super AMOLED,60,1,WiFi 6,5.4,Yes,Yes,Yes,Android,13.7,25,82.5,44.9,86.9,1413.19,Flagship,1340.1,6.97,Gamer,4.35,2671,90.0,97.6,77.9,5,113903.4,4.74,47704,64044074.97,5.29,36,Online Store,UAE,Yes,1
781,Xiaomi,4320,1,3.1,1,26,1,512,0.5,224,8,17,803,712,8192,12,0,18,1,1,Apple Bionic,6139,AMOLED,60,1,WiFi 6,5.4,Yes,Yes,No,Android,12.2,45,92.7,47.4,100.0,2212.65,Flagship,2013.87,6.06,Professional,4.57,2845,96.9,100.0,88.0,20,56408.8,6.27,36374,64386344.88,1.52,24,E-commerce Marketplace,Germany,Yes,2
782,Samsung,2735,0,1.6,1,19,1,128,0.6,227,4,102,1164,953,8192,16,9,5,0,0,Snapdragon,4545,LCD,120,1,WiFi 6E,5.3,Yes,Yes,Yes,Android,16.6,80,78.0,87.3,83.4,1607.88,Flagship,1637.98,15.25,Student,4.58,389,90.2,86.0,61.0,0,320652.9,8.02,44983,72327266.04,2.95,36,Online Store,UK,Yes,0
783,Google,5309,0,1.9,1,6,1,256,0.8,171,8,54,1341,993,6144,15,6,10,0,0,Apple Bionic,4805,LCD,120,1,WiFi 6E,5.1,Yes,Yes,Yes,Android,18.5,120,95.1,70.7,69.6,1551.91,Flagship,1501.33,8.08,Professional,4.8,507,98.8,88.9,73.4,25,15381.25,4.13,32202,37480954.36,9.2,12,Telecom Partner,UK,No,1
784,Samsung,3730,1,1.0,0,10,1,256,0.6,222,6,50,301,1772,2048,10,3,4,1,0,Google Tensor,2598,IPS LCD,60,1,WiFi 6,5.1,No,Yes,Yes,Android,17.5,65,91.6,83.7,71.2,1178.19,Premium,1316.47,15.21,General User,4.56,411,86.6,96.1,80.9,15,195470.97,8.82,54729,54808986.43,7.43,36,Telecom Partner,Australia,Yes,0
785,Realme,2548,1,1.6,1,17,1,128,0.8,137,10,60,467,2257,6144,15,5,16,0,0,Apple Bionic,4541,OLED,120,1,WiFi 5,5.0,Yes,Yes,Yes,Android,12.9,80,100.0,77.0,98.1,1718.41,Flagship,1606.14,14.95,Professional,4.42,850,95.0,92.3,87.4,10,46140.5,5.13,30238,46765153.42,2.87,12,Retail Store,Australia,No,0
786,Motorola,4543,1,2.7,0,16,1,128,0.2,157,4,41,918,1525,8192,17,4,15,0,1,Google Tensor,5240,Super AMOLED,144,1,WiFi 6,5.0,No,Yes,Yes,Android,15.3,25,97.5,67.0,93.2,1705.67,Flagship,1443.8,4.95,Professional,4.92,2290,96.6,85.0,80.9,10,33091.13,10.04,38413,58967911.54,4.56,36,Telecom Partner,UAE,Yes,2
787,Oppo,6977,1,2.4,1,1,1,64,1.0,219,4,33,335,2303,4096,16,7,8,0,1,Google Tensor,3594,LCD,120,1,WiFi 6E,5.1,No,No,No,Android,17.4,65,94.1,62.5,78.4,1298.63,Flagship,1293.12,7.85,General User,4.48,5593,94.4,60.1,47.2,20,33170.79,1.92,21583,22422665.03,7.71,12,Retail Store,UAE,No,1
788,Xiaomi,4847,0,3.4,0,30,1,128,0.8,211,10,91,264,740,8192,16,11,7,0,1,Apple Bionic,6229,OLED,144,1,WiFi 6,5.4,Yes,Yes,No,Android,17.0,80,86.2,100.0,82.6,1802.74,Flagship,1662.61,13.88,Professional,4.6,3712,100.0,95.6,97.1,15,31865.11,5.47,29399,45048940.27,0.5,36,Telecom Partner,USA,No,2
789,Realme,5049,1,1.0,1,12,1,128,0.5,81,8,102,926,1647,12288,18,1,11,0,0,Exynos,6091,Super AMOLED,144,0,WiFi 7,5.0,Yes,No,Yes,Android,15.6,45,93.7,79.1,66.6,1734.07,Flagship,1527.15,11.17,Professional,4.04,1434,71.7,82.0,87.6,0,65407.02,7.95,40019,69395747.33,2.19,36,Retail Store,UAE,Yes,2
790,Oppo,4833,0,3.1,0,13,1,256,0.4,206,8,81,1609,1006,4096,6,7,3,1,0,Apple Bionic,4348,LCD,90,0,WiFi 6,5.3,No,Yes,Yes,Android,16.0,80,84.8,71.8,79.7,1566.25,Flagship,1668.42,5.22,Gamer,5.0,679,100.0,100.0,81.9,15,84781.57,4.51,30006,39947362.88,2.53,18,Telecom Partner,Germany,No,1
791,Motorola,6493,0,1.9,1,0,1,128,0.4,177,8,10,901,1190,4096,16,1,20,1,1,MediaTek Dimensity,4068,LCD,60,1,WiFi 6,5.2,No,Yes,No,Android,14.4,18,79.7,52.1,73.3,978.77,Premium,880.22,11.21,Student,4.39,3255,94.5,100.0,83.3,10,106206.24,11.24,54155,47704760.42,7.01,24,Telecom Partner,Germany,Yes,1
792,Vivo,2859,1,1.0,1,5,1,128,0.8,85,10,11,1004,529,4096,8,10,2,1,0,Google Tensor,3340,Super AMOLED,144,1,WiFi 5,5.3,Yes,Yes,Yes,Android,16.2,25,91.2,45.4,80.4,1267.22,Flagship,1232.98,11.99,Gamer,4.19,10467,88.3,77.1,60.1,20,915914.68,11.51,98169,99521376.14,5.09,12,Telecom Partner,USA,Yes,0
793,Google,4709,0,3.1,1,4,1,256,1.0,176,10,85,1670,1862,16384,14,7,13,1,0,MediaTek Dimensity,9478,LCD,144,1,WiFi 6,5.3,Yes,Yes,Yes,Android,14.3,80,86.5,100.0,93.1,2412.12,Flagship,2468.93,9.92,Student,5.0,118,87.9,95.8,71.9,10,16684.48,6.42,30643,66523133.84,2.69,24,Online Store,Singapore,No,2
794,Samsung,4900,1,2.1,0,17,1,256,0.5,162,4,69,2000,502,12288,9,9,14,1,1,Snapdragon,5882,LCD,90,1,WiFi 6E,5.3,Yes,Yes,No,Android,13.8,18,89.7,87.7,91.9,1831.61,Flagship,1559.02,13.55,Student,5.0,896,100.0,90.8,77.9,5,58267.11,10.33,43057,74920450.18,1.65,18,Online Store,Germany,Yes,2
795,Realme,6158,1,3.1,0,22,1,128,0.5,167,4,77,191,754,4096,11,0,19,1,1,Snapdragon,3544,OLED,144,1,WiFi 6,5.4,No,Yes,Yes,Android,12.7,80,86.0,77.3,70.9,1403.15,Flagship,1343.49,4.62,Professional,4.95,978,82.2,91.9,55.6,5,93734.35,7.79,41130,54825981.53,2.5,12,Telecom Partner,UAE,Yes,1
796,Apple,3008,1,3.5,1,6,1,128,0.2,203,10,36,1395,2307,4096,6,2,11,0,1,MediaTek Dimensity,4803,OLED,120,0,WiFi 7,5.4,No,Yes,Yes,iOS,18.8,25,100.0,59.3,92.0,1684.34,Flagship,1832.89,15.77,Business User,3.94,1323,76.3,84.8,48.1,20,208547.36,5.18,45204,60911124.29,2.36,36,Retail Store,UK,Yes,0
797,OnePlus,4560,0,1.3,0,17,1,256,0.8,213,10,49,1920,2206,8192,5,11,18,0,0,MediaTek Dimensity,5130,OLED,144,1,WiFi 6,5.4,Yes,Yes,Yes,Android,13.8,25,86.1,41.0,83.0,1624.91,Flagship,1863.25,4.36,Gamer,4.25,313,88.6,100.0,69.4,15,54470.25,9.11,36288,50120023.97,6.13,36,E-commerce Marketplace,Singapore,Yes,0
798,Apple,6584,0,2.0,0,6,1,256,0.2,128,6,92,1142,712,6144,14,3,5,1,1,Apple Bionic,3626,Super AMOLED,120,1,WiFi 6E,5.1,Yes,Yes,Yes,iOS,19.3,65,100.0,100.0,98.6,2236.44,Flagship,2547.0,13.07,General User,4.74,3116,100.0,79.0,62.4,0,111962.38,8.48,46860,104799578.4,7.92,12,Online Store,Singapore,Yes,2
799,Samsung,5780,0,3.0,1,3,1,128,0.3,188,10,57,1986,2132,6144,10,7,13,1,1,Snapdragon,4918,AMOLED,120,1,WiFi 5,5.0,No,Yes,Yes,Android,12.0,25,100.0,67.4,100.0,1605.89,Flagship,1842.51,14.79,Gamer,4.27,90,94.7,100.0,64.3,20,124316.84,4.87,42728,54893174.34,8.33,12,Telecom Partner,UK,Yes,1
800,Xiaomi,3166,0,2.0,0,31,0,64,0.9,118,10,42,285,1500,4096,8,6,20,0,0,Apple Bionic,3415,LCD,120,1,WiFi 6E,5.2,Yes,Yes,Yes,Android,16.7,25,85.7,29.8,67.6,1032.33,Premium,1184.39,5.99,General User,3.82,1013,83.2,61.0,67.5,15,56346.63,7.56,42959,37695684.8,2.69,24,Telecom Partner,Singapore,Yes,0
801,Google,6372,1,1.5,0,1,1,128,0.3,116,4,24,801,2288,3072,12,7,13,0,1,MediaTek Dimensity,2897,OLED,120,1,WiFi 6,5.2,No,Yes,Yes,Android,17.8,25,92.3,62.1,71.8,1415.41,Flagship,1257.75,1.95,Gamer,4.61,2574,91.2,100.0,93.7,10,73175.55,10.35,51092,65084514.95,5.03,24,E-commerce Marketplace,Germany,Yes,1
802,Motorola,6926,0,3.5,0,27,1,64,0.2,95,6,83,1348,1111,12288,11,6,11,0,0,Exynos,7222,LCD,60,1,WiFi 6,5.2,Yes,Yes,Yes,Android,17.3,33,96.8,100.0,84.8,1634.72,Flagship,1521.45,6.94,Business User,4.82,261,90.7,98.3,80.6,10,28576.23,7.56,38969,57333063.31,0.76,18,Telecom Partner,UK,Yes,2
803,OnePlus,3225,1,1.8,0,10,1,32,0.7,117,10,53,1404,553,6144,5,9,18,0,0,Google Tensor,4816,AMOLED,90,1,WiFi 6,5.2,Yes,Yes,Yes,Android,12.7,18,86.7,56.5,87.2,1345.48,Flagship,1409.31,10.47,Business User,4.66,1830,100.0,100.0,88.4,20,48452.42,1.94,21077,22686945.57,1.59,12,Telecom Partner,USA,No,0
804,Samsung,3348,0,2.0,0,6,1,128,0.2,187,8,27,915,1251,8192,18,10,3,0,0,Exynos,4785,IPS LCD,90,1,WiFi 5,5.0,No,Yes,Yes,Android,12.8,45,87.8,47.8,73.5,1366.38,Flagship,1185.06,15.32,Gamer,4.43,1527,89.7,100.0,78.8,10,31182.78,6.71,40413,49697563.45,8.34,24,Retail Store,UK,Yes,0
805,OnePlus,5133,0,2.8,1,9,1,256,0.4,103,10,96,721,643,12288,11,7,7,1,0,Google Tensor,7407,Super AMOLED,90,0,WiFi 5,5.0,Yes,Yes,Yes,Android,16.9,80,99.4,100.0,100.0,2100.82,Flagship,1723.43,11.85,Student,5.0,1381,100.0,100.0,92.8,5,67258.49,6.77,37467,74775851.79,3.72,18,Online Store,UAE,Yes,2
806,Google,5835,1,2.7,0,6,1,128,0.5,174,8,34,1108,921,6144,6,2,9,1,0,Apple Bionic,5327,LCD,60,1,WiFi 6,5.4,No,Yes,Yes,Android,13.5,33,88.9,86.6,93.4,1373.42,Flagship,1186.86,0.1,Student,4.4,4307,86.2,100.0,79.8,5,82002.69,8.35,36457,47567234.29,4.0,24,Telecom Partner,Singapore,Yes,1
807,Xiaomi,4275,0,1.1,0,31,1,64,0.8,164,6,86,488,1081,8192,19,11,12,1,1,MediaTek Dimensity,4750,IPS LCD,144,1,WiFi 6,5.4,No,Yes,Yes,Android,18.9,18,93.7,91.2,65.7,1725.27,Flagship,1837.44,9.26,Gamer,4.3,2335,90.8,84.3,68.4,5,101772.2,8.3,47193,77349633.75,0.5,18,Telecom Partner,USA,Yes,0
808,Vivo,2666,0,2.8,0,17,1,256,0.8,114,4,56,246,991,8192,14,9,7,0,1,MediaTek Dimensity,5081,AMOLED,90,1,WiFi 6,5.4,No,Yes,No,Android,13.1,65,94.9,89.9,66.1,1631.87,Flagship,1367.71,6.23,Student,4.75,676,93.4,82.1,57.7,0,66505.87,8.56,28711,46852619.57,3.05,36,Online Store,Singapore,No,0
809,Motorola,3709,0,3.3,0,11,1,64,0.2,164,10,64,408,990,4096,19,8,10,1,0,MediaTek Dimensity,4568,LCD,120,1,WiFi 6,5.2,Yes,No,Yes,Android,15.7,18,78.2,89.3,74.3,1400.05,Flagship,1385.11,7.89,Business User,5.0,633,100.0,65.1,100.0,5,24791.59,4.43,35991,47869739.57,5.61,18,Online Store,India,Yes,0
810,Oppo,3801,0,1.0,0,2,1,256,0.6,196,8,60,925,2339,8192,8,11,14,0,1,Snapdragon,4471,LCD,144,1,WiFi 6,5.2,Yes,Yes,Yes,Android,16.4,18,85.2,73.1,66.1,1838.54,Flagship,1558.07,8.3,Professional,4.75,195,92.3,100.0,100.0,0,29725.56,2.72,21139,38864897.06,4.61,36,Telecom Partner,UAE,No,2
811,Motorola,5598,1,1.8,1,21,1,32,0.7,190,4,108,265,1029,8192,9,3,11,0,1,Exynos,4323,OLED,60,1,WiFi 6,5.3,No,Yes,Yes,Android,16.3,33,91.0,100.0,79.8,1208.73,Flagship,1307.47,6.73,Professional,4.74,908,99.6,83.6,83.2,10,57563.49,13.88,52110,56688228.27,5.3,12,Telecom Partner,UK,Yes,1
812,Apple,4125,1,3.2,0,9,1,512,0.6,84,6,91,1204,2008,3072,7,6,14,0,0,MediaTek Dimensity,3826,Super AMOLED,120,1,WiFi 6E,5.3,Yes,Yes,Yes,iOS,18.0,18,90.5,76.0,74.4,2472.08,Flagship,2520.39,17.09,Gamer,4.03,477,83.7,72.2,53.3,10,96086.55,9.62,44256,98463935.23,11.28,12,Telecom Partner,Germany,Yes,2
813,Apple,4815,1,1.4,1,26,1,16,0.9,231,6,63,745,685,6144,16,5,18,1,1,Snapdragon,3377,AMOLED,120,1,WiFi 6E,5.1,Yes,Yes,Yes,iOS,16.7,80,99.3,60.5,73.1,1884.99,Flagship,2105.06,10.09,General User,4.75,1537,100.0,93.4,86.5,25,44329.52,6.28,45887,64872402.1,4.39,24,Retail Store,Australia,Yes,1
814,Apple,6286,1,3.3,1,13,1,128,0.4,107,8,29,501,2209,12288,13,5,20,0,1,Google Tensor,7671,LCD,120,1,WiFi 5,5.4,No,Yes,Yes,iOS,19.4,45,80.7,35.9,58.5,2095.03,Flagship,2027.31,7.66,General User,3.72,1819,82.4,77.3,75.6,15,38974.73,5.64,23841,42455468.7,8.29,18,E-commerce Marketplace,UK,No,2
815,Vivo,3390,1,2.4,0,23,1,256,0.4,113,4,9,1346,1598,12288,14,4,14,1,0,Snapdragon,6176,IPS LCD,144,0,WiFi 6E,5.1,Yes,No,Yes,Android,17.7,120,90.5,44.1,94.5,1842.25,Flagship,1753.85,6.21,Gamer,4.49,515,88.0,100.0,92.4,10,135509.16,6.79,50347,83476584.68,7.65,24,Retail Store,UK,Yes,2
816,Oppo,5307,1,2.5,1,18,1,128,0.9,144,6,106,471,1505,12288,6,11,16,0,0,MediaTek Dimensity,6311,LCD,144,1,WiFi 6E,5.0,No,Yes,Yes,Android,15.6,25,92.8,86.4,78.3,1886.3,Flagship,2113.75,8.57,Student,3.9,1022,80.6,100.0,79.4,0,132397.33,9.6,46144,87041427.2,2.53,24,Retail Store,USA,Yes,2
817,Xiaomi,6010,1,2.8,1,30,1,128,0.6,144,6,106,1712,819,4096,11,6,5,0,0,Google Tensor,4151,OLED,60,0,WiFi 5,5.1,No,Yes,Yes,Android,13.4,25,88.6,100.0,73.1,1281.87,Flagship,1196.43,5.45,Gamer,4.98,357,100.0,76.2,70.3,10,13974.28,6.67,28676,33083013.71,5.44,36,Telecom Partner,UAE,No,1
818,Realme,3092,0,1.2,1,31,1,32,0.2,226,6,24,2083,611,4096,6,0,10,1,1,Apple Bionic,3088,Super AMOLED,60,1,WiFi 6,5.4,Yes,No,No,Android,18.0,65,80.7,28.7,82.2,1201.41,Flagship,1329.51,9.14,Gamer,2.81,1636,62.2,64.8,50.9,15,70529.36,3.96,27240,27817447.14,10.33,36,E-commerce Marketplace,Singapore,No,0
819,Motorola,2503,0,3.1,1,21,1,128,0.5,225,8,61,227,1989,2048,10,0,2,1,0,Google Tensor,4093,LCD,90,1,WiFi 6,5.3,Yes,No,Yes,Android,16.1,25,76.3,55.5,69.7,871.92,Premium,888.57,0.1,General User,4.71,6128,95.5,100.0,71.3,0,6617.46,4.46,35956,31350755.52,3.35,12,Online Store,India,Yes,0
820,Google,4338,0,1.0,1,3,1,64,0.8,230,6,96,1199,691,6144,8,0,8,1,1,Snapdragon,4273,AMOLED,60,1,WiFi 5,5.2,No,Yes,No,Android,15.4,33,80.2,61.1,89.5,1107.22,Premium,1244.53,8.06,General User,4.49,2498,89.1,88.0,57.0,15,205093.97,6.91,40542,38155576.25,2.58,12,Telecom Partner,Australia,Yes,0
821,Realme,5853,1,2.4,1,31,1,32,0.6,128,10,105,525,2397,6144,15,11,9,0,1,Exynos,5440,OLED,120,1,WiFi 6,5.2,Yes,Yes,No,Android,18.0,45,96.0,71.4,67.5,1488.91,Flagship,1521.36,12.97,Professional,4.23,4358,98.8,100.0,74.6,0,50032.24,8.93,44740,66613833.4,5.04,24,Retail Store,UAE,Yes,1
822,Apple,6584,0,1.8,0,11,1,256,0.3,195,8,45,1245,1090,12288,19,5,5,1,1,Google Tensor,6910,AMOLED,144,1,WiFi 6,5.0,No,Yes,Yes,iOS,17.8,25,82.3,59.1,89.9,2500.0,Flagship,2219.49,12.08,Business User,4.31,1585,92.6,100.0,70.5,0,61673.9,7.28,41280,103200000.0,0.5,12,E-commerce Marketplace,Australia,Yes,2
823,Xiaomi,5478,1,1.8,0,6,1,512,0.7,95,10,20,1025,914,8192,8,11,3,1,1,MediaTek Dimensity,4719,AMOLED,144,1,WiFi 6,5.3,No,Yes,Yes,Android,17.4,18,87.0,66.9,83.4,2203.73,Flagship,2119.78,4.69,General User,4.32,1005,87.0,100.0,69.3,25,34038.11,5.63,26715,44154485.21,3.16,36,Online Store,Australia,No,2
824,Google,4733,1,1.6,1,8,1,256,0.5,225,8,6,1470,1104,6144,11,8,14,0,1,Google Tensor,4616,Super AMOLED,120,1,WiFi 5,5.2,No,Yes,Yes,Android,12.5,120,97.8,20.0,98.4,1605.43,Flagship,1885.54,9.16,Gamer,4.56,1027,83.1,65.2,51.0,10,15130.12,4.7,29015,41923396.31,0.57,18,Telecom Partner,Australia,No,0
825,Oppo,3480,1,1.8,1,8,1,128,0.7,130,4,85,1616,1258,8192,10,5,19,0,1,Apple Bionic,4365,Super AMOLED,90,0,WiFi 5,5.2,Yes,No,Yes,Android,16.6,45,97.4,85.8,79.5,1582.95,Flagship,1698.16,9.72,Gamer,4.95,8449,100.0,98.3,79.6,5,22217.92,9.04,32768,49276600.32,5.14,24,E-commerce Marketplace,Singapore,No,0
826,Vivo,4500,0,1.6,0,7,1,256,1.0,127,4,104,1666,810,6144,6,6,11,1,1,Apple Bionic,3721,OLED,60,1,WiFi 5,5.0,No,Yes,Yes,Android,15.3,45,94.9,84.5,67.5,1448.51,Flagship,1398.91,7.25,Professional,4.12,1249,96.3,100.0,67.9,0,5000.0,6.33,25709,37239743.59,8.26,36,Telecom Partner,UAE,No,0
827,Apple,4340,1,1.9,0,27,1,256,0.3,107,4,12,991,1758,4096,7,11,18,1,0,Apple Bionic,2891,OLED,120,1,WiFi 6,5.3,Yes,Yes,No,iOS,16.9,65,82.9,59.8,83.9,2012.74,Flagship,2083.9,10.98,Business User,3.78,667,74.0,100.0,62.8,0,394410.0,6.6,50751,102148567.7,2.79,18,Telecom Partner,India,Yes,0
828,Oppo,6054,1,2.1,0,1,1,32,0.4,118,10,35,147,707,8192,15,10,9,0,1,Apple Bionic,5850,LCD,144,1,WiFi 7,5.4,Yes,Yes,No,Android,17.4,18,92.4,46.1,90.7,1489.77,Flagship,1552.31,11.22,Professional,4.37,2587,81.1,71.8,66.2,15,160348.26,1.79,31430,39799950.44,11.13,36,Retail Store,USA,No,1
829,Oppo,6164,0,1.6,1,10,1,128,0.6,136,10,56,1684,2366,8192,6,9,14,0,1,Snapdragon,5315,Super AMOLED,144,1,WiFi 6,5.2,Yes,No,No,Android,14.3,33,99.8,60.0,69.8,1638.77,Flagship,1898.97,6.37,Business User,4.13,3620,93.7,91.6,95.6,15,108295.93,7.5,51467,71691189.25,6.68,12,Retail Store,Singapore,Yes,1
830,Vivo,4470,1,2.3,0,22,1,256,0.8,207,4,9,1924,589,8192,5,11,16,0,0,Google Tensor,5057,Super AMOLED,144,1,WiFi 5,5.2,Yes,Yes,Yes,Android,18.1,18,79.5,28.2,76.4,1534.03,Flagship,1468.79,2.97,Gamer,4.41,339,83.9,100.0,56.8,0,71020.96,9.79,53201,81611930.03,6.56,36,E-commerce Marketplace,USA,Yes,0
831,Xiaomi,4534,0,1.2,1,16,1,64,0.3,86,8,49,1246,615,8192,5,11,13,1,0,MediaTek Dimensity,5362,AMOLED,144,1,WiFi 7,5.3,Yes,Yes,Yes,Android,13.4,120,91.3,78.6,71.6,1581.22,Flagship,1626.69,13.4,Business User,4.59,2266,97.3,100.0,73.4,0,6867.94,2.35,24449,38659247.78,3.75,36,E-commerce Marketplace,UAE,No,0
832,Apple,3548,1,1.5,0,23,1,128,0.3,81,6,13,2172,1014,3072,14,4,18,0,1,Google Tensor,3071,IPS LCD,144,0,WiFi 6,5.3,Yes,Yes,Yes,iOS,18.5,65,95.9,36.9,84.2,1373.61,Flagship,1179.57,20.06,Professional,5.0,400,93.2,100.0,90.3,10,33699.19,7.31,37920,46878562.08,4.83,18,Telecom Partner,UAE,Yes,0
833,Oppo,2679,1,2.3,1,2,1,128,0.7,99,8,37,1829,811,8192,11,8,10,1,0,Snapdragon,5341,LCD,120,1,WiFi 6E,5.3,No,Yes,Yes,Android,15.1,120,100.0,79.3,70.9,1763.36,Flagship,1781.44,13.2,Professional,4.05,822,80.0,87.8,51.0,10,82476.91,9.75,46291,73464927.98,7.85,36,E-commerce Marketplace,USA,Yes,0
834,Oppo,3390,0,1.8,0,26,1,256,0.2,97,4,57,2101,1258,8192,9,1,3,0,0,Apple Bionic,4171,LCD,60,0,WiFi 6E,5.4,No,Yes,Yes,Android,13.3,25,82.4,67.5,70.7,1385.11,Flagship,1342.59,4.77,General User,4.49,3538,93.7,98.0,92.7,15,73552.53,4.54,39697,46737004.92,9.72,24,Online Store,Australia,Yes,0
835,Realme,5521,0,3.0,1,18,1,512,0.8,179,4,38,1739,1095,6144,10,9,17,0,1,MediaTek Dimensity,4365,Super AMOLED,60,0,WiFi 6,5.4,No,No,No,Android,17.9,120,93.8,61.6,66.6,1757.02,Flagship,1616.69,0.93,General User,4.77,544,94.0,80.3,75.1,20,19875.37,3.23,35999,50600770.38,2.91,36,Online Store,Germany,Yes,1
836,Realme,4826,0,3.4,1,1,1,256,0.9,208,10,82,1852,1807,16384,19,0,10,1,0,Snapdragon,9003,IPS LCD,120,1,WiFi 6E,5.2,Yes,Yes,Yes,Android,13.2,18,80.3,86.3,81.2,2243.87,Flagship,2382.73,11.89,Professional,4.59,3032,95.2,100.0,85.5,10,202053.95,6.75,39380,79527240.54,3.22,18,Telecom Partner,USA,Yes,2
837,Vivo,4598,0,2.1,1,20,1,32,0.2,88,6,35,1213,704,6144,16,0,6,1,1,MediaTek Dimensity,4423,IPS LCD,90,1,WiFi 5,5.3,Yes,Yes,Yes,Android,15.8,25,88.5,61.0,81.6,1296.78,Flagship,1412.85,13.49,General User,4.78,2745,92.2,100.0,70.5,0,54188.84,6.68,29880,38747786.4,3.44,12,Telecom Partner,UAE,No,0
838,Vivo,6066,0,2.5,1,2,0,256,0.2,90,4,80,1640,2335,6144,17,6,12,0,0,Google Tensor,4311,IPS LCD,144,0,WiFi 6,5.1,No,No,Yes,Android,16.7,45,83.8,65.9,90.9,1381.07,Flagship,1259.71,8.32,Business User,4.54,3095,89.8,72.9,72.8,10,33285.87,3.89,32764,40724439.73,3.31,36,Online Store,UAE,No,1
839,Google,5853,1,2.5,0,3,1,32,0.1,104,4,85,623,2142,16384,9,0,10,0,1,Apple Bionic,7274,OLED,90,1,WiFi 6,5.0,No,Yes,No,Android,12.9,80,75.0,87.1,64.4,2032.03,Flagship,2264.63,6.11,Gamer,4.1,529,84.7,89.8,69.7,15,60784.53,6.36,45201,78072319.83,0.5,18,Online Store,Germany,Yes,2
840,Samsung,4993,1,3.2,0,30,1,512,0.3,134,8,62,1155,749,8192,10,10,18,1,0,Exynos,5742,Super AMOLED,90,1,WiFi 6,5.3,Yes,Yes,Yes,Android,14.4,65,93.0,46.8,79.7,2110.97,Flagship,1962.65,14.91,Business User,4.23,154,94.3,88.2,75.7,10,11514.38,11.01,39127,74336330.87,6.27,36,Retail Store,UK,Yes,2
841,Oppo,4886,1,2.3,0,20,1,128,0.9,103,10,42,833,575,8192,14,5,3,0,0,Apple Bionic,5847,Super AMOLED,144,1,WiFi 5,5.2,Yes,Yes,Yes,Android,13.6,25,89.9,55.0,74.2,1607.03,Flagship,1697.27,10.6,Professional,4.68,1842,100.0,98.1,82.2,25,5375.83,6.55,37332,44995232.97,0.5,12,E-commerce Marketplace,Germany,Yes,1
842,Realme,5579,1,2.8,1,28,0,256,0.3,150,6,5,1065,891,6144,6,11,15,1,1,Exynos,4744,Super AMOLED,60,0,WiFi 6,5.2,Yes,Yes,Yes,Android,18.5,120,93.6,30.9,62.2,1585.26,Flagship,1830.36,5.33,Business User,3.92,32004,85.8,90.9,70.3,25,5000.0,7.37,31894,37920211.83,0.5,36,Retail Store,India,No,1
843,Xiaomi,4121,0,3.1,0,11,1,256,0.9,151,10,54,1576,2340,12288,11,1,20,1,1,Google Tensor,7770,LCD,144,1,WiFi 6,5.4,Yes,No,Yes,Android,14.0,45,98.1,71.0,77.3,2072.13,Flagship,2257.08,16.84,Professional,4.58,4280,97.8,61.5,48.3,20,72522.42,5.0,36263,60113320.15,5.25,24,Telecom Partner,Singapore,Yes,2
844,Samsung,5235,0,1.6,0,25,1,16,0.7,83,4,8,1382,1365,8192,15,0,12,0,1,MediaTek Dimensity,4159,IPS LCD,144,0,WiFi 6,5.2,No,No,Yes,Android,14.6,33,90.7,20.0,70.3,1083.66,Premium,1055.73,22.81,General User,4.25,1935,89.2,100.0,89.3,15,62188.44,8.16,49759,45833562.25,0.5,36,Retail Store,Germany,Yes,1
845,Google,5984,0,0.9,1,0,1,16,0.9,168,4,51,1398,1626,8192,7,9,2,0,0,MediaTek Dimensity,4415,IPS LCD,90,1,WiFi 5,5.0,No,Yes,Yes,Android,15.9,33,99.9,44.4,72.1,1201.55,Flagship,1162.77,12.58,General User,4.25,947,85.4,96.5,79.3,5,21555.43,5.16,41455,47319742.49,5.42,18,Telecom Partner,UK,Yes,1
846,OnePlus,4298,1,1.5,1,0,1,128,0.1,231,10,65,2024,1790,16384,8,5,16,0,1,Apple Bionic,8486,LCD,90,1,WiFi 5,5.3,Yes,Yes,Yes,Android,14.3,80,100.0,59.7,76.6,2082.79,Flagship,2183.55,3.77,Professional,5.0,394,100.0,81.2,59.5,10,32241.59,1.79,24385,45709950.74,7.04,18,Telecom Partner,UAE,No,2
847,Google,5960,1,1.7,0,4,1,128,0.8,182,4,32,1024,1328,8192,19,6,18,1,1,Apple Bionic,4690,OLED,60,0,WiFi 6E,5.1,No,Yes,No,Android,16.8,45,86.2,76.2,96.8,1406.77,Flagship,1313.77,5.93,Professional,4.56,1827,100.0,90.9,77.0,25,31968.17,2.09,36390,38394270.22,0.9,18,Online Store,India,Yes,1
848,Oppo,4862,0,2.1,0,7,1,512,0.9,183,4,91,1162,1905,6144,13,8,16,0,1,Google Tensor,3760,Super AMOLED,90,1,WiFi 6,5.2,Yes,No,No,Android,16.9,120,88.6,85.0,80.5,2054.21,Flagship,2308.16,6.35,General User,4.11,416,75.2,93.9,76.7,0,7366.09,5.31,30879,63431950.59,5.37,18,E-commerce Marketplace,India,No,2
849,Xiaomi,6970,0,3.2,1,27,1,128,0.8,138,4,64,2019,1300,4096,12,10,4,1,0,Apple Bionic,3525,OLED,120,1,WiFi 6E,5.3,Yes,Yes,Yes,Android,18.4,45,82.3,39.6,79.4,1122.62,Premium,1019.62,0.1,General User,4.03,118,89.1,79.8,73.2,0,37461.64,7.56,41379,46452892.98,4.04,36,Telecom Partner,India,Yes,1
850,Google,4034,0,1.2,0,5,1,128,0.3,221,6,80,247,749,8192,11,11,15,0,1,MediaTek Dimensity,5080,AMOLED,60,1,WiFi 6E,5.0,Yes,No,Yes,Android,16.2,18,95.1,71.1,86.4,1441.96,Flagship,1382.67,3.7,Student,5.0,188,100.0,100.0,71.6,5,43398.65,13.82,36193,49579415.37,3.62,18,Telecom Partner,UK,Yes,0
851,Google,6745,0,1.2,0,22,0,256,0.3,233,6,87,2126,2241,4096,18,6,16,0,1,Apple Bionic,3814,AMOLED,144,1,WiFi 5,5.3,Yes,Yes,Yes,Android,18.4,65,100.0,76.1,88.7,1560.18,Flagship,1701.02,11.04,Professional,4.56,4159,95.6,100.0,54.9,10,327025.32,7.74,60917,85537336.55,1.99,12,Online Store,USA,Yes,1
852,Samsung,3159,1,2.7,0,15,1,32,0.9,204,6,24,606,718,12288,6,9,10,1,0,Apple Bionic,6296,OLED,144,1,WiFi 5,5.3,No,Yes,Yes,Android,13.3,45,81.7,64.0,93.6,1776.83,Flagship,1769.95,13.02,Student,4.17,2196,86.0,57.9,57.8,25,110645.27,10.88,34589,46094079.65,5.66,36,Online Store,UAE,No,2
853,Vivo,5214,0,2.0,0,20,1,64,0.8,104,8,105,1420,1520,4096,15,5,18,1,1,Apple Bionic,4137,LCD,90,1,WiFi 6,5.2,Yes,Yes,Yes,Android,15.7,18,76.0,96.5,89.9,1247.86,Flagship,1275.28,7.18,General User,5.0,1753,94.2,100.0,81.3,10,18623.28,2.96,30777,34564848.5,8.97,18,Online Store,UK,No,1
854,Google,5366,1,1.7,1,31,1,64,0.3,109,10,54,525,837,12288,12,11,7,1,1,Snapdragon,7082,OLED,120,1,WiFi 6,5.4,Yes,Yes,Yes,Android,13.8,18,81.6,70.8,100.0,1644.82,Flagship,1396.39,4.3,Professional,4.95,1071,93.9,100.0,69.2,15,62113.28,12.59,53306,74526958.68,6.48,36,Telecom Partner,UK,Yes,2
855,Vivo,2883,1,1.1,0,16,1,64,0.9,169,6,98,1738,2006,6144,12,2,5,1,1,Google Tensor,3899,LCD,90,1,WiFi 7,5.1,No,No,Yes,Android,18.6,18,89.7,97.3,86.6,1338.47,Flagship,1477.82,0.1,Student,4.45,1551,100.0,82.8,87.6,0,27757.26,5.95,39416,52757133.52,3.17,12,E-commerce Marketplace,UK,Yes,0
856,Motorola,3057,0,3.5,0,26,1,64,0.3,192,4,100,244,1804,8192,9,1,13,1,1,Snapdragon,5500,AMOLED,144,1,WiFi 5,5.0,Yes,Yes,Yes,Android,16.7,18,97.0,88.2,80.5,1586.67,Flagship,1602.29,3.66,Professional,5.0,1816,89.4,63.4,66.2,25,50680.67,6.42,17084,20330002.71,5.86,36,Telecom Partner,USA,No,0
857,Realme,2818,0,2.4,0,10,1,512,0.9,141,4,76,1817,744,12288,5,7,8,0,0,Google Tensor,6582,IPS LCD,90,1,WiFi 5,5.0,Yes,No,Yes,Android,17.2,65,84.0,57.5,98.6,2401.02,Flagship,2516.51,1.21,Student,5.0,25118,100.0,100.0,65.8,5,122114.35,10.51,31224,71220976.06,5.0,24,Retail Store,Germany,No,2
858,Xiaomi,4218,1,3.5,0,15,1,64,0.7,125,4,9,254,1766,6144,10,2,6,0,1,Exynos,4902,AMOLED,60,1,WiFi 5,5.2,Yes,Yes,No,Android,12.4,80,92.4,65.0,90.0,1381.63,Flagship,1531.01,7.78,Professional,5.0,3532,100.0,84.5,65.0,5,35221.09,5.45,40951,53750173.62,3.34,12,Telecom Partner,India,Yes,0
859,Vivo,5005,0,2.1,1,20,1,16,0.5,110,8,44,204,1133,8192,5,10,15,0,0,Google Tensor,5992,AMOLED,120,1,WiFi 6E,5.2,Yes,Yes,Yes,Android,14.7,45,84.5,52.1,79.7,1341.56,Flagship,1140.34,11.07,Business User,4.26,11311,95.7,81.7,56.2,10,34987.61,3.83,23850,28796585.4,3.55,18,Telecom Partner,USA,No,1
860,Xiaomi,4783,0,1.2,0,14,1,64,0.7,236,8,61,1876,2105,8192,18,3,19,0,1,Snapdragon,5131,AMOLED,60,1,WiFi 6,5.1,No,Yes,Yes,Android,14.3,18,88.2,39.5,82.7,1189.65,Premium,1128.86,8.8,General User,3.81,533,66.6,98.1,64.3,15,6879.98,2.7,32711,33077444.98,7.55,24,Telecom Partner,Germany,No,0
861,Motorola,6051,1,1.5,1,3,1,32,0.2,207,8,46,1946,1672,4096,9,6,14,1,0,MediaTek Dimensity,3348,IPS LCD,120,1,WiFi 6,5.2,Yes,Yes,Yes,Android,18.8,65,91.1,47.5,81.4,1282.85,Flagship,1233.97,10.64,Gamer,4.52,3703,87.9,100.0,75.6,10,27805.3,3.28,41500,47914447.5,4.01,12,Telecom Partner,UK,Yes,1
862,Xiaomi,2570,1,1.7,1,24,1,32,0.7,91,4,50,1480,783,8192,14,5,17,0,1,Google Tensor,4254,IPS LCD,120,1,WiFi 5,5.1,Yes,Yes,Yes,Android,14.5,80,82.5,62.3,80.4,1283.91,Flagship,1434.44,11.65,Professional,4.83,330,95.2,88.3,94.9,5,42336.41,8.25,33842,41277578.11,8.84,18,Online Store,Singapore,No,0
863,Oppo,4539,1,3.4,0,15,1,512,0.2,91,6,85,1638,1020,4096,10,6,3,1,1,Exynos,4548,IPS LCD,120,0,WiFi 5,5.1,Yes,Yes,Yes,Android,13.7,120,89.8,84.8,83.9,2081.08,Flagship,1970.35,8.25,Business User,4.74,2498,100.0,96.3,94.1,25,30800.58,5.85,41136,64205480.16,2.39,18,Retail Store,USA,Yes,0
864,Samsung,4114,1,1.5,0,23,1,128,0.1,94,10,63,335,2299,4096,8,6,11,0,0,Exynos,3144,LCD,120,1,WiFi 6,5.3,Yes,Yes,Yes,Android,12.4,80,88.6,81.1,68.7,1477.34,Flagship,1671.98,28.9,Professional,4.17,7419,87.5,91.6,76.2,0,116732.75,6.17,44573,65849475.82,5.37,18,Online Store,USA,Yes,0
865,Realme,2551,0,1.1,1,25,1,64,0.8,110,10,102,1447,2032,4096,5,7,5,1,0,Snapdragon,3197,LCD,90,1,WiFi 6,5.2,No,Yes,Yes,Android,18.0,65,72.7,75.3,77.9,1383.28,Flagship,1335.99,12.24,General User,5.0,1560,99.4,86.7,77.0,0,60877.36,5.64,35710,49396928.8,2.88,18,Online Store,USA,Yes,0
866,OnePlus,5430,0,2.8,1,19,1,128,0.6,130,10,42,460,2252,2048,19,6,7,1,0,Snapdragon,3795,LCD,120,1,WiFi 6,5.3,Yes,Yes,Yes,Android,15.2,120,84.1,51.4,61.1,1240.36,Flagship,1417.59,5.76,Gamer,4.54,898,96.8,61.4,78.9,15,20194.44,6.81,49034,51696840.4,5.08,24,Online Store,UK,Yes,1
867,Oppo,4973,0,1.1,0,6,1,128,0.5,197,10,14,1877,854,6144,14,1,7,0,1,MediaTek Dimensity,3421,AMOLED,90,1,WiFi 6,5.2,Yes,Yes,No,Android,14.8,25,81.4,23.1,75.7,1118.73,Premium,1060.92,10.78,Student,4.96,3271,90.7,90.1,96.1,0,114486.22,2.73,37014,41408672.22,0.5,12,Telecom Partner,USA,Yes,1
868,Vivo,2728,1,2.3,0,30,0,128,0.2,123,8,21,2048,1934,6144,18,9,12,1,1,Google Tensor,4599,IPS LCD,60,1,WiFi 6E,5.3,Yes,Yes,Yes,Android,19.0,120,79.3,52.4,75.3,1356.36,Flagship,1587.57,6.06,Professional,4.63,2508,92.3,87.0,74.4,20,158299.32,8.31,50362,54647201.86,1.72,24,Telecom Partner,UK,Yes,0
869,Oppo,6170,0,3.2,0,30,1,128,0.6,105,4,59,2183,959,4096,12,11,4,1,0,Google Tensor,3113,OLED,90,1,WiFi 6E,5.2,No,Yes,Yes,Android,16.9,18,87.0,82.9,67.5,1354.2,Flagship,1291.68,0.1,Professional,5.0,1769,98.1,100.0,77.3,20,56972.83,8.95,33490,36281726.4,1.07,24,E-commerce Marketplace,India,No,1
870,Realme,5194,0,1.9,1,21,1,64,0.5,127,10,108,141,1090,4096,14,7,15,0,0,Google Tensor,3641,LCD,120,0,WiFi 6,5.2,Yes,Yes,Yes,Android,18.5,33,86.9,100.0,71.8,1157.85,Premium,1213.74,3.95,Student,5.0,2218,78.1,83.4,64.1,20,219535.66,10.71,50396,46680806.88,10.11,12,E-commerce Marketplace,UAE,Yes,1
871,Xiaomi,4034,1,1.6,0,2,1,128,0.3,98,8,18,1405,969,4096,12,11,13,1,1,Snapdragon,4414,OLED,144,1,WiFi 6,5.1,Yes,Yes,Yes,Android,16.1,120,77.8,62.5,95.9,1426.8,Flagship,1581.29,5.89,Professional,4.46,1873,93.2,93.3,50.1,10,79533.45,8.07,41171,52868504.52,0.97,36,Online Store,UK,Yes,0
872,Oppo,3516,1,3.2,0,16,1,64,0.1,119,10,23,1528,1274,6144,19,10,4,1,0,Apple Bionic,5369,IPS LCD,90,0,WiFi 6,5.3,Yes,No,Yes,Android,14.8,33,92.1,49.5,79.6,1132.95,Premium,999.73,8.69,Student,3.61,1240,78.0,89.2,54.8,10,58854.14,8.82,48107,49052543.08,6.78,18,Retail Store,Singapore,Yes,0
873,Motorola,3156,0,1.0,0,16,1,32,0.3,114,8,61,1665,928,12288,12,3,9,1,0,Apple Bionic,5892,IPS LCD,120,0,WiFi 6,5.0,No,Yes,Yes,Android,18.4,45,76.4,80.5,71.1,1555.53,Flagship,1780.58,5.73,Gamer,4.55,999,92.0,98.0,78.2,0,116330.56,3.99,33172,51600041.16,10.77,12,E-commerce Marketplace,UAE,No,2
874,Realme,5032,0,1.7,0,9,0,256,0.8,194,8,10,2168,2003,2048,12,11,10,1,1,Google Tensor,2658,Super AMOLED,120,1,WiFi 6,5.1,Yes,Yes,No,Android,12.7,33,85.3,32.5,70.2,1061.5,Premium,1174.49,7.13,Gamer,4.67,2791,92.3,72.6,64.3,10,57499.02,8.15,47822,45686747.7,3.85,36,Telecom Partner,Germany,Yes,1
875,Samsung,4525,0,3.3,1,20,1,256,0.9,206,6,10,598,2144,6144,17,0,9,0,1,Apple Bionic,3825,AMOLED,120,1,WiFi 6,5.3,No,Yes,Yes,Android,12.6,65,90.6,39.7,81.8,1753.58,Flagship,1880.06,22.82,Professional,3.95,8948,82.1,92.3,58.0,10,22882.28,1.22,11303,17838643.27,2.62,12,Telecom Partner,UK,No,0
876,Samsung,4033,1,1.2,0,7,1,256,0.6,227,10,53,1266,533,2048,17,7,5,1,1,MediaTek Dimensity,2955,LCD,60,1,WiFi 6,5.0,Yes,Yes,Yes,Android,14.8,18,78.6,74.1,75.2,1174.05,Premium,1100.9,16.37,Student,4.7,4326,96.9,85.5,83.3,15,78571.55,0.1,27224,27167986.62,8.45,12,Retail Store,UAE,No,0
877,Xiaomi,6100,0,3.3,1,0,1,128,0.3,209,8,83,1931,2389,6144,13,0,14,1,1,Google Tensor,4502,IPS LCD,60,1,WiFi 6,5.1,No,Yes,Yes,Android,12.4,120,74.4,51.9,79.2,1419.02,Flagship,1484.23,2.4,General User,3.4,1471,68.4,64.1,43.7,15,52729.2,4.98,16110,19431350.37,0.91,12,Online Store,Australia,No,1
878,Realme,3625,1,2.0,1,28,1,64,0.5,231,6,74,2121,929,12288,9,4,5,1,0,Apple Bionic,6696,IPS LCD,144,1,WiFi 6,5.1,No,Yes,Yes,Android,16.6,33,83.7,43.7,97.5,1693.92,Flagship,1982.85,3.84,Gamer,4.47,1762,91.1,87.3,80.5,10,50680.67,3.03,35850,54654328.8,3.65,12,Retail Store,Germany,Yes,2
879,Samsung,3385,1,1.4,0,20,1,128,0.6,197,6,28,2088,1880,6144,13,5,20,0,1,Exynos,4783,Super AMOLED,120,0,WiFi 6E,5.1,Yes,No,Yes,Android,17.8,33,84.7,47.3,86.9,1358.64,Flagship,1593.48,3.72,Gamer,4.92,2596,99.6,84.6,100.0,15,31595.27,8.95,45355,52377949.62,0.5,36,Telecom Partner,India,Yes,0
880,Oppo,6866,1,2.5,0,1,1,256,0.2,84,8,57,1945,1231,8192,10,11,18,1,0,MediaTek Dimensity,5268,OLED,120,1,WiFi 6E,5.3,Yes,Yes,Yes,Android,16.9,18,83.0,90.7,82.1,1616.66,Flagship,1417.06,13.55,General User,4.91,1381,100.0,100.0,65.7,5,36649.55,3.44,35367,54317593.51,3.35,24,E-commerce Marketplace,Australia,Yes,1
881,Xiaomi,3805,0,3.2,1,29,1,32,0.6,232,6,29,1278,612,6144,7,10,16,0,1,MediaTek Dimensity,5506,LCD,120,1,WiFi 6,5.1,No,Yes,Yes,Android,17.1,33,84.9,75.9,91.0,1140.91,Premium,953.87,0.77,Gamer,4.7,438,95.8,94.3,56.1,10,35148.93,8.53,36976,37967659.34,1.93,18,Telecom Partner,USA,Yes,0
882,Apple,6427,0,1.9,1,1,1,32,0.1,204,6,47,643,2226,6144,7,3,13,1,1,Exynos,4734,OLED,120,0,WiFi 6,5.1,Yes,Yes,Yes,iOS,18.5,45,98.4,84.7,91.3,1820.8,Flagship,1995.16,14.39,Student,4.64,1012,95.1,65.5,62.0,25,37416.96,9.0,27774,37928174.4,2.37,12,Retail Store,Australia,No,1
883,Apple,2834,0,1.3,1,28,1,256,0.2,204,6,42,2065,743,6144,7,3,18,1,1,Apple Bionic,4049,OLED,60,1,WiFi 6E,5.3,Yes,No,Yes,iOS,19.6,33,87.5,66.0,74.0,1981.23,Flagship,1994.52,18.28,Student,4.16,795,92.4,58.5,61.1,0,42958.54,4.64,25431,50384660.13,3.79,12,Online Store,Germany,No,0
884,Oppo,6101,1,1.2,0,25,1,128,0.3,137,10,12,454,572,2048,19,7,19,1,0,MediaTek Dimensity,3266,Super AMOLED,144,1,WiFi 5,5.0,No,No,Yes,Android,14.7,33,84.4,20.0,90.5,1226.93,Flagship,1390.43,6.55,Business User,3.66,3168,76.1,73.4,35.1,20,58730.85,8.1,34243,33611011.19,5.64,24,Telecom Partner,Singapore,No,1
885,Google,4992,0,1.4,0,30,0,128,0.8,211,8,102,1644,2133,8192,12,9,17,0,1,Exynos,4345,IPS LCD,144,1,WiFi 6E,5.4,Yes,No,Yes,Android,13.6,120,97.5,60.1,77.4,1596.7,Flagship,1651.95,7.33,General User,4.61,3332,97.0,100.0,69.4,0,34275.51,2.71,26009,41528570.3,3.73,36,Online Store,UAE,No,1
886,Oppo,3001,1,2.3,1,16,1,512,0.2,132,6,47,1223,2073,6144,9,0,19,0,0,Apple Bionic,4279,AMOLED,120,1,WiFi 6E,5.3,Yes,No,Yes,Android,18.7,33,88.2,69.9,84.9,1983.89,Flagship,1756.18,8.25,Gamer,4.54,1043,91.9,100.0,93.9,20,527347.93,6.46,60464,95963139.97,4.71,24,Retail Store,Singapore,Yes,0
887,Motorola,5551,0,2.7,0,16,1,64,0.6,105,10,66,1920,775,8192,19,1,19,0,1,Exynos,6431,IPS LCD,144,1,WiFi 5,5.0,Yes,Yes,Yes,Android,18.8,18,100.0,80.5,64.7,1326.46,Flagship,1428.31,3.1,Student,4.5,1505,85.8,81.3,90.8,0,146546.6,11.6,63298,83962265.08,7.72,36,Online Store,UAE,Yes,1
888,OnePlus,6746,0,2.7,0,16,1,256,0.2,147,10,24,1256,1259,6144,8,1,10,1,1,Google Tensor,5351,IPS LCD,120,1,WiFi 5,5.4,Yes,Yes,Yes,Android,16.0,33,89.8,39.5,55.9,1600.1,Flagship,1766.05,14.89,Business User,4.95,793,92.3,70.9,60.5,5,115557.5,5.58,40334,61311511.73,2.21,18,Telecom Partner,Singapore,Yes,1
889,OnePlus,6226,1,2.6,1,3,1,32,0.6,119,4,89,2028,843,4096,17,5,15,1,0,MediaTek Dimensity,3498,AMOLED,120,1,WiFi 6E,5.2,No,Yes,Yes,Android,13.3,18,81.7,83.0,98.9,1363.27,Flagship,1411.49,13.14,Gamer,5.0,1532,95.9,72.3,94.6,15,85557.8,5.13,53006,61422266.18,3.74,12,Telecom Partner,USA,Yes,1
890,Google,3801,0,1.4,0,31,1,256,0.2,191,6,67,1964,2298,16384,5,0,12,0,0,Apple Bionic,7679,AMOLED,90,1,WiFi 5,5.4,No,No,No,Android,12.3,33,91.1,94.5,86.0,2063.01,Flagship,2036.1,6.44,General User,5.0,188,100.0,100.0,90.5,0,33908.47,7.98,33228,68549696.28,5.0,12,E-commerce Marketplace,UK,No,2
891,OnePlus,6182,0,2.7,1,23,1,64,0.6,80,4,89,1558,1331,8192,9,11,9,0,0,MediaTek Dimensity,5363,LCD,120,1,WiFi 6,5.2,Yes,No,No,Android,13.5,65,92.7,87.4,89.3,1553.39,Flagship,1596.17,7.21,Gamer,4.83,323,97.7,97.1,63.2,5,34161.74,7.81,21916,32341890.48,0.53,24,Retail Store,UK,No,1
892,Realme,6028,1,1.0,1,31,1,512,0.4,114,10,56,1701,1186,4096,5,3,5,0,0,Apple Bionic,3386,LCD,60,1,WiFi 6E,5.4,Yes,No,Yes,Android,12.7,18,91.3,47.7,69.2,1496.83,Flagship,1506.13,13.5,Student,3.98,2696,91.6,78.4,97.6,5,25535.06,1.8,19699,28011751.46,4.07,18,E-commerce Marketplace,Australia,No,1
893,Google,3077,0,2.7,0,21,1,256,0.8,219,8,86,256,1111,6144,9,7,6,0,0,Exynos,4776,LCD,144,1,WiFi 6,5.4,Yes,No,Yes,Android,15.3,45,90.3,73.3,91.1,1790.26,Flagship,1507.18,7.22,Gamer,4.65,407,89.0,100.0,66.0,10,59527.05,1.98,21069,33947089.15,6.77,12,E-commerce Marketplace,USA,No,0
894,Google,6914,1,2.3,1,6,1,128,0.6,156,6,15,249,630,8192,11,11,15,0,1,MediaTek Dimensity,5176,LCD,144,1,WiFi 6E,5.0,No,Yes,Yes,Android,18.0,120,94.3,39.2,64.8,1669.91,Flagship,1455.71,9.7,Business User,4.66,1520,99.6,72.6,81.6,5,33949.2,3.24,24899,39500134.64,3.53,18,E-commerce Marketplace,Germany,No,1
895,Apple,3083,1,3.4,0,25,1,64,0.5,188,4,73,1084,1662,4096,19,4,14,1,0,Apple Bionic,4313,IPS LCD,144,1,WiFi 6,5.3,No,No,Yes,iOS,19.7,45,82.9,68.8,61.5,1553.67,Flagship,1305.66,16.88,Student,3.6,6797,64.9,91.9,61.7,10,72391.68,4.01,36965,51688270.4,2.98,36,Telecom Partner,UK,Yes,0
896,Apple,6958,0,3.2,1,23,1,256,0.7,192,10,78,350,1555,2048,12,11,13,1,1,Snapdragon,3719,LCD,60,0,WiFi 6,5.1,Yes,Yes,Yes,iOS,18.0,33,76.3,87.2,71.5,1731.09,Flagship,1658.95,15.14,Business User,4.75,4660,89.6,96.8,76.1,5,83100.26,5.15,35911,59056914.34,0.5,36,Retail Store,India,Yes,1
897,Samsung,2816,0,2.9,1,0,1,128,0.2,160,8,24,1341,1055,4096,10,9,17,0,1,MediaTek Dimensity,4443,AMOLED,144,1,WiFi 5,5.1,No,No,Yes,Android,14.2,18,87.2,24.7,75.5,1363.38,Flagship,1305.99,14.55,Gamer,4.29,5216,94.4,80.9,66.2,5,94441.45,6.85,54577,70688730.75,8.17,12,E-commerce Marketplace,UAE,Yes,0
898,Apple,5865,0,1.7,0,4,1,256,0.3,120,4,100,827,1554,4096,8,9,14,0,0,Google Tensor,2634,OLED,120,1,WiFi 7,5.0,Yes,No,No,iOS,16.5,45,89.1,97.1,90.1,1943.73,Flagship,2069.41,17.1,General User,5.0,1122,94.3,82.3,69.6,0,69364.8,7.89,37829,73529362.17,0.5,18,Telecom Partner,Singapore,Yes,1
899,Vivo,5369,1,0.8,1,10,1,512,1.0,210,4,40,648,2019,12288,17,5,11,1,0,Apple Bionic,5328,Super AMOLED,90,0,WiFi 6,5.4,No,Yes,No,Android,19.0,120,96.3,47.1,80.7,2140.77,Flagship,2512.09,9.46,Student,4.14,1097,96.9,86.9,75.9,15,119404.37,9.77,39569,72001908.91,7.43,24,Retail Store,Australia,Yes,2
900,OnePlus,4436,1,1.2,0,17,1,128,0.2,222,4,67,1154,1025,4096,16,11,7,0,0,Snapdragon,3113,IPS LCD,144,0,WiFi 5,5.2,Yes,Yes,Yes,Android,16.5,80,91.6,56.8,82.6,1212.36,Flagship,1218.88,0.38,Business User,5.0,3547,97.2,80.1,72.1,10,32150.88,11.66,45349,49481382.28,1.94,18,E-commerce Marketplace,UAE,Yes,0
901,Realme,5242,1,1.3,0,29,1,256,0.4,198,4,97,1367,1640,3072,19,2,2,0,0,Snapdragon,2530,AMOLED,144,1,WiFi 6E,5.1,No,Yes,No,Android,16.0,65,86.7,100.0,92.2,1514.55,Flagship,1388.46,8.6,Student,4.61,698,94.4,91.7,71.0,15,74425.15,8.24,47804,61541315.97,2.69,12,Retail Store,India,Yes,1
902,OnePlus,2564,0,0.9,1,2,1,64,0.1,180,8,18,365,2129,6144,19,3,10,1,0,MediaTek Dimensity,3925,LCD,60,1,WiFi 6,5.0,Yes,Yes,Yes,Android,16.3,45,83.3,25.4,73.7,1189.39,Premium,1321.65,14.2,Professional,4.85,6448,96.9,100.0,85.7,10,29779.52,2.27,37692,40347439.09,9.27,24,E-commerce Marketplace,India,Yes,0
903,Google,3522,0,3.4,0,11,1,256,0.4,234,6,93,751,1392,6144,10,10,12,0,1,Snapdragon,4569,OLED,144,1,WiFi 6,5.2,Yes,Yes,Yes,Android,13.8,25,88.4,78.0,96.9,1877.84,Flagship,2186.26,7.87,Business User,5.0,3970,100.0,100.0,84.6,25,30289.04,12.85,44604,62819381.52,8.23,24,Retail Store,Singapore,Yes,0
904,Xiaomi,5506,0,1.2,0,8,1,128,0.9,132,6,29,1905,1521,8192,8,5,18,0,0,Google Tensor,4424,IPS LCD,90,1,WiFi 6,5.0,Yes,Yes,Yes,Android,13.1,65,91.2,60.2,72.6,1326.86,Flagship,1522.65,15.87,Gamer,4.59,5764,92.3,100.0,68.3,0,50680.67,4.52,36844,48886829.84,0.5,36,Retail Store,Germany,Yes,1
905,Samsung,3471,0,1.2,1,14,1,128,0.3,136,6,40,2039,898,12288,16,8,8,0,0,Google Tensor,6093,Super AMOLED,120,1,WiFi 6E,5.1,No,Yes,Yes,Android,16.0,120,90.1,49.4,78.2,1639.61,Flagship,1502.05,6.46,Gamer,5.0,667,96.5,96.4,63.9,25,61167.52,7.64,36637,45052793.68,5.01,36,Telecom Partner,India,Yes,2
906,Apple,3060,0,1.0,1,25,1,128,0.7,194,10,93,630,807,6144,8,0,4,1,1,Apple Bionic,4149,LCD,90,0,WiFi 6,5.1,Yes,Yes,No,iOS,16.9,120,84.7,62.3,72.3,1870.31,Flagship,1691.11,13.82,Business User,4.67,8038,94.8,100.0,88.8,15,7918.69,8.13,42437,67464793.65,5.91,36,E-commerce Marketplace,India,Yes,0
907,Motorola,3616,1,1.1,0,7,1,16,0.4,128,6,5,1735,2008,6144,13,2,14,1,0,MediaTek Dimensity,3374,LCD,120,1,WiFi 6,5.3,No,Yes,Yes,Android,13.6,18,92.5,55.3,85.3,1410.49,Flagship,1544.93,12.37,Business User,5.0,1022,99.3,88.3,72.9,0,138316.15,5.73,52477,74018283.73,1.08,18,Online Store,Singapore,Yes,0
908,OnePlus,2615,1,1.2,0,20,1,256,0.6,94,6,23,1537,809,12288,12,6,8,1,1,Google Tensor,6183,LCD,144,1,WiFi 6E,5.0,Yes,No,Yes,Android,16.3,45,88.2,50.2,78.1,2234.73,Flagship,2627.92,5.6,Gamer,4.37,1631,79.0,95.4,57.6,0,40918.29,5.04,27329,61072936.17,8.6,24,Retail Store,Germany,No,2
909,Oppo,3433,0,2.3,1,9,1,64,0.3,183,4,27,548,1637,6144,9,10,20,1,0,Apple Bionic,3216,AMOLED,144,1,WiFi 6,5.4,Yes,No,Yes,Android,16.4,25,86.6,70.2,81.8,1363.46,Flagship,1184.06,2.1,Student,4.34,584,86.9,100.0,61.2,15,225996.82,6.84,45416,52634464.46,4.3,24,Telecom Partner,UAE,Yes,0
910,Realme,3495,1,1.4,0,25,1,256,0.9,205,10,8,1444,571,4096,10,9,4,1,0,Exynos,3532,LCD,120,0,WiFi 7,5.4,Yes,Yes,Yes,Android,15.7,33,91.8,66.0,71.8,1176.61,Premium,999.42,8.25,General User,5.0,871,95.3,92.9,60.2,25,129341.46,7.26,36215,31958198.36,4.9,36,E-commerce Marketplace,Australia,Yes,0
911,Apple,5293,0,3.2,0,21,1,128,0.5,166,10,75,1521,751,6144,10,8,13,1,0,Snapdragon,4929,LCD,120,0,WiFi 6,5.4,Yes,Yes,Yes,iOS,20.0,80,82.2,57.2,52.5,1730.15,Flagship,1643.62,14.84,Professional,3.53,686,74.4,97.3,43.0,15,38676.87,9.01,32378,47615977.2,7.25,24,Telecom Partner,India,No,1
912,Apple,5059,0,1.7,0,31,1,128,0.2,98,6,33,1110,1727,8192,12,0,13,0,0,MediaTek Dimensity,4636,Super AMOLED,120,1,WiFi 6,5.2,Yes,Yes,Yes,iOS,18.5,18,78.5,45.3,93.4,2088.39,Flagship,2321.74,18.02,Student,4.28,5418,92.8,85.8,87.2,15,109344.57,3.99,33430,59342646.04,7.27,18,Online Store,USA,No,2
913,Vivo,2523,0,2.2,1,11,1,128,0.8,189,6,73,218,872,12288,19,7,5,0,0,Exynos,6144,OLED,60,1,WiFi 6,5.4,Yes,Yes,Yes,Android,12.8,18,94.3,100.0,70.0,1616.52,Flagship,1578.07,2.35,Gamer,4.9,457,99.6,83.6,56.9,25,82214.93,6.33,38614,46815227.46,0.5,36,Retail Store,India,Yes,2
914,Vivo,5467,1,2.8,1,32,1,256,0.3,95,10,49,1010,916,2048,10,0,18,1,1,Exynos,3953,IPS LCD,120,1,WiFi 6E,5.2,Yes,No,No,Android,12.9,120,90.6,68.8,82.1,1590.9,Flagship,1816.21,3.05,Professional,4.69,1324,93.3,74.8,67.1,5,55689.54,5.4,19400,29320287.0,1.69,36,Retail Store,Singapore,No,1
915,Xiaomi,3020,0,3.0,1,31,1,128,0.3,196,10,76,778,1813,8192,18,10,17,1,0,MediaTek Dimensity,5969,LCD,90,0,WiFi 6,5.2,Yes,No,Yes,Android,13.6,45,78.7,67.4,72.6,1226.23,Flagship,1219.07,7.6,Gamer,4.78,851,100.0,100.0,89.2,20,18532.42,8.43,39878,39119679.95,1.67,36,Telecom Partner,UK,Yes,0
916,Oppo,2976,1,2.7,1,13,1,128,0.2,192,4,17,1617,1042,3072,11,8,3,1,1,MediaTek Dimensity,3530,OLED,144,1,WiFi 6,5.3,Yes,Yes,Yes,Android,18.7,120,91.0,41.3,72.9,1377.11,Flagship,1473.51,12.61,Professional,4.7,664,100.0,100.0,97.8,15,130696.97,6.17,45137,52834821.96,3.69,12,Online Store,India,Yes,0
917,Oppo,4905,1,0.9,0,12,1,256,0.4,193,6,66,192,1965,12288,5,9,6,1,0,MediaTek Dimensity,5192,Super AMOLED,120,1,WiFi 6,5.0,Yes,No,Yes,Android,17.2,25,81.6,69.5,86.1,1873.04,Flagship,2000.39,6.56,Professional,4.49,352,87.0,89.9,69.9,20,222829.79,6.17,41333,61934689.86,7.3,12,Online Store,UK,Yes,2
918,OnePlus,2574,0,1.0,0,31,1,64,0.3,118,8,33,1917,989,8192,18,9,18,1,1,Apple Bionic,5341,Super AMOLED,144,0,WiFi 6E,5.2,Yes,Yes,Yes,Android,18.8,120,75.8,26.4,91.7,1440.21,Flagship,1532.91,11.97,Student,4.61,2619,85.8,100.0,65.2,0,53822.81,10.37,53425,76943219.25,4.58,18,Retail Store,USA,Yes,0
919,Oppo,5139,0,2.3,1,19,1,512,0.6,102,8,19,241,1610,4096,12,4,3,0,0,Google Tensor,3498,AMOLED,90,1,WiFi 6,5.0,Yes,Yes,Yes,Android,13.1,65,82.8,59.3,100.0,1784.32,Flagship,1598.39,3.93,Gamer,5.0,937,100.0,80.1,71.1,20,60142.47,7.88,37244,53164171.26,0.5,12,Retail Store,Germany,Yes,1
920,Motorola,3432,0,1.1,1,29,1,64,0.8,170,6,48,1560,1646,8192,7,2,17,0,0,MediaTek Dimensity,4442,Super AMOLED,90,0,WiFi 6E,5.4,No,Yes,Yes,Android,12.0,33,81.1,64.1,87.0,1445.74,Flagship,1375.7,7.57,Professional,4.92,1168,100.0,91.1,53.6,10,27212.44,2.05,22947,29857856.2,3.68,24,Retail Store,UAE,No,0
921,Realme,4218,1,2.1,1,17,1,256,0.6,227,6,55,756,2368,6144,11,9,8,1,1,Snapdragon,4031,Super AMOLED,144,0,WiFi 6E,5.1,Yes,Yes,Yes,Android,15.7,80,83.6,58.6,86.2,1481.02,Flagship,1458.57,10.4,Student,3.95,313,90.2,90.2,72.3,10,45654.64,3.42,40472,53945857.3,6.98,18,Telecom Partner,UAE,Yes,0
922,OnePlus,3111,0,2.9,1,31,1,16,0.3,148,8,24,605,2360,12288,7,0,4,1,0,MediaTek Dimensity,6496,LCD,90,1,WiFi 6E,5.4,Yes,Yes,Yes,Android,12.6,80,88.2,46.6,63.6,1471.28,Flagship,1525.44,5.11,Student,3.78,12688,69.5,100.0,57.7,0,81972.51,8.49,52790,77668871.2,9.74,12,Retail Store,Singapore,Yes,2
923,Samsung,3691,0,2.1,0,13,0,128,0.9,200,6,25,437,1441,4096,16,2,8,0,0,Google Tensor,3319,AMOLED,144,1,WiFi 6E,5.4,No,Yes,No,Android,14.3,65,76.3,46.3,94.8,1504.8,Flagship,1468.93,13.65,Business User,4.43,1584,93.3,87.2,100.0,15,100284.09,6.52,46614,59623035.12,7.04,24,E-commerce Marketplace,UK,Yes,0
924,Samsung,6928,0,1.3,1,31,1,256,0.3,126,8,81,1505,835,8192,6,11,20,0,1,MediaTek Dimensity,4944,Super AMOLED,120,1,WiFi 5,5.0,Yes,Yes,No,Android,18.3,33,94.3,69.8,73.3,1822.57,Flagship,1948.21,16.43,Student,4.23,224,85.5,82.1,45.4,10,246179.92,4.5,25001,41009465.31,7.45,24,E-commerce Marketplace,Australia,No,1
925,Xiaomi,6006,0,1.6,0,28,1,256,0.5,89,10,81,1070,1335,16384,19,9,4,0,1,Google Tensor,9005,LCD,144,1,WiFi 6,5.4,Yes,No,Yes,Android,12.6,65,93.6,71.6,71.4,2224.91,Flagship,1922.0,5.72,General User,4.25,1034,88.4,100.0,77.8,0,6244.56,1.08,27727,61690079.57,1.21,36,Retail Store,Germany,No,2
926,OnePlus,6736,0,2.6,1,13,1,16,0.7,205,10,47,1304,2331,8192,19,9,4,1,0,Snapdragon,5965,LCD,120,1,WiFi 5,5.4,Yes,Yes,Yes,Android,13.0,18,80.9,46.5,79.8,1305.33,Flagship,1282.5,7.03,General User,4.69,2058,91.6,79.9,79.5,15,474530.25,12.21,73005,81001274.15,1.28,24,E-commerce Marketplace,Germany,Yes,1
927,OnePlus,6698,1,1.6,0,15,1,128,0.9,238,8,80,330,1498,12288,7,6,17,1,0,MediaTek Dimensity,6431,OLED,60,1,WiFi 6,5.4,No,No,No,Android,16.8,18,82.6,66.5,94.6,1576.65,Flagship,1375.63,5.66,Student,4.83,186,92.9,78.2,53.1,15,109423.14,4.07,25139,33690093.7,3.51,18,Online Store,Australia,No,2
928,Realme,3398,0,2.0,1,8,1,64,1.0,186,10,46,1164,734,12288,7,7,19,1,1,Exynos,7524,OLED,60,0,WiFi 6E,5.2,Yes,Yes,No,Android,16.6,45,88.8,55.2,72.6,1515.81,Flagship,1667.06,3.67,Student,4.76,1767,91.3,71.1,66.3,5,91901.41,6.49,34917,50281160.88,8.12,12,Retail Store,USA,No,2
929,Google,2870,1,1.5,1,13,1,128,0.3,134,4,13,175,937,6144,16,10,19,0,1,Exynos,2903,OLED,120,1,WiFi 6E,5.2,No,No,Yes,Android,13.9,45,78.6,60.2,76.5,1282.81,Flagship,1063.78,0.59,Business User,4.36,2240,97.4,93.5,90.4,10,96408.77,9.47,47143,54427960.65,3.65,18,Telecom Partner,USA,Yes,0
930,Realme,4649,1,1.4,1,27,1,128,0.4,231,8,58,540,2185,6144,10,10,3,1,1,MediaTek Dimensity,4542,Super AMOLED,90,1,WiFi 6,5.3,Yes,Yes,No,Android,17.7,25,91.7,37.8,80.7,1269.13,Flagship,1334.17,13.98,Professional,4.99,6557,100.0,100.0,81.9,10,441622.32,6.8,65627,74960275.06,7.26,18,Telecom Partner,UAE,Yes,0
931,OnePlus,4580,1,1.9,0,25,1,256,0.8,131,10,29,1241,2137,3072,16,1,10,0,0,Google Tensor,3953,AMOLED,60,1,WiFi 5,5.0,Yes,Yes,No,Android,16.8,25,75.9,24.4,95.6,1149.69,Premium,1185.61,9.42,Professional,4.08,57,83.9,84.6,84.0,15,38439.17,3.84,40898,39967018.38,5.76,36,E-commerce Marketplace,Australia,Yes,0
932,Vivo,4317,1,1.2,1,29,1,256,0.7,224,8,31,1407,2352,4096,16,2,12,1,1,Snapdragon,3407,OLED,120,1,WiFi 6E,5.4,Yes,Yes,Yes,Android,13.4,80,72.7,56.6,91.8,1691.17,Flagship,1468.09,8.97,Business User,4.45,566,79.4,78.5,67.0,15,135846.27,5.76,44486,63948380.33,8.26,36,Online Store,Germany,Yes,0
933,Motorola,5847,0,1.8,1,20,1,128,0.2,90,4,36,1812,1026,6144,16,5,18,0,1,Apple Bionic,3336,Super AMOLED,120,1,WiFi 5,5.1,Yes,Yes,Yes,Android,14.8,120,85.1,31.5,79.7,1445.09,Flagship,1251.67,3.37,General User,4.3,10375,83.0,100.0,52.7,15,41708.32,2.2,9393,11537670.81,5.98,24,Online Store,Germany,No,1
934,Samsung,3187,1,1.7,0,0,1,64,0.6,133,8,70,247,1035,6144,16,11,5,0,0,MediaTek Dimensity,4820,IPS LCD,60,1,WiFi 6E,5.0,Yes,Yes,No,Android,12.8,120,82.5,100.0,67.5,1517.61,Flagship,1724.93,17.88,Student,4.59,3047,95.0,100.0,95.3,15,42162.4,10.39,46715,60260878.48,0.5,18,Telecom Partner,Singapore,Yes,0
935,Samsung,6264,0,2.8,0,1,1,128,0.7,114,6,47,675,1299,4096,15,1,13,1,1,Snapdragon,3356,AMOLED,144,0,WiFi 7,5.0,No,Yes,Yes,Android,12.4,120,85.4,100.0,82.6,1481.2,Flagship,1455.6,17.18,Business User,4.23,8729,85.6,88.8,63.3,5,144506.91,6.97,36598,51498509.72,0.5,18,Telecom Partner,Germany,Yes,1
936,Vivo,2555,0,2.8,0,26,1,256,0.4,186,10,100,1733,2352,8192,9,3,13,1,1,Apple Bionic,6504,Super AMOLED,90,1,WiFi 5,5.1,No,Yes,Yes,Android,12.2,25,94.8,100.0,100.0,1983.07,Flagship,2194.8,4.69,Gamer,5.0,1247,100.0,96.6,91.4,0,69672.43,3.96,40273,79864178.11,4.57,18,Telecom Partner,Australia,Yes,2
937,Realme,4375,0,3.3,0,30,1,256,1.0,152,10,107,611,1947,8192,18,9,16,0,1,Apple Bionic,6590,IPS LCD,60,1,WiFi 5,5.4,No,Yes,Yes,Android,14.7,33,94.2,89.2,62.9,1769.04,Flagship,1957.59,8.57,Gamer,3.79,134,86.5,91.4,82.5,10,83396.72,2.92,33014,52562777.9,2.52,18,E-commerce Marketplace,Germany,No,2
938,Vivo,4698,0,3.2,1,9,1,512,1.0,240,8,66,1588,1470,4096,13,5,10,1,0,Snapdragon,3758,Super AMOLED,120,1,WiFi 6,5.2,Yes,Yes,Yes,Android,17.9,25,79.2,70.1,79.0,1836.6,Flagship,2109.38,12.92,General User,5.0,2149,100.0,80.8,67.2,0,49635.36,5.28,32599,59871323.4,3.96,36,Telecom Partner,UK,No,0
939,Samsung,6235,1,2.5,1,9,1,128,0.1,107,10,51,1072,1561,8192,15,10,3,1,1,Exynos,5871,OLED,60,1,WiFi 6,5.4,No,No,No,Android,16.2,80,77.0,44.6,100.0,1628.53,Flagship,1870.92,17.92,Gamer,4.37,957,78.3,78.0,78.5,0,20326.5,10.22,39870,64929491.1,3.82,12,Telecom Partner,UK,Yes,1
940,OnePlus,3898,0,3.4,0,19,1,128,0.9,164,8,71,2129,979,8192,17,7,5,1,0,Exynos,5862,AMOLED,60,0,WiFi 6,5.2,Yes,No,No,Android,18.8,33,86.6,91.1,94.7,1345.75,Flagship,1410.85,4.0,Professional,3.92,11093,81.5,86.6,80.9,25,122138.83,10.67,59988,60546638.25,5.55,12,Telecom Partner,UAE,Yes,0
941,Realme,6594,0,1.6,0,32,1,128,1.0,218,8,20,173,1572,6144,16,0,12,1,1,MediaTek Dimensity,4543,AMOLED,120,1,WiFi 6,5.2,No,Yes,Yes,Android,18.3,45,84.8,57.3,73.4,1417.72,Flagship,1198.64,6.47,Student,4.75,1902,86.5,94.5,63.6,15,30745.31,6.76,33973,40939571.33,13.59,24,E-commerce Marketplace,Germany,No,1
942,Realme,6315,0,2.5,1,15,1,64,0.2,87,10,37,781,1099,6144,6,4,13,1,1,Google Tensor,5074,OLED,90,1,WiFi 6,5.1,Yes,No,Yes,Android,14.5,18,75.6,59.7,81.4,1397.31,Flagship,1552.55,6.6,Business User,3.96,1440,88.7,100.0,93.8,15,90505.02,8.98,52170,61963013.29,6.63,36,Online Store,Australia,Yes,1
943,Oppo,5811,1,2.2,0,21,1,64,0.3,90,6,53,2070,1298,3072,9,9,19,1,1,Apple Bionic,3498,LCD,120,1,WiFi 5,5.3,No,Yes,Yes,Android,13.3,45,84.5,61.0,82.1,1170.55,Premium,1178.58,12.96,Gamer,4.88,7479,91.5,91.0,90.9,5,13979.63,2.68,28339,31513605.63,2.53,24,E-commerce Marketplace,USA,No,1
944,Vivo,4565,0,1.7,1,26,1,128,0.9,121,10,104,1931,515,6144,12,8,7,0,1,MediaTek Dimensity,5024,OLED,60,1,WiFi 6,5.3,Yes,Yes,Yes,Android,17.3,25,94.4,82.4,90.3,1494.1,Flagship,1491.27,6.73,Student,4.45,1719,82.9,100.0,63.9,5,17064.11,8.95,21874,31047846.23,5.18,12,Telecom Partner,India,No,0
945,Motorola,4701,0,1.7,0,0,1,128,0.9,87,8,28,1692,808,6144,13,3,5,1,1,Snapdragon,5361,LCD,144,1,WiFi 5,5.2,Yes,No,Yes,Android,18.9,33,84.7,42.0,65.0,1377.86,Flagship,1550.68,9.04,Gamer,4.28,843,92.3,94.5,96.9,20,43369.31,10.9,50051,55170616.69,3.26,18,E-commerce Marketplace,India,Yes,0
946,Oppo,6888,1,1.1,1,29,1,256,0.2,105,4,105,442,923,3072,16,7,12,0,1,Exynos,2563,LCD,120,1,WiFi 6,5.3,Yes,Yes,Yes,Android,17.0,25,95.6,100.0,72.6,1459.46,Flagship,1337.3,7.19,Professional,4.71,1809,91.1,100.0,62.8,5,24457.0,7.75,51960,72041864.52,0.5,18,Retail Store,USA,Yes,1
947,Realme,5848,0,2.9,0,16,1,128,0.9,201,8,68,1773,1053,4096,14,0,16,0,0,MediaTek Dimensity,4265,AMOLED,60,1,WiFi 5,5.0,Yes,Yes,No,Android,17.4,45,78.8,55.2,80.6,1137.6,Premium,1334.89,0.12,Business User,4.33,2600,86.5,92.4,74.0,15,170700.42,4.38,53092,51337840.32,0.5,18,Telecom Partner,Australia,Yes,1
948,Samsung,3563,0,2.1,0,8,1,512,0.9,114,4,36,423,658,8192,16,8,9,0,0,Apple Bionic,4390,LCD,120,0,WiFi 7,5.4,No,Yes,Yes,Android,16.3,45,91.3,42.6,66.4,1840.44,Flagship,1531.79,18.11,Professional,4.2,493,78.8,87.9,52.1,20,53946.06,3.94,17009,25043235.17,9.17,12,Online Store,Germany,No,2
949,OnePlus,5077,1,2.5,0,28,1,512,0.6,89,10,61,1609,2200,4096,12,1,3,0,1,Google Tensor,4338,IPS LCD,144,1,WiFi 7,5.3,Yes,Yes,Yes,Android,17.9,80,94.7,47.3,75.2,2003.56,Flagship,1948.19,12.03,Professional,4.57,736,96.7,100.0,66.9,0,293647.84,8.84,46814,93794657.84,2.52,36,E-commerce Marketplace,India,Yes,1
950,OnePlus,4398,0,3.2,1,27,1,64,0.6,139,6,87,1600,821,8192,6,3,19,1,1,Google Tensor,5402,IPS LCD,60,1,WiFi 5,5.1,Yes,No,Yes,Android,12.7,120,85.6,84.4,57.4,1506.14,Flagship,1288.93,13.42,Student,3.9,2894,73.0,47.3,27.9,10,30641.94,11.72,46938,63625679.39,6.45,36,Retail Store,USA,Yes,0
951,Motorola,4076,0,2.7,0,21,1,256,0.8,131,8,81,305,705,6144,15,3,20,1,0,Google Tensor,5487,IPS LCD,144,1,WiFi 6,5.3,Yes,No,No,Android,13.0,25,100.0,81.4,89.1,1753.03,Flagship,1585.67,7.13,Business User,4.32,1470,93.7,94.4,80.7,25,449801.14,7.48,54584,71765542.14,2.18,12,Telecom Partner,India,Yes,0
952,Oppo,5521,1,3.5,1,23,1,512,0.3,119,6,82,165,1423,4096,8,2,13,1,1,Snapdragon,3780,OLED,120,1,WiFi 5,5.2,Yes,No,Yes,Android,17.0,120,73.6,90.2,86.8,1957.83,Flagship,1652.03,8.92,Student,4.68,14932,100.0,100.0,75.8,10,7250.5,4.33,32903,57976632.44,8.2,24,Retail Store,Australia,No,1
953,Xiaomi,6679,0,1.4,1,21,1,128,0.9,175,8,44,115,2242,8192,18,3,11,1,1,Google Tensor,4819,AMOLED,60,1,WiFi 6,5.3,Yes,No,Yes,Android,17.6,65,80.6,62.1,80.2,1606.26,Flagship,1590.46,5.47,Student,4.78,2865,88.8,80.1,68.7,5,33176.84,7.44,33412,50984941.16,8.41,36,Online Store,Australia,No,1
954,OnePlus,6822,1,3.1,1,10,0,64,0.8,217,8,7,1634,816,6144,16,0,17,1,1,Exynos,4642,Super AMOLED,120,1,WiFi 5,5.2,Yes,Yes,Yes,Android,17.5,80,82.9,41.3,75.7,1321.02,Flagship,1409.33,7.54,Gamer,4.13,6414,81.5,100.0,63.9,10,45007.84,4.62,38757,46078894.93,5.03,12,Telecom Partner,Singapore,Yes,1
955,Xiaomi,3770,1,2.0,1,24,1,64,0.9,232,6,32,1071,1209,6144,18,4,20,0,1,Apple Bionic,4891,Super AMOLED,90,0,WiFi 6E,5.4,Yes,Yes,Yes,Android,18.5,65,88.2,73.5,75.2,1155.19,Premium,1360.55,8.76,Professional,3.85,1426,88.8,77.1,100.0,5,29268.2,3.53,47630,52270614.72,9.28,12,Online Store,India,Yes,0
956,OnePlus,4225,1,2.3,0,27,1,256,0.7,150,4,27,341,1269,16384,19,11,9,1,1,Apple Bionic,7890,LCD,144,1,WiFi 5,5.1,Yes,Yes,No,Android,17.0,25,90.7,56.3,73.3,2355.83,Flagship,2627.18,9.82,Student,3.51,1181,75.1,100.0,50.6,0,20092.81,12.02,38291,90207086.53,3.61,24,Telecom Partner,Germany,Yes,2
957,Realme,3224,1,3.2,0,0,1,128,0.9,198,10,88,945,679,8192,13,4,15,1,0,MediaTek Dimensity,6700,Super AMOLED,144,1,WiFi 6,5.4,No,Yes,Yes,Android,14.9,33,89.4,78.6,78.0,1734.43,Flagship,1985.04,7.44,Student,4.38,2445,81.1,95.0,64.4,10,132445.71,14.65,50919,79483897.05,4.83,24,Retail Store,Germany,Yes,0
958,Vivo,3144,1,2.3,1,22,1,128,0.2,115,8,73,1820,2000,12288,10,7,20,0,1,Google Tensor,6235,IPS LCD,60,1,WiFi 6,5.0,No,Yes,Yes,Android,15.9,65,86.1,77.1,75.6,1573.46,Flagship,1726.38,4.94,Gamer,4.5,647,87.5,81.0,65.3,10,8779.42,10.46,46808,66285464.11,8.99,36,Telecom Partner,India,Yes,2
959,OnePlus,4794,0,2.4,0,4,1,256,0.5,145,10,75,122,634,3072,6,0,5,1,1,MediaTek Dimensity,3905,AMOLED,90,1,WiFi 6,5.4,Yes,Yes,Yes,Android,18.0,33,100.0,70.3,77.5,1434.95,Flagship,1298.49,6.3,Business User,4.47,5982,100.0,100.0,69.8,10,28749.21,9.56,35822,46262501.01,0.5,24,E-commerce Marketplace,USA,Yes,0
960,Realme,5298,0,3.3,1,19,1,128,0.2,171,6,102,392,1338,12288,17,6,3,0,1,Google Tensor,6676,OLED,60,0,WiFi 6E,5.2,Yes,No,Yes,Android,16.6,18,89.2,77.0,88.7,1733.16,Flagship,1858.91,7.0,Business User,4.64,1545,95.0,71.8,66.1,0,19230.29,3.61,42382,73454787.12,6.09,36,Retail Store,USA,Yes,2
961,Motorola,3799,1,1.2,1,12,1,128,0.7,98,6,89,2173,2345,6144,17,1,4,0,1,Apple Bionic,4367,Super AMOLED,60,1,WiFi 6E,5.3,Yes,Yes,No,Android,12.3,65,96.2,99.9,87.9,1478.8,Flagship,1287.3,7.75,Business User,5.0,2011,100.0,83.6,81.2,5,177263.64,10.31,56875,79901412.5,3.81,36,E-commerce Marketplace,USA,Yes,0
962,Oppo,4514,0,1.5,0,14,1,256,0.4,95,6,74,1303,2184,3072,19,2,11,0,1,Exynos,3149,LCD,60,1,WiFi 6,5.2,Yes,Yes,Yes,Android,13.3,80,80.9,96.2,70.0,1449.4,Flagship,1472.53,4.9,Gamer,5.0,10027,100.0,81.5,62.9,20,71076.82,5.72,42343,49097555.36,5.86,18,Telecom Partner,Singapore,Yes,0
963,Xiaomi,6701,0,1.2,1,20,1,256,0.7,173,6,25,1044,918,4096,13,5,7,1,1,Snapdragon,2779,Super AMOLED,120,1,WiFi 6,5.1,No,Yes,Yes,Android,12.0,33,91.8,64.6,75.4,1538.66,Flagship,1318.1,4.79,Gamer,4.65,972,100.0,78.4,68.5,0,28502.45,5.77,24407,37554074.62,5.67,36,Retail Store,Australia,No,1
964,Xiaomi,6376,0,2.5,1,4,1,256,0.5,136,10,78,1871,1294,3072,14,0,15,1,1,MediaTek Dimensity,4259,IPS LCD,90,1,WiFi 6E,5.2,No,Yes,Yes,Android,17.6,80,77.2,65.1,76.5,1570.22,Flagship,1432.41,0.1,Professional,4.32,4661,92.1,87.4,70.6,10,37306.61,3.97,32487,45910563.43,6.89,36,Online Store,UAE,No,1
965,Samsung,4462,0,3.0,0,7,1,128,0.8,131,4,36,510,819,4096,18,0,20,1,1,Snapdragon,3451,Super AMOLED,120,1,WiFi 6,5.3,Yes,Yes,Yes,Android,15.6,120,94.5,41.8,97.7,1455.04,Flagship,1358.79,15.56,General User,4.6,1993,95.7,100.0,79.7,5,50171.57,6.31,53932,74549556.42,4.94,18,Telecom Partner,UAE,Yes,0
966,Motorola,3265,0,1.3,1,7,1,32,0.9,134,4,63,1299,1806,2048,14,0,10,0,0,Apple Bionic,2167,LCD,60,1,WiFi 6E,5.1,Yes,No,No,Android,18.8,45,83.7,66.7,83.8,1084.2,Premium,1183.23,12.75,Student,4.6,1354,89.5,94.6,81.5,25,103995.98,5.9,50899,41388521.85,8.4,36,Online Store,UAE,Yes,0
967,Vivo,5223,1,3.3,1,24,1,256,0.6,165,8,16,1577,1290,6144,11,10,3,1,0,Google Tensor,4788,AMOLED,144,1,WiFi 7,5.4,Yes,Yes,Yes,Android,13.3,80,86.8,58.3,82.5,1918.42,Flagship,1590.25,9.1,Business User,4.29,175,85.3,64.3,72.4,10,50680.67,5.34,42722,73762865.32,5.3,36,Telecom Partner,India,Yes,1
968,Samsung,4798,0,2.7,0,2,1,128,0.5,100,8,8,1008,2329,4096,18,6,8,0,1,Snapdragon,3873,OLED,90,0,WiFi 6,5.3,Yes,Yes,Yes,Android,14.0,25,84.7,37.1,100.0,1143.27,Premium,1245.95,9.29,Student,4.58,1430,98.5,89.9,71.3,10,13106.46,1.89,29096,29938125.53,0.5,24,Telecom Partner,Germany,No,0
969,Oppo,4750,0,1.8,1,23,1,256,0.6,174,4,26,1185,1280,2048,8,5,18,0,1,Google Tensor,1866,OLED,60,0,WiFi 6,5.2,Yes,Yes,Yes,Android,16.3,120,78.6,22.8,73.5,1085.46,Premium,1255.38,3.9,Gamer,3.94,25148,85.7,100.0,71.0,0,87997.29,10.09,26816,29107695.36,10.37,36,Telecom Partner,Australia,No,0
970,Samsung,4078,1,0.9,1,8,1,128,0.8,219,6,54,1521,1757,4096,7,4,12,0,1,Apple Bionic,2639,IPS LCD,120,1,WiFi 6,5.4,Yes,Yes,No,Android,18.0,80,90.3,74.5,73.3,1100.35,Premium,1159.41,14.62,Business User,4.61,822,100.0,100.0,66.0,5,240445.13,6.59,49467,51709462.78,4.33,36,Retail Store,India,Yes,0
971,Realme,6275,0,2.3,0,5,1,256,0.3,152,8,36,628,1776,16384,16,5,3,0,0,Apple Bionic,7479,OLED,90,1,WiFi 5,5.0,Yes,Yes,Yes,Android,18.1,25,97.6,65.7,95.3,1963.82,Flagship,1930.55,9.76,General User,4.3,407,96.2,78.7,63.1,10,18542.48,4.97,31668,55971226.58,8.57,18,E-commerce Marketplace,Germany,No,2
972,Xiaomi,4410,0,1.0,0,18,1,256,0.5,164,10,99,713,1419,4096,9,2,7,0,1,MediaTek Dimensity,3417,OLED,60,1,WiFi 6,5.3,Yes,Yes,Yes,Android,17.5,65,90.0,74.0,73.8,1819.58,Flagship,1573.59,11.24,Student,4.12,791,84.4,82.4,55.7,0,19857.46,7.07,35933,65382968.14,1.45,18,Retail Store,UK,Yes,0
973,Xiaomi,4558,1,1.6,0,23,0,128,0.5,152,4,33,782,1071,6144,18,5,4,1,0,Apple Bionic,3632,OLED,60,1,WiFi 6,5.1,No,Yes,Yes,Android,12.0,120,86.2,40.7,82.8,1201.39,Flagship,1123.85,14.54,Professional,5.0,2383,95.2,100.0,55.6,10,93782.67,3.12,25920,28026025.92,4.27,12,Telecom Partner,Germany,No,0
974,Motorola,2573,0,1.0,1,5,1,64,0.4,235,4,48,588,1647,6144,15,6,16,0,0,Snapdragon,3287,AMOLED,120,0,WiFi 6,5.1,Yes,Yes,Yes,Android,14.9,45,91.9,65.4,85.5,1284.44,Flagship,1474.65,4.49,Business User,4.87,510,100.0,100.0,95.7,5,16472.71,5.99,47818,58348384.32,3.57,36,Retail Store,USA,Yes,0
975,Apple,3243,0,2.4,0,8,1,32,0.4,92,6,37,937,847,16384,15,3,17,0,0,MediaTek Dimensity,8694,IPS LCD,120,1,WiFi 5,5.2,Yes,Yes,Yes,iOS,18.2,65,96.2,77.6,71.6,2242.89,Flagship,2432.3,10.77,General User,5.0,5185,100.0,90.4,69.7,15,32546.81,0.83,27949,53283552.72,0.5,18,Retail Store,USA,No,2
976,Realme,6460,1,1.7,0,30,1,64,0.9,109,6,44,1467,2168,12288,6,3,11,1,1,Google Tensor,6392,LCD,60,0,WiFi 6,5.2,No,Yes,Yes,Android,17.4,18,87.7,43.7,74.2,1343.79,Flagship,1316.62,5.27,Business User,3.51,929,80.4,80.3,57.1,5,54603.62,5.67,34977,44651655.69,0.5,24,Telecom Partner,India,No,1
977,Oppo,6641,1,2.4,0,0,1,64,0.3,104,10,69,1621,1596,4096,10,5,13,0,1,Google Tensor,4423,IPS LCD,90,1,WiFi 6,5.4,No,Yes,Yes,Android,18.1,18,88.1,67.2,76.6,1130.59,Premium,1024.93,2.3,Business User,4.52,382,91.5,77.4,61.9,25,78754.98,7.31,44610,37826714.92,1.96,18,E-commerce Marketplace,Germany,Yes,1
978,Apple,6668,1,1.7,1,5,1,512,0.3,132,10,82,1966,829,6144,18,11,7,0,1,Snapdragon,5076,AMOLED,60,1,WiFi 6E,5.4,Yes,Yes,No,iOS,17.3,65,83.3,81.7,79.2,2399.22,Flagship,2758.01,19.13,General User,4.7,1126,81.9,81.3,73.3,5,61857.27,6.4,49269,112296811.7,4.28,12,E-commerce Marketplace,Germany,Yes,2
979,Oppo,5932,1,2.8,0,11,1,64,0.6,213,10,94,721,1122,6144,17,3,19,0,1,Exynos,5077,IPS LCD,120,1,WiFi 7,5.4,Yes,Yes,Yes,Android,14.9,45,81.8,97.0,68.3,1504.4,Flagship,1267.14,11.52,Gamer,4.71,445,95.5,100.0,86.2,5,29712.0,9.27,44502,63601368.36,13.45,18,Telecom Partner,India,Yes,1
980,Motorola,6287,1,3.5,0,22,1,64,0.5,120,4,101,1482,1343,6144,5,10,5,1,0,Apple Bionic,4435,AMOLED,90,1,WiFi 6,5.3,Yes,Yes,No,Android,14.8,45,80.2,89.9,90.4,1599.38,Flagship,1585.62,12.83,Student,4.75,852,94.5,100.0,78.8,15,22510.97,6.71,38332,52111319.04,4.59,18,Retail Store,Germany,Yes,1
981,Realme,3186,1,1.9,0,24,0,64,0.3,144,4,86,403,762,4096,19,2,5,0,1,Google Tensor,2843,Super AMOLED,90,1,WiFi 6,5.0,Yes,No,No,Android,12.3,80,84.0,97.8,99.0,1266.69,Flagship,1434.44,6.92,Gamer,4.62,1924,90.3,100.0,79.4,5,136667.26,0.1,26938,32415990.46,3.93,18,Retail Store,UK,No,0
982,Samsung,6356,0,3.4,0,3,1,64,0.4,203,10,17,934,2398,3072,10,3,16,1,1,Exynos,4762,Super AMOLED,120,1,WiFi 5,5.4,No,Yes,Yes,Android,16.7,120,89.2,60.8,95.5,1233.43,Flagship,1312.58,6.53,Business User,5.0,626,100.0,66.2,64.0,15,74908.15,2.41,14915,15637117.18,8.33,24,Retail Store,USA,No,1
983,Vivo,3458,0,3.1,1,3,1,64,0.3,88,8,87,624,1475,4096,18,0,7,0,1,Snapdragon,4659,IPS LCD,120,1,WiFi 6,5.2,Yes,Yes,Yes,Android,12.4,120,90.0,74.0,63.1,1422.51,Flagship,1555.65,8.36,Business User,4.95,9293,100.0,72.9,65.0,0,128977.14,5.76,29293,41669585.43,0.5,36,Retail Store,Australia,No,0
984,Samsung,4026,0,1.1,1,12,1,128,0.6,150,6,48,1937,854,6144,11,5,13,0,0,MediaTek Dimensity,3660,Super AMOLED,120,1,WiFi 5,5.4,Yes,Yes,Yes,Android,18.6,45,92.5,74.8,66.5,1230.51,Flagship,1430.93,10.63,Gamer,4.68,421,85.1,100.0,82.7,0,61227.11,9.29,42797,52662136.47,6.07,24,Telecom Partner,Australia,Yes,0
985,Realme,5440,1,2.7,0,4,0,16,0.7,215,8,5,1540,898,8192,7,3,18,1,1,MediaTek Dimensity,5475,IPS LCD,144,1,WiFi 6,5.2,Yes,Yes,Yes,Android,12.6,18,89.7,46.2,75.4,1220.99,Flagship,1267.92,10.64,Gamer,4.1,3202,83.6,82.0,28.1,0,20149.3,7.19,7170,8754498.3,6.61,12,Retail Store,UAE,No,1
986,Vivo,3100,0,1.4,1,17,1,256,0.2,87,8,24,1967,1032,4096,14,6,16,0,0,Snapdragon,3025,IPS LCD,60,1,WiFi 5,5.1,Yes,Yes,No,Android,12.5,45,86.8,39.9,78.0,1294.01,Flagship,1279.02,2.68,Gamer,4.62,12542,97.5,97.0,69.1,5,64213.02,4.49,28517,35056219.01,5.98,36,E-commerce Marketplace,Singapore,No,0
987,Xiaomi,6643,1,1.5,0,25,1,512,0.8,168,8,11,669,1173,6144,14,2,7,0,1,Apple Bionic,4666,LCD,90,1,WiFi 6E,5.2,Yes,Yes,Yes,Android,18.2,120,88.0,55.5,80.8,1915.94,Flagship,1608.84,18.77,Business User,4.92,444,95.1,84.8,61.3,15,83648.24,4.46,35218,57354238.68,5.97,36,Retail Store,UAE,Yes,1
988,Realme,6575,1,1.9,0,21,1,64,0.5,166,4,81,488,953,12288,15,10,4,0,0,Exynos,6425,AMOLED,90,1,WiFi 6,5.2,Yes,No,No,Android,18.9,80,96.9,83.9,88.2,1638.72,Flagship,1701.42,1.46,Student,4.51,2132,100.0,94.6,71.8,5,161531.08,9.12,38617,60118327.73,2.76,12,Retail Store,Singapore,Yes,2
989,Realme,3248,1,1.8,1,1,1,256,0.3,208,4,26,796,1256,6144,9,10,17,0,1,Exynos,3506,AMOLED,60,1,WiFi 5,5.2,No,Yes,Yes,Android,17.1,120,80.0,31.0,95.5,1572.93,Flagship,1630.62,7.27,General User,4.51,191,88.7,92.5,59.9,20,83563.34,7.54,36083,45404826.55,8.8,18,E-commerce Marketplace,USA,Yes,0
990,Samsung,6120,1,2.0,1,22,1,16,0.1,210,10,40,1560,1006,6144,17,6,17,0,0,MediaTek Dimensity,4615,Super AMOLED,60,1,WiFi 6E,5.1,Yes,Yes,Yes,Android,16.3,65,83.7,73.7,90.2,1283.15,Flagship,1173.94,12.8,Business User,4.58,5421,91.2,87.4,77.6,0,23812.94,9.98,41618,53402136.7,2.08,24,Online Store,UAE,Yes,1
991,OnePlus,4287,0,3.2,0,3,1,512,0.6,224,8,10,1882,621,6144,11,9,17,0,0,MediaTek Dimensity,4854,Super AMOLED,90,1,WiFi 6,5.1,Yes,No,Yes,Android,15.4,80,79.8,47.4,93.4,1877.27,Flagship,1904.14,9.5,General User,4.33,4539,82.2,97.9,68.0,25,14827.5,6.46,40544,57084026.16,0.99,36,Retail Store,India,Yes,0
992,OnePlus,4759,0,3.3,0,11,1,64,0.6,131,8,57,1104,1034,12288,19,2,15,0,0,Apple Bionic,7002,IPS LCD,144,0,WiFi 6E,5.1,No,Yes,Yes,Android,12.8,65,88.0,67.6,56.9,1493.59,Flagship,1309.59,8.19,Gamer,4.49,2103,90.5,79.9,77.5,15,30994.92,9.35,47823,60713761.38,2.16,24,Telecom Partner,USA,Yes,2
993,OnePlus,3156,1,2.4,0,1,1,128,0.8,122,8,97,1432,642,16384,11,5,9,0,0,Google Tensor,9073,Super AMOLED,60,1,WiFi 6E,5.0,Yes,Yes,Yes,Android,18.3,33,83.3,90.8,86.5,1938.29,Flagship,1635.53,8.51,Gamer,4.74,6699,97.2,92.6,85.7,20,53253.8,4.74,38317,59415566.34,9.81,18,Online Store,Singapore,Yes,2
994,Vivo,3996,0,0.9,1,25,1,256,0.5,119,10,92,175,638,6144,9,3,8,0,0,Google Tensor,3427,LCD,60,1,WiFi 7,5.4,Yes,No,Yes,Android,13.7,80,86.7,99.3,68.3,1742.04,Flagship,1557.5,13.42,Student,4.91,1942,100.0,95.9,97.5,5,120341.27,8.89,44584,73783755.79,4.76,12,E-commerce Marketplace,UK,Yes,0
995,OnePlus,6653,1,1.7,1,6,1,256,0.4,145,6,23,1609,1124,8192,9,10,17,1,1,Snapdragon,4508,AMOLED,120,1,WiFi 6,5.4,Yes,No,Yes,Android,16.3,25,94.4,39.1,73.5,1356.42,Flagship,1488.35,8.21,Business User,3.41,2303,76.3,84.2,72.4,25,50680.67,5.2,29690,30204082.35,4.11,12,Online Store,India,No,1
996,Samsung,2841,1,3.3,1,27,1,512,0.3,173,10,86,1046,1553,6144,17,2,4,1,0,Apple Bionic,5780,OLED,144,1,WiFi 5,5.4,No,No,Yes,Android,16.9,18,93.3,95.5,89.0,2107.67,Flagship,1926.86,12.11,Gamer,4.76,1455,100.0,100.0,86.7,10,40871.06,5.54,29384,55738597.75,9.49,12,Telecom Partner,UK,No,0
997,Samsung,4947,0,1.9,1,26,1,256,0.2,102,4,107,2195,615,12288,19,1,16,0,1,Snapdragon,6271,OLED,144,1,WiFi 6E,5.2,Yes,Yes,Yes,Android,12.7,25,86.2,85.5,70.9,2083.05,Flagship,2108.4,13.71,Gamer,4.11,7160,84.7,82.2,82.3,10,41074.85,6.4,43570,81682639.65,0.56,18,Telecom Partner,Australia,Yes,2
998,Apple,2858,1,1.6,1,3,0,128,0.5,216,10,82,495,2387,6144,10,8,13,1,0,Apple Bionic,4976,LCD,144,1,WiFi 6E,5.2,Yes,No,No,iOS,16.2,120,87.5,96.1,83.7,1957.72,Flagship,1630.03,20.56,Gamer,4.62,3172,96.4,100.0,79.6,20,20565.48,5.15,31155,48794213.28,1.76,18,Telecom Partner,India,No,0
999,Motorola,5769,0,3.0,0,25,1,16,0.9,196,10,68,1531,1634,2048,19,4,19,1,1,Apple Bionic,3454,AMOLED,120,1,WiFi 5,5.2,Yes,Yes,Yes,Android,12.1,65,100.0,85.2,89.2,1108.04,Premium,922.52,7.62,Student,5.0,2090,93.8,99.8,74.0,10,59637.9,8.53,35509,35410853.12,3.35,24,Telecom Partner,Australia,Yes,1
1000,Xiaomi,6162,0,1.4,0,15,1,128,0.2,110,8,28,116,1239,6144,8,0,4,0,1,Google Tensor,4620,Super AMOLED,60,1,WiFi 6,5.2,No,Yes,Yes,Android,14.4,120,83.5,69.6,92.3,1423.67,Flagship,1634.27,6.1,Student,4.61,237,100.0,73.9,57.2,15,33386.72,3.69,33317,40317551.38,6.1,24,Telecom Partner,Australia,No,1
1001,Xiaomi,6941,0,2.4,0,26,1,256,0.6,240,10,30,1234,1667,16384,19,7,8,1,1,Google Tensor,8577,IPS LCD,144,0,WiFi 6,5.1,Yes,Yes,No,Android,15.3,65,86.6,79.3,74.0,1857.39,Flagship,2113.6,0.43,General User,5.0,324,95.9,89.9,61.4,15,54849.09,9.77,33262,52513430.25,5.03,24,E-commerce Marketplace,UAE,No,2
1002,Vivo,6265,0,2.9,1,23,1,256,0.8,119,6,69,111,999,8192,9,3,20,1,0,Google Tensor,5069,IPS LCD,144,0,WiFi 6,5.3,No,No,No,Android,17.0,65,92.3,61.2,72.7,1495.14,Flagship,1464.16,9.82,General User,4.89,670,85.3,83.2,76.2,5,31701.22,5.64,32995,46865537.08,7.21,12,Online Store,UAE,No,1
1003,Samsung,6605,1,3.1,0,0,1,32,0.7,225,6,18,1144,1898,6144,18,4,5,0,0,Google Tensor,4433,IPS LCD,90,0,WiFi 5,5.1,Yes,Yes,Yes,Android,17.2,45,88.7,20.0,68.9,1024.73,Premium,977.07,21.73,Business User,4.2,4285,92.5,100.0,62.8,20,138805.91,9.65,47440,38890552.96,2.92,36,E-commerce Marketplace,UK,Yes,1
1004,Oppo,6294,1,2.2,0,28,1,512,0.3,83,10,66,776,2012,6144,9,1,13,1,0,Snapdragon,5746,AMOLED,90,1,WiFi 6,5.0,Yes,No,Yes,Android,12.3,120,81.9,77.0,90.2,2218.65,Flagship,2051.48,5.68,Student,4.66,717,86.7,100.0,48.5,10,177339.56,8.16,34877,69641870.45,4.92,36,Retail Store,India,No,2
1005,Motorola,3363,1,2.0,0,12,1,128,0.5,174,10,85,536,655,8192,14,6,19,0,0,MediaTek Dimensity,5618,AMOLED,144,1,WiFi 6,5.0,Yes,Yes,Yes,Android,12.5,25,85.2,79.7,83.2,1669.79,Flagship,1441.07,3.73,Professional,4.77,10006,90.4,84.2,52.8,0,20217.08,2.54,25008,41758108.32,8.65,12,Telecom Partner,Germany,No,0
1006,Oppo,5278,1,1.4,0,9,1,16,0.9,86,8,10,1299,519,12288,15,8,2,1,0,Exynos,5898,LCD,90,1,WiFi 6E,5.1,Yes,Yes,Yes,Android,16.4,25,95.7,32.9,62.4,1299.15,Flagship,1373.72,7.57,Business User,4.29,1371,89.1,100.0,61.8,5,50051.42,5.79,37289,46021804.13,7.81,18,Online Store,UAE,Yes,2
1007,Oppo,6578,0,1.9,1,0,1,16,0.8,96,10,77,188,1789,6144,17,11,6,1,0,Apple Bionic,4494,LCD,120,1,WiFi 6E,5.4,Yes,Yes,Yes,Android,15.5,80,99.0,76.9,68.8,1316.2,Flagship,1511.17,5.99,Professional,4.73,908,82.7,87.6,69.2,15,21667.62,0.2,22209,24846762.93,3.31,12,E-commerce Marketplace,Singapore,No,1
1008,Vivo,2734,0,1.2,0,30,1,128,0.6,104,10,78,2125,1286,4096,13,0,10,1,1,MediaTek Dimensity,4273,IPS LCD,60,1,WiFi 7,5.0,Yes,Yes,Yes,Android,16.3,65,100.0,69.4,78.2,1156.77,Premium,1108.72,11.76,Professional,4.99,1017,100.0,95.5,71.5,15,10103.12,7.22,32164,31625397.74,3.55,12,E-commerce Marketplace,Singapore,No,0
1009,Vivo,6198,0,1.1,1,15,1,256,0.3,114,4,36,1410,1313,4096,12,7,5,0,1,Google Tensor,2078,Super AMOLED,60,1,WiFi 6,5.1,No,Yes,Yes,Android,14.1,45,91.0,36.0,78.7,1414.47,Flagship,1543.06,10.74,Business User,3.86,403,77.1,83.1,61.3,10,7460.27,0.99,27354,34822271.14,6.64,18,Telecom Partner,USA,No,1
1010,Realme,5258,1,2.0,1,26,1,32,0.9,233,4,88,1392,1134,12288,5,3,11,0,1,Exynos,5688,OLED,144,1,WiFi 6,5.3,Yes,Yes,Yes,Android,18.0,120,92.7,72.8,80.8,1860.35,Flagship,1815.0,10.76,Professional,5.0,3247,100.0,91.8,91.7,0,22441.08,5.75,31470,58545214.5,2.33,18,Online Store,India,No,2
1011,Apple,5108,1,1.1,0,13,1,32,0.8,117,10,72,778,1877,6144,6,7,13,0,0,MediaTek Dimensity,4548,AMOLED,90,1,WiFi 6,5.3,No,No,Yes,iOS,17.8,120,86.1,53.3,83.9,1675.23,Flagship,1725.51,16.57,Business User,4.18,7269,77.7,100.0,74.2,15,22150.57,4.99,33017,47014408.57,7.25,18,Telecom Partner,UAE,No,1
1012,Oppo,6172,1,2.0,0,0,1,128,0.5,152,10,107,995,1036,4096,6,10,14,1,0,Google Tensor,4332,LCD,120,1,WiFi 5,5.2,Yes,Yes,Yes,Android,16.0,45,83.4,100.0,100.0,1620.41,Flagship,1587.82,17.35,Student,5.0,1664,94.1,80.8,83.7,15,24659.95,2.7,41168,56702683.05,6.19,18,Telecom Partner,USA,Yes,1
1013,Google,6929,1,2.4,1,22,1,512,0.5,122,6,33,793,727,6144,17,8,5,1,0,Apple Bionic,4613,IPS LCD,90,1,WiFi 6,5.4,Yes,Yes,Yes,Android,12.1,80,78.9,45.2,68.2,1897.78,Flagship,2207.15,9.91,Student,4.45,1433,86.5,99.0,96.3,15,157381.0,10.42,61937,99911379.88,4.84,12,Telecom Partner,USA,Yes,1
1014,Motorola,6714,0,3.1,1,12,1,64,0.2,166,10,102,1338,2186,4096,10,0,20,0,1,MediaTek Dimensity,4576,IPS LCD,144,1,WiFi 6,5.2,Yes,Yes,No,Android,13.9,120,92.0,100.0,82.7,1620.45,Flagship,1907.11,6.16,General User,5.0,715,100.0,87.7,89.5,5,67201.79,5.21,41117,63296640.52,4.62,24,Telecom Partner,USA,Yes,1
1015,Xiaomi,5156,1,3.1,1,25,1,32,0.4,209,4,103,1678,2051,6144,19,3,8,0,0,Google Tensor,4246,IPS LCD,60,1,WiFi 7,5.0,No,Yes,Yes,Android,18.0,120,81.9,99.8,68.9,1449.82,Flagship,1576.07,3.95,Gamer,4.54,983,94.9,96.8,89.0,20,43725.72,2.17,38696,44881787.78,4.95,36,Telecom Partner,USA,Yes,1
1016,OnePlus,4684,1,2.7,1,11,1,512,1.0,133,10,42,1389,663,6144,7,4,9,1,0,MediaTek Dimensity,5080,LCD,60,0,WiFi 6,5.4,Yes,Yes,Yes,Android,14.5,25,83.1,86.2,69.2,1629.01,Flagship,1672.83,6.33,Student,4.33,1059,96.6,99.9,75.5,0,148699.55,4.75,41598,67763557.98,4.25,36,Online Store,Singapore,Yes,0
1017,OnePlus,6364,0,3.0,0,8,1,32,0.5,115,8,59,1681,1892,6144,15,10,16,1,0,Snapdragon,5313,LCD,60,1,WiFi 7,5.2,Yes,No,Yes,Android,15.6,120,90.6,57.3,57.6,1349.19,Flagship,1482.52,6.81,Business User,4.74,396,100.0,85.9,83.1,0,29224.94,13.67,56425,76128045.75,2.74,12,Telecom Partner,India,Yes,1
1018,Apple,3493,1,3.0,1,3,1,32,0.5,146,8,23,585,807,8192,8,5,19,0,1,MediaTek Dimensity,6247,IPS LCD,144,1,WiFi 5,5.1,Yes,Yes,Yes,iOS,17.9,25,76.7,53.8,78.5,1720.05,Flagship,1736.21,11.01,Professional,4.25,8279,90.0,94.0,78.3,0,27239.54,1.23,25691,44189804.55,3.36,18,Retail Store,Germany,No,0
1019,Vivo,5395,1,2.1,0,0,1,64,0.2,207,4,101,1368,2211,4096,13,4,8,0,0,Apple Bionic,3489,LCD,144,1,WiFi 6,5.3,Yes,No,Yes,Android,14.9,25,73.7,97.6,73.6,1367.65,Flagship,1282.12,7.66,Professional,5.0,1650,97.3,100.0,90.0,15,45617.84,3.32,26321,30598228.3,2.28,36,Retail Store,UAE,No,1
1020,Samsung,6016,1,1.9,1,21,1,64,0.1,89,10,34,437,670,4096,19,8,7,1,0,Exynos,4371,IPS LCD,144,1,WiFi 6,5.4,No,Yes,Yes,Android,14.1,120,78.2,48.9,71.6,1400.19,Flagship,1602.09,15.72,General User,4.02,6734,78.3,84.9,54.0,10,104128.27,6.09,33988,42830691.95,1.91,24,Online Store,Germany,No,1
1021,Realme,6251,1,2.0,1,27,1,256,0.7,113,8,54,2084,944,3072,14,7,11,0,1,MediaTek Dimensity,3672,IPS LCD,60,0,WiFi 6,5.0,No,Yes,No,Android,15.2,120,90.5,74.2,80.8,1268.02,Flagship,1337.43,5.05,General User,4.68,2152,96.4,89.1,70.9,5,14625.72,7.96,44617,53746485.92,0.98,12,Retail Store,UK,Yes,1
1022,Realme,5750,1,3.2,0,21,1,512,0.3,86,8,26,809,1996,12288,9,3,10,1,1,Google Tensor,6951,LCD,60,0,WiFi 6E,5.3,Yes,Yes,Yes,Android,15.8,120,85.8,25.3,72.8,1984.99,Flagship,1950.12,3.61,Student,4.23,349,85.8,100.0,79.9,0,8035.78,6.73,44904,89133990.96,8.82,36,Telecom Partner,UK,Yes,2
1023,Apple,5829,1,1.2,1,28,1,256,0.5,166,10,69,1904,1008,4096,15,7,20,0,0,Google Tensor,4033,IPS LCD,120,1,WiFi 7,5.0,Yes,Yes,Yes,iOS,19.7,80,79.6,82.2,82.1,2036.91,Flagship,1931.68,12.04,Professional,3.59,767,72.3,97.5,62.9,10,20981.22,9.87,40919,75013488.26,9.36,12,Telecom Partner,UK,Yes,1
1024,OnePlus,6941,0,2.9,0,13,0,128,0.5,234,10,68,534,740,6144,5,2,6,0,1,Snapdragon,5428,IPS LCD,90,1,WiFi 6,5.1,Yes,Yes,Yes,Android,14.6,65,88.0,94.8,65.8,1449.6,Flagship,1220.48,11.84,General User,4.23,454,78.5,100.0,74.0,5,10674.16,0.89,32775,45135108.0,7.55,18,E-commerce Marketplace,USA,No,1
1025,Xiaomi,4972,0,3.1,1,9,1,256,0.7,88,4,66,1637,1967,8192,17,3,8,0,1,Apple Bionic,5611,OLED,90,1,WiFi 6,5.0,Yes,Yes,Yes,Android,16.5,80,90.7,76.3,79.7,1832.6,Flagship,1600.16,8.25,General User,5.0,1146,99.4,70.5,79.8,10,37273.06,4.94,35805,59054618.7,0.5,24,Retail Store,Australia,Yes,2
1026,Xiaomi,3799,0,1.3,0,10,1,64,0.6,226,10,47,278,1506,8192,17,2,4,1,1,MediaTek Dimensity,5141,LCD,120,1,WiFi 6,5.0,No,No,Yes,Android,14.8,45,84.6,53.5,75.2,1287.89,Flagship,1372.12,8.2,Business User,5.0,2242,95.1,96.5,97.2,25,63857.0,7.06,58648,56649129.54,1.4,12,Online Store,Singapore,Yes,0
1027,Samsung,5381,1,1.5,1,18,1,32,0.4,142,4,54,1590,1501,4096,17,7,9,0,0,Snapdragon,3232,Super AMOLED,120,0,WiFi 6,5.3,Yes,Yes,No,Android,15.1,18,93.5,100.0,80.8,1267.63,Flagship,1179.69,12.32,Student,5.0,4846,100.0,100.0,83.2,25,33360.12,5.05,28890,27466373.02,0.5,12,Retail Store,Australia,No,1
1028,Motorola,4431,1,1.7,1,9,1,64,0.4,201,6,15,1042,972,6144,8,5,14,1,1,Exynos,3882,AMOLED,144,1,WiFi 6E,5.0,Yes,Yes,Yes,Android,15.2,45,93.5,39.5,60.8,1228.95,Flagship,1400.64,13.17,Business User,3.68,986,84.9,97.2,75.5,5,163282.43,4.2,37423,43691446.06,6.95,18,Retail Store,USA,Yes,0
1029,OnePlus,6457,0,1.1,0,28,1,128,0.9,86,6,19,917,1744,6144,9,1,19,1,0,Snapdragon,4466,AMOLED,60,0,WiFi 6E,5.1,Yes,Yes,No,Android,18.4,33,93.8,37.8,90.6,1004.1,Premium,954.43,9.04,Business User,4.55,243,88.1,84.4,66.0,25,33107.83,3.15,30004,22595262.3,7.16,18,Retail Store,Australia,No,1
1030,Samsung,3856,1,2.3,1,9,1,128,0.6,141,4,5,1873,1255,4096,9,4,19,1,1,Google Tensor,3284,LCD,60,1,WiFi 6,5.3,No,Yes,Yes,Android,14.7,65,89.2,28.7,81.5,1143.96,Premium,1052.52,16.29,Professional,4.54,262,86.4,97.2,71.3,0,54744.8,3.99,41581,47567000.76,5.13,36,Online Store,Singapore,Yes,0
1031,Realme,5379,0,2.1,0,26,1,64,0.9,183,6,15,2082,821,8192,16,3,20,0,0,Apple Bionic,4825,AMOLED,144,1,WiFi 6E,5.2,Yes,Yes,Yes,Android,18.9,120,100.0,28.1,99.6,1670.9,Flagship,1895.78,8.39,General User,4.17,970,82.2,100.0,52.7,10,30836.14,6.06,25929,38992289.49,3.7,36,Telecom Partner,Germany,No,1
1032,Oppo,5347,0,3.2,1,6,1,128,0.8,186,6,97,307,1275,3072,12,5,7,0,1,Snapdragon,3727,AMOLED,60,0,WiFi 5,5.0,Yes,Yes,Yes,Android,15.7,25,92.8,73.7,98.4,1219.4,Flagship,1234.26,3.3,Gamer,4.41,3122,92.3,78.1,88.9,15,61977.49,7.01,43438,45023052.62,0.8,24,Online Store,Germany,Yes,1
1033,Xiaomi,3625,1,2.5,1,23,1,128,0.9,106,6,31,369,1564,3072,6,10,18,1,1,Google Tensor,3334,OLED,120,0,WiFi 7,5.4,Yes,Yes,Yes,Android,17.1,33,92.1,83.8,80.6,1135.87,Premium,1273.35,4.34,Business User,4.63,3060,86.8,80.0,75.5,10,28282.24,3.48,23850,24381449.55,5.8,18,E-commerce Marketplace,Australia,No,0
1034,Motorola,2705,0,0.9,0,5,1,256,1.0,161,8,100,1311,979,6144,17,7,17,0,1,Exynos,3269,OLED,144,1,WiFi 6,5.0,Yes,No,Yes,Android,18.0,65,79.3,100.0,73.3,1993.44,Flagship,1869.28,8.44,Student,4.55,418,92.7,64.6,69.1,15,37663.53,8.73,36128,61216150.27,4.51,18,Telecom Partner,Germany,Yes,0
1035,Apple,5027,1,2.1,0,11,1,128,0.4,130,8,86,2016,2368,8192,5,3,14,0,0,Google Tensor,5324,AMOLED,120,1,WiFi 6,5.4,No,Yes,Yes,iOS,17.8,120,82.7,100.0,83.4,2082.26,Flagship,2364.05,15.34,General User,4.5,2535,90.1,100.0,89.0,0,698295.63,12.66,83714,174314313.6,7.58,12,E-commerce Marketplace,Germany,Yes,2
1036,Apple,5862,0,2.8,0,18,1,256,0.3,122,10,106,738,773,8192,12,5,8,1,1,Snapdragon,5911,LCD,60,1,WiFi 6,5.4,Yes,No,Yes,iOS,18.9,120,81.3,96.0,53.4,2318.39,Flagship,1967.65,14.31,Gamer,4.85,3195,100.0,82.2,58.5,5,15324.7,7.67,51613,113676109.9,5.99,36,Retail Store,UK,Yes,2
1037,Xiaomi,6144,0,1.0,0,19,1,256,0.6,90,4,33,1427,2373,16384,7,10,7,0,0,Exynos,6721,IPS LCD,120,1,WiFi 5,5.0,No,No,Yes,Android,12.1,45,88.9,55.2,75.9,2215.26,Flagship,2062.49,6.25,Gamer,4.45,4150,94.9,74.3,68.6,5,89560.81,6.62,33256,69987152.23,5.27,18,Retail Store,Australia,No,2
1038,Apple,5273,0,1.8,0,0,1,64,0.5,187,4,85,1302,1530,6144,10,0,12,1,1,Snapdragon,3709,IPS LCD,60,1,WiFi 5,5.3,Yes,Yes,Yes,iOS,19.8,18,86.0,70.9,56.2,1570.78,Flagship,1591.05,14.47,Business User,4.55,236,89.5,100.0,78.7,10,24356.12,0.1,26200,37038992.4,8.69,12,Retail Store,Australia,No,1
1039,Xiaomi,6271,0,1.8,1,27,1,128,0.8,110,8,32,2150,2167,6144,13,8,6,1,0,Exynos,4748,Super AMOLED,60,1,WiFi 6,5.2,Yes,Yes,Yes,Android,15.3,18,95.6,40.3,79.3,1300.65,Flagship,1232.32,10.01,General User,3.97,2527,79.1,86.1,64.3,5,17051.48,5.88,28135,34764098.36,9.46,36,Telecom Partner,Australia,No,1
1040,Google,5286,0,3.2,0,28,1,128,0.2,136,8,73,198,976,12288,11,2,5,1,1,Exynos,6882,OLED,120,1,WiFi 6E,5.2,Yes,Yes,Yes,Android,14.5,80,84.5,62.0,80.1,1840.69,Flagship,1833.53,0.2,General User,4.18,2078,74.5,77.5,39.6,20,24284.02,3.6,24593,36214471.34,2.76,18,Telecom Partner,Singapore,No,2
1041,Oppo,4503,1,1.6,1,22,1,128,0.3,208,4,59,724,603,8192,7,8,8,0,0,Snapdragon,4995,OLED,120,1,WiFi 6,5.2,No,Yes,No,Android,15.1,18,96.4,89.4,81.6,1472.97,Flagship,1274.7,2.32,Business User,4.79,648,89.9,95.6,66.8,15,39144.26,5.69,25821,32328524.61,6.14,24,Retail Store,Australia,No,0
1042,Oppo,3961,0,2.7,0,27,1,256,0.6,227,4,102,293,1585,6144,15,7,6,0,0,Google Tensor,3902,LCD,144,1,WiFi 6,5.1,Yes,Yes,Yes,Android,15.1,25,80.5,81.1,70.4,1706.89,Flagship,2009.0,11.01,General User,4.04,2663,97.6,98.4,74.0,10,68398.13,7.57,35967,55252541.37,4.19,36,Retail Store,India,Yes,0
1043,Xiaomi,4827,1,0.8,0,0,1,64,0.7,117,8,105,573,987,6144,5,1,15,0,0,Apple Bionic,4901,IPS LCD,120,1,WiFi 6E,5.1,No,Yes,Yes,Android,12.0,25,89.6,88.8,55.7,1450.66,Flagship,1292.05,0.1,Business User,5.0,382,83.5,61.1,42.7,0,7623.35,6.87,37508,54411355.28,3.23,18,E-commerce Marketplace,Germany,Yes,1
1044,Vivo,4090,1,2.9,0,2,1,64,1.0,121,8,108,786,1483,4096,16,2,12,0,0,Exynos,4074,AMOLED,90,1,WiFi 6,5.0,No,Yes,Yes,Android,12.9,65,84.6,90.2,83.3,1538.68,Flagship,1795.36,2.78,Student,5.0,2311,100.0,90.2,100.0,5,53892.22,5.75,41693,60944575.98,3.06,18,E-commerce Marketplace,UAE,Yes,0
1045,OnePlus,6153,1,2.4,0,24,1,128,0.5,91,6,99,1234,1318,6144,13,5,7,1,0,Google Tensor,5401,Super AMOLED,144,1,WiFi 6,5.1,No,Yes,Yes,Android,18.7,65,93.6,69.8,97.7,1527.27,Flagship,1676.74,3.7,Student,5.0,1304,100.0,100.0,76.2,20,46293.31,8.41,47591,58147445.26,2.56,36,Retail Store,USA,Yes,1
1046,OnePlus,6498,1,3.4,0,16,1,512,0.2,93,4,28,2155,2022,4096,14,4,18,0,0,Google Tensor,4117,Super AMOLED,144,1,WiFi 6,5.3,Yes,Yes,Yes,Android,17.6,25,85.5,31.4,100.0,1734.84,Flagship,1713.76,3.61,General User,4.31,3101,83.5,94.4,86.4,15,5000.0,5.85,31922,47072628.11,0.5,36,Online Store,Singapore,No,1
1047,Xiaomi,2991,0,2.1,1,32,1,32,0.1,115,8,96,1377,1415,4096,7,10,19,1,0,Apple Bionic,3807,IPS LCD,144,0,WiFi 6,5.4,No,Yes,Yes,Android,12.2,25,88.0,100.0,92.0,1262.17,Flagship,1125.12,6.37,Gamer,4.5,1044,89.7,66.7,69.4,15,76199.83,3.25,30905,33156259.27,2.42,18,Telecom Partner,India,No,0
1048,OnePlus,5676,0,2.5,0,0,1,256,0.2,145,8,5,164,1521,3072,18,1,11,1,1,Snapdragon,3809,AMOLED,90,1,WiFi 6E,5.0,Yes,Yes,Yes,Android,14.0,45,90.7,46.8,82.0,1248.79,Flagship,1352.73,12.43,Professional,4.18,1173,91.6,100.0,64.4,25,13901.03,4.48,20617,19309727.57,2.45,12,E-commerce Marketplace,Australia,No,1
1049,Google,4258,0,3.1,0,8,0,256,0.8,226,8,93,289,1720,3072,13,10,11,1,0,Google Tensor,4065,LCD,144,1,WiFi 6E,5.1,No,Yes,Yes,Android,12.2,18,100.0,93.6,70.0,1458.72,Flagship,1671.28,7.16,General User,5.0,802,92.1,100.0,79.4,0,13987.37,4.75,29032,42349559.04,5.86,18,Retail Store,UK,No,0
1050,Vivo,6449,0,3.5,1,15,1,64,0.3,131,6,52,492,1333,16384,12,0,16,1,1,MediaTek Dimensity,8039,OLED,144,1,WiFi 6,5.2,No,No,Yes,Android,16.9,45,90.7,79.4,60.3,2125.7,Flagship,2231.14,3.07,Professional,5.0,5084,100.0,88.2,80.8,10,29772.89,3.8,22354,42766108.02,5.07,24,E-commerce Marketplace,USA,No,2
1051,Google,5328,0,2.5,1,22,1,256,0.3,239,6,98,1659,1617,4096,11,10,3,1,1,Exynos,3618,LCD,144,0,WiFi 7,5.4,No,Yes,Yes,Android,18.9,65,89.6,100.0,78.5,1656.15,Flagship,1630.23,7.56,Professional,5.0,3413,100.0,100.0,76.5,5,109140.07,1.08,23510,36989282.17,10.72,12,Telecom Partner,UAE,No,1
1052,Xiaomi,5680,1,2.6,1,12,1,128,0.4,140,6,59,1467,1386,6144,19,4,18,1,0,MediaTek Dimensity,4577,IPS LCD,144,1,WiFi 5,5.0,Yes,Yes,No,Android,17.3,25,86.6,60.2,55.9,1574.48,Flagship,1757.98,10.71,General User,4.23,1692,88.0,88.2,90.9,15,245916.97,12.21,55994,74937218.15,4.1,12,Online Store,Germany,Yes,1
1053,OnePlus,3948,0,2.3,0,16,1,64,0.3,103,4,30,1200,690,6144,13,9,14,0,0,Exynos,3724,OLED,144,1,WiFi 6,5.1,Yes,No,Yes,Android,13.2,18,68.5,63.3,91.6,1343.94,Flagship,1337.49,11.19,Student,4.74,1313,93.8,100.0,84.3,15,25952.43,3.03,31180,35618441.82,7.08,18,Online Store,Singapore,No,0
1054,Realme,3182,1,1.9,1,18,1,256,0.3,154,10,17,2147,895,6144,16,3,15,0,1,MediaTek Dimensity,4779,IPS LCD,120,1,WiFi 6,5.0,Yes,Yes,Yes,Android,13.6,25,75.5,28.2,74.7,1374.39,Flagship,1384.85,2.22,General User,3.18,1180,72.2,86.3,56.7,0,18056.4,6.82,22598,31058465.22,6.94,24,Telecom Partner,Germany,No,0
1055,Samsung,5836,0,2.6,1,4,1,128,0.4,96,6,61,388,660,3072,10,9,18,1,1,Google Tensor,3361,IPS LCD,120,1,WiFi 6,5.4,Yes,Yes,Yes,Android,15.6,45,83.7,52.8,66.2,1334.42,Flagship,1103.21,20.79,General User,4.93,1656,92.4,88.7,74.8,15,11859.48,3.85,33482,37977192.87,2.15,18,Retail Store,UAE,No,1
1056,Realme,3741,0,1.1,1,23,1,256,0.4,150,10,39,436,1696,6144,16,2,20,0,1,Apple Bionic,4055,AMOLED,90,1,WiFi 6,5.2,No,Yes,Yes,Android,14.3,65,87.5,60.7,81.2,1678.12,Flagship,1394.0,9.73,Business User,5.0,3840,100.0,100.0,78.8,0,19679.5,8.57,31558,52958110.96,5.25,36,E-commerce Marketplace,UAE,No,0
1057,Realme,3223,0,2.4,0,23,1,256,1.0,147,6,57,1947,2001,4096,7,0,14,0,0,MediaTek Dimensity,3527,OLED,60,1,WiFi 6E,5.0,No,Yes,Yes,Android,16.2,80,82.1,81.0,81.1,1579.42,Flagship,1405.7,14.38,Gamer,5.0,2015,93.7,91.8,75.6,0,67014.02,11.18,43752,69102783.84,6.39,18,E-commerce Marketplace,UK,Yes,0
1058,Xiaomi,6510,0,3.0,0,32,1,64,0.2,235,10,52,159,592,6144,15,2,12,0,0,Apple Bionic,5491,AMOLED,90,1,WiFi 6E,5.0,Yes,Yes,Yes,Android,12.7,25,80.6,72.3,80.5,1277.48,Flagship,1369.52,9.43,Student,4.03,7976,78.8,73.4,45.4,0,156115.71,4.43,24799,31680226.52,5.71,12,Retail Store,USA,No,1
1059,Google,6415,0,0.9,0,7,1,64,0.2,121,8,72,650,1300,8192,15,8,2,1,1,MediaTek Dimensity,4611,AMOLED,90,1,WiFi 6,5.1,Yes,Yes,Yes,Android,12.9,65,98.5,56.8,87.1,1488.34,Flagship,1247.04,3.51,Gamer,4.72,1394,97.1,73.2,65.2,5,43255.07,11.36,42791,60503179.09,3.34,24,E-commerce Marketplace,Singapore,Yes,1
1060,Apple,5943,1,1.9,0,17,1,256,0.8,154,10,21,1802,1929,6144,12,1,16,0,0,Apple Bionic,5119,Super AMOLED,120,1,WiFi 6,5.3,No,Yes,Yes,iOS,18.8,25,82.5,38.9,79.6,1955.27,Flagship,1771.46,16.23,Gamer,3.77,2408,72.5,76.9,63.7,20,113275.4,8.32,49463,77370816.01,6.11,18,E-commerce Marketplace,UK,Yes,1
1061,OnePlus,6557,1,1.4,1,32,1,64,0.2,208,8,97,1963,678,8192,11,1,3,0,0,Exynos,4828,AMOLED,144,1,WiFi 6E,5.1,No,Yes,No,Android,18.7,65,93.9,84.9,100.0,1704.42,Flagship,1808.81,10.54,Gamer,4.85,979,97.2,65.1,69.8,10,47095.37,8.8,38326,58791240.83,5.86,36,Retail Store,UAE,Yes,1
1062,Vivo,5326,0,2.3,0,24,1,256,0.8,183,10,46,1129,2227,6144,15,11,17,0,0,Google Tensor,4988,Super AMOLED,60,1,WiFi 6E,5.2,Yes,Yes,Yes,Android,16.7,80,89.4,65.6,78.8,1703.99,Flagship,1597.15,0.1,Business User,3.93,2781,93.8,91.1,69.6,5,104800.25,3.33,39557,64034495.81,3.18,24,Online Store,USA,Yes,1
1063,Google,3868,0,1.5,1,25,1,64,0.4,173,4,53,1876,1545,16384,19,9,20,1,1,Exynos,6850,LCD,60,1,WiFi 6E,5.3,Yes,Yes,Yes,Android,18.5,45,98.0,54.8,72.1,1965.58,Flagship,1791.51,7.2,General User,4.23,332,80.1,100.0,77.0,15,62520.08,4.25,30923,51664385.79,2.58,18,Telecom Partner,UK,No,2
1064,Samsung,5168,1,2.6,1,10,1,128,0.5,193,4,86,1830,1147,4096,15,6,14,0,0,Snapdragon,3348,IPS LCD,60,1,WiFi 6,5.0,Yes,No,Yes,Android,18.9,45,73.6,86.9,72.2,1240.73,Flagship,1247.38,13.0,Student,4.85,2633,95.5,100.0,91.9,5,100093.54,3.83,46762,55118065.45,3.34,12,Online Store,UAE,Yes,1
1065,Oppo,6029,0,0.9,0,0,1,128,0.7,187,10,63,1633,2206,8192,10,1,9,0,1,Apple Bionic,5174,LCD,60,1,WiFi 6,5.4,Yes,Yes,Yes,Android,18.3,65,76.9,64.2,86.5,1535.4,Flagship,1761.77,5.89,Gamer,5.0,2219,100.0,100.0,83.8,20,25396.28,4.81,28388,34869548.16,5.2,18,Retail Store,UAE,No,1
1066,Oppo,4694,0,1.5,1,9,1,128,0.6,80,6,23,1908,2363,8192,11,4,19,0,1,Snapdragon,3750,IPS LCD,120,1,WiFi 6,5.0,Yes,Yes,Yes,Android,12.3,45,72.3,43.8,62.5,1363.74,Flagship,1164.71,15.52,General User,5.0,1609,100.0,100.0,66.9,15,138201.84,2.49,33724,39092152.6,0.5,18,Retail Store,India,No,0
1067,Google,3532,1,3.0,1,3,1,256,0.9,222,6,71,1968,671,6144,16,4,4,0,0,Exynos,5206,Super AMOLED,120,1,WiFi 6,5.2,Yes,Yes,Yes,Android,14.5,18,82.6,72.5,84.7,1739.52,Flagship,1693.58,4.76,Business User,5.0,494,100.0,100.0,87.9,0,21569.84,5.52,46106,80202309.12,7.86,24,Retail Store,India,Yes,0
1068,Motorola,3024,0,2.2,0,25,1,128,0.7,84,6,44,855,2050,12288,16,1,17,0,1,Snapdragon,7105,OLED,144,0,WiFi 6,5.1,No,Yes,Yes,Android,15.6,25,88.2,41.2,86.2,1469.44,Flagship,1431.7,3.65,Professional,3.53,3454,66.2,78.9,60.2,25,40131.76,7.84,13312,14670888.96,2.13,36,Telecom Partner,India,No,0
1069,Realme,4732,0,1.4,0,19,0,256,0.4,153,4,27,1089,2251,12288,16,9,10,1,1,Exynos,6105,Super AMOLED,144,1,WiFi 6,5.3,No,Yes,Yes,Android,18.1,18,95.6,42.6,69.5,1756.2,Flagship,1926.07,4.06,Student,3.92,1016,78.6,64.7,61.6,20,12400.5,11.94,42585,59830221.6,0.5,24,Telecom Partner,India,Yes,2
1070,Vivo,3986,1,0.9,1,0,1,16,0.5,164,10,58,717,2035,8192,6,6,6,0,1,Snapdragon,5517,AMOLED,60,1,WiFi 5,5.3,No,Yes,Yes,Android,13.6,120,96.2,41.8,81.1,1510.69,Flagship,1605.63,8.05,General User,4.29,1197,83.0,89.5,76.0,20,15111.11,5.15,35944,43440193.09,1.68,12,Retail Store,UAE,Yes,0
1071,Oppo,3083,0,1.5,1,11,1,32,0.2,230,10,17,1217,1246,6144,14,10,3,1,1,MediaTek Dimensity,4893,OLED,144,1,WiFi 5,5.0,Yes,No,Yes,Android,15.5,45,100.0,34.5,80.1,1281.02,Flagship,1228.53,0.1,Gamer,4.19,128,79.7,85.3,78.2,5,46254.55,3.64,25010,30436394.69,2.72,36,E-commerce Marketplace,UK,No,0
1072,Samsung,6413,1,1.6,1,27,1,512,0.8,215,6,33,726,684,3072,18,5,13,0,0,Exynos,2587,LCD,144,1,WiFi 6,5.1,Yes,Yes,No,Android,14.7,80,94.1,47.8,74.4,1869.38,Flagship,2041.96,19.51,Student,3.86,1287,80.1,100.0,54.0,20,5000.0,7.36,23777,35558598.61,1.42,36,E-commerce Marketplace,Australia,No,1
1073,OnePlus,4954,1,1.2,1,12,1,256,0.7,152,10,80,105,2013,4096,7,6,6,0,1,MediaTek Dimensity,3387,OLED,60,0,WiFi 6,5.1,No,Yes,No,Android,12.7,120,85.9,87.9,81.0,1549.39,Flagship,1494.07,6.11,General User,5.0,2248,100.0,78.5,57.4,25,19084.09,4.99,21668,25179136.89,7.05,36,E-commerce Marketplace,Singapore,No,1
1074,Google,4861,0,2.8,1,32,1,64,0.4,172,6,99,421,1166,6144,8,6,8,1,0,Exynos,4764,IPS LCD,120,1,WiFi 6,5.2,Yes,Yes,Yes,Android,17.2,80,87.4,94.6,78.3,1397.43,Flagship,1212.42,6.0,Business User,5.0,930,80.1,100.0,46.3,5,59559.78,8.75,29070,38592125.6,2.35,36,Online Store,Singapore,No,1
1075,OnePlus,2543,1,3.2,0,11,1,512,0.7,106,8,99,1846,1639,8192,15,5,18,1,0,Snapdragon,5940,IPS LCD,120,1,WiFi 6,5.4,No,No,Yes,Android,15.7,45,91.8,81.2,53.2,2122.43,Flagship,1806.25,11.9,Student,4.4,9100,90.5,81.2,75.6,20,67641.19,11.59,56058,95183344.75,6.07,18,E-commerce Marketplace,UK,Yes,2
1076,OnePlus,4664,0,2.8,0,26,1,512,0.6,215,8,39,129,2311,8192,10,5,16,0,1,Apple Bionic,5538,Super AMOLED,60,1,WiFi 6,5.1,No,Yes,Yes,Android,12.5,33,89.4,75.5,93.8,2090.67,Flagship,2363.79,8.74,General User,4.69,707,95.4,81.8,57.3,5,40264.76,4.77,27565,54747852.62,5.72,18,Retail Store,USA,No,2
1077,Motorola,5222,0,3.3,0,3,1,64,0.6,227,8,85,1192,1930,8192,8,10,16,0,1,MediaTek Dimensity,6129,IPS LCD,60,1,WiFi 6,5.3,Yes,No,Yes,Android,13.5,65,90.0,66.8,76.1,1127.75,Premium,1102.56,1.23,General User,4.24,480,85.8,88.7,64.1,5,181159.52,4.06,34804,37287700.45,0.5,36,E-commerce Marketplace,UAE,No,1
1078,Apple,6854,0,1.1,0,14,1,128,0.9,194,6,88,2160,1706,6144,12,8,9,1,1,Google Tensor,4209,LCD,60,1,WiFi 6,5.0,Yes,Yes,Yes,iOS,19.7,18,89.2,97.0,74.8,2121.87,Flagship,2154.32,16.29,Student,4.37,598,82.4,91.5,60.6,20,25023.05,11.6,32313,54851188.25,9.54,12,E-commerce Marketplace,Australia,No,1
1079,Motorola,3377,1,2.0,0,6,1,256,0.8,109,8,15,1761,821,6144,19,2,7,0,0,Exynos,4468,IPS LCD,60,0,WiFi 6E,5.0,No,Yes,Yes,Android,17.4,65,92.8,86.8,73.9,1346.41,Flagship,1251.72,8.79,Gamer,4.48,5940,92.1,100.0,84.4,5,52570.13,9.26,37492,47955623.53,5.65,36,E-commerce Marketplace,UAE,Yes,0
1080,OnePlus,3779,0,2.0,0,20,1,16,0.9,161,6,78,734,945,4096,8,9,3,1,0,Exynos,3951,AMOLED,90,1,WiFi 6,5.4,Yes,No,No,Android,13.9,45,80.6,92.4,68.5,1231.82,Flagship,1042.56,2.56,Gamer,5.0,1213,100.0,95.8,76.2,0,72388.4,5.54,33688,41497552.16,6.44,12,Telecom Partner,UK,No,0
1081,Realme,3202,1,3.1,0,22,1,64,0.4,140,4,97,588,1163,4096,12,10,15,1,1,Snapdragon,3268,OLED,120,1,WiFi 6E,5.3,Yes,Yes,Yes,Android,18.3,120,95.4,82.7,70.9,1334.82,Flagship,1400.84,13.08,Gamer,4.56,152,100.0,100.0,83.6,15,51501.17,3.46,27744,31478259.17,4.94,12,Telecom Partner,Singapore,No,0
1082,Motorola,5925,0,2.3,0,28,1,128,0.6,108,8,94,682,1266,6144,9,3,6,0,1,Apple Bionic,4892,LCD,120,1,WiFi 6,5.2,No,No,No,Android,14.4,80,81.5,100.0,63.2,1440.4,Flagship,1206.41,13.42,Gamer,4.56,3464,100.0,90.4,97.2,15,80305.79,3.2,39629,48519369.86,7.62,12,Telecom Partner,Singapore,Yes,1
1083,Samsung,3080,1,2.7,0,6,1,32,0.3,139,8,30,921,2314,6144,13,9,10,0,1,Exynos,5010,IPS LCD,120,1,WiFi 6,5.1,Yes,Yes,Yes,Android,15.7,65,97.8,54.9,89.0,1407.92,Flagship,1314.7,12.57,General User,4.21,1589,92.4,87.5,52.9,10,96348.56,8.3,42044,53275129.63,1.02,24,E-commerce Marketplace,USA,Yes,0
1084,Xiaomi,4753,1,1.2,0,18,1,128,0.3,157,10,38,2157,1462,6144,19,9,16,1,1,Snapdragon,4643,AMOLED,144,1,WiFi 6,5.3,No,No,Yes,Android,17.9,80,100.0,79.5,95.7,1760.63,Flagship,1867.24,7.22,General User,5.0,2447,100.0,97.9,43.2,0,10662.78,8.29,32785,57722254.55,3.94,12,Online Store,USA,No,1
1085,Realme,2963,0,1.9,1,5,1,64,0.8,220,8,105,482,531,4096,10,9,19,0,1,Snapdragon,3700,OLED,90,0,WiFi 6E,5.0,Yes,No,Yes,Android,15.1,80,95.1,86.3,80.1,1123.43,Premium,988.98,2.85,General User,4.51,1271,94.1,86.6,56.6,10,82269.61,10.29,35660,36055362.42,4.38,36,Telecom Partner,UAE,Yes,0
1086,Google,5464,1,1.5,1,28,1,64,0.1,235,10,93,2080,1908,12288,7,3,10,0,0,Exynos,6858,IPS LCD,90,1,WiFi 6,5.1,No,No,No,Android,13.0,120,94.8,80.5,67.3,1770.39,Flagship,1624.13,7.58,General User,5.0,446,100.0,86.1,79.9,0,14563.98,3.16,19849,35140471.11,2.11,36,E-commerce Marketplace,UAE,No,2
1087,OnePlus,6761,0,1.5,1,24,1,256,0.5,206,6,10,1611,1753,6144,9,0,10,1,1,Exynos,3862,OLED,120,1,WiFi 6E,5.2,Yes,Yes,Yes,Android,17.6,45,92.9,39.1,73.3,1502.26,Flagship,1645.96,5.01,General User,4.4,1528,91.4,87.6,75.5,15,13760.02,1.84,24379,31130057.06,0.68,24,Telecom Partner,Singapore,No,1
1088,Motorola,4987,0,2.1,0,30,1,256,0.4,87,10,11,1212,556,6144,11,4,11,0,1,Apple Bionic,4990,AMOLED,120,0,WiFi 6,5.4,No,Yes,Yes,Android,18.0,25,99.6,28.8,93.5,1421.81,Flagship,1339.5,10.03,Gamer,4.39,1457,91.7,100.0,78.6,25,44275.53,3.64,30605,32635871.29,0.92,24,Online Store,India,No,1
1089,OnePlus,3409,0,3.5,1,2,1,64,0.2,226,8,66,1984,999,8192,5,1,7,1,1,Google Tensor,6380,IPS LCD,60,1,WiFi 6,5.0,No,No,No,Android,16.4,25,81.7,78.2,89.6,1309.8,Flagship,1280.41,9.39,Student,4.64,12241,95.6,66.9,77.2,15,63998.16,10.25,62557,69646584.81,0.5,36,Online Store,Germany,Yes,0
1090,Google,5072,0,1.3,0,9,1,512,0.5,237,4,50,1811,2065,12288,7,1,19,0,0,MediaTek Dimensity,5420,Super AMOLED,144,0,WiFi 7,5.2,Yes,Yes,Yes,Android,18.6,80,80.3,84.8,71.6,2311.26,Flagship,2371.39,1.57,Business User,4.46,317,86.3,89.7,72.7,10,70224.91,1.39,26201,54501590.93,1.61,12,Telecom Partner,UAE,No,2
1091,Samsung,5648,0,1.6,0,14,1,16,0.5,104,6,107,1377,699,4096,17,10,19,0,0,Exynos,3873,Super AMOLED,120,1,WiFi 5,5.1,No,No,Yes,Android,15.1,45,90.3,94.4,51.8,978.53,Premium,907.32,15.79,Gamer,5.0,1249,99.2,75.3,74.7,5,19842.12,7.46,41133,38237380.77,3.14,36,Online Store,Australia,Yes,1
1092,OnePlus,6630,0,1.8,1,15,1,512,0.2,100,10,100,2005,2304,6144,19,5,8,1,0,Snapdragon,4579,IPS LCD,60,0,WiFi 5,5.3,Yes,Yes,Yes,Android,12.5,45,89.2,92.9,79.8,1918.87,Flagship,2064.71,6.73,Student,4.54,314,92.4,89.0,74.1,0,41398.42,3.83,52545,100827024.2,3.27,12,Telecom Partner,Germany,Yes,1
1093,Samsung,3323,0,2.5,1,19,1,128,0.9,151,10,92,137,1673,4096,19,9,19,0,0,Snapdragon,4378,IPS LCD,60,1,WiFi 6,5.0,No,Yes,No,Android,14.8,120,96.4,84.3,88.1,1455.13,Flagship,1605.8,10.73,General User,4.26,583,85.8,91.1,75.9,15,188735.87,9.29,49134,60771903.81,6.35,24,Telecom Partner,Singapore,Yes,0
1094,Apple,6396,0,3.1,0,20,1,512,0.5,99,6,69,923,1035,6144,15,2,15,0,1,Exynos,5389,Super AMOLED,90,0,WiFi 6E,5.4,No,Yes,Yes,iOS,16.9,18,84.8,94.1,85.0,2480.6,Flagship,2078.1,10.16,Professional,4.41,378,94.5,93.3,63.0,25,319189.72,5.71,50567,94077375.15,6.68,36,E-commerce Marketplace,Singapore,Yes,2
1095,Google,5021,1,0.9,0,1,1,128,0.4,160,10,42,243,1165,6144,19,9,8,0,0,Exynos,3797,LCD,144,1,WiFi 6,5.0,Yes,No,Yes,Android,16.3,80,80.5,50.0,66.3,1525.1,Flagship,1769.84,1.66,Gamer,4.51,474,88.9,100.0,87.4,20,62736.34,0.91,27015,32960461.2,4.98,36,Online Store,USA,No,1
1096,Vivo,3092,0,3.1,1,10,1,32,0.7,118,6,17,996,1761,12288,18,4,7,1,0,MediaTek Dimensity,6111,LCD,60,0,WiFi 6E,5.1,Yes,Yes,No,Android,12.3,25,91.9,42.6,75.3,1430.87,Flagship,1246.1,4.6,Student,4.4,500,98.1,91.8,90.8,25,83686.27,5.49,53442,57351415.9,0.5,18,Telecom Partner,UK,Yes,0
1097,Oppo,6156,1,3.1,0,15,1,256,0.7,99,6,26,411,1871,3072,13,10,2,1,0,Snapdragon,3275,AMOLED,90,1,WiFi 5,5.4,Yes,Yes,Yes,Android,13.9,65,88.3,49.4,82.0,1127.04,Premium,1159.27,6.95,Business User,4.66,2896,96.3,100.0,75.8,25,85258.53,12.51,58194,49190224.32,0.5,18,E-commerce Marketplace,UK,Yes,1
1098,Samsung,5661,1,3.3,1,11,1,256,0.2,137,8,50,2161,1520,8192,14,8,13,1,1,MediaTek Dimensity,5970,AMOLED,144,0,WiFi 5,5.4,Yes,No,Yes,Android,16.8,25,79.2,50.4,90.3,1617.5,Flagship,1776.36,13.83,Gamer,5.0,1100,91.4,91.3,87.8,0,8545.88,7.76,43171,69829092.5,6.35,12,E-commerce Marketplace,UK,Yes,1
1099,Samsung,4994,0,1.6,1,9,1,128,0.3,101,4,67,1402,1974,6144,5,8,3,1,1,Snapdragon,3513,OLED,90,0,WiFi 5,5.2,No,No,Yes,Android,18.7,80,87.3,73.7,65.5,1395.6,Flagship,1325.82,15.25,Student,4.16,3380,80.2,66.4,59.9,15,59807.96,3.58,30858,36605611.08,7.52,12,E-commerce Marketplace,USA,No,1
1100,OnePlus,5888,0,3.5,0,9,1,32,0.2,102,8,8,193,1532,6144,14,5,19,0,1,Exynos,5755,AMOLED,60,1,WiFi 6E,5.1,Yes,Yes,Yes,Android,17.4,65,84.3,22.3,63.8,1144.19,Premium,976.42,11.9,Business User,4.25,30159,86.2,85.0,74.8,10,168585.33,9.86,44784,46117264.46,0.5,24,Telecom Partner,UAE,Yes,1
1101,Apple,3434,0,1.2,1,7,1,64,0.5,146,8,93,1428,2313,12288,19,5,16,0,1,MediaTek Dimensity,5409,IPS LCD,90,1,WiFi 6,5.3,No,Yes,Yes,iOS,16.5,80,87.0,82.7,61.9,1992.98,Flagship,2137.98,22.07,Gamer,4.43,6711,87.2,77.9,86.7,10,111953.78,6.52,37623,67483697.89,5.06,12,E-commerce Marketplace,UK,Yes,2
1102,OnePlus,2701,0,2.8,1,14,1,128,0.7,224,8,5,532,1307,6144,19,7,12,0,0,MediaTek Dimensity,4478,IPS LCD,120,1,WiFi 7,5.0,Yes,Yes,Yes,Android,14.6,18,80.7,21.7,71.2,1105.1,Premium,987.55,12.04,Student,4.67,2193,100.0,100.0,79.2,15,61218.38,1.74,37949,35646823.92,3.76,12,Online Store,UAE,Yes,0
1103,Vivo,3999,0,2.6,0,20,1,128,0.4,151,8,108,472,1858,3072,12,9,15,0,1,Google Tensor,4597,AMOLED,60,1,WiFi 6E,5.3,Yes,Yes,Yes,Android,18.7,33,74.7,100.0,67.5,1308.06,Flagship,1111.25,4.67,Professional,4.38,724,88.9,72.0,68.9,5,8339.29,10.94,44246,54982601.62,6.67,18,E-commerce Marketplace,Australia,Yes,0
1104,Google,6393,1,1.7,1,30,1,128,0.2,85,4,28,526,1349,6144,13,5,4,1,0,Exynos,3709,OLED,90,0,WiFi 5,5.2,Yes,No,Yes,Android,13.0,25,88.5,35.2,90.4,1264.65,Flagship,1303.92,1.84,Business User,4.36,710,86.9,72.4,75.2,5,54898.97,6.22,40996,49253311.83,0.5,36,Retail Store,Australia,Yes,1
1105,Samsung,3600,0,1.2,1,4,1,128,0.3,133,10,21,347,2022,8192,5,2,9,1,0,MediaTek Dimensity,4939,IPS LCD,60,1,WiFi 6E,5.3,Yes,Yes,Yes,Android,15.2,45,85.5,49.4,69.6,1351.05,Flagship,1133.36,19.25,Professional,4.07,317,87.1,100.0,46.7,25,58122.34,5.06,24591,24917752.91,3.79,36,Telecom Partner,Australia,No,0
1106,Realme,5690,0,1.9,0,8,1,512,0.3,161,10,56,415,1497,2048,10,9,11,1,0,Snapdragon,3193,OLED,120,1,WiFi 5,5.4,No,Yes,Yes,Android,14.9,18,80.1,58.1,68.0,1808.02,Flagship,1976.68,6.87,Student,4.55,1825,95.8,96.0,59.3,10,38020.89,0.1,37331,60745675.16,1.99,36,E-commerce Marketplace,India,Yes,1
1107,Xiaomi,2680,1,2.7,1,22,1,128,0.9,177,8,72,1319,1719,12288,8,4,16,0,1,MediaTek Dimensity,7499,LCD,120,1,WiFi 6,5.4,No,Yes,Yes,Android,12.9,45,100.0,91.6,72.0,1902.78,Flagship,2097.99,6.04,Professional,4.24,284,86.5,100.0,72.3,15,21374.88,5.12,28614,46279224.88,5.44,24,Retail Store,UAE,No,2
1108,Realme,2873,1,2.5,0,11,0,128,0.8,233,6,27,185,564,8192,16,3,16,0,1,Snapdragon,5342,AMOLED,60,1,WiFi 6E,5.1,No,Yes,Yes,Android,13.2,120,93.1,46.4,81.1,1555.63,Flagship,1749.65,3.4,General User,4.56,6629,88.5,100.0,78.3,0,108397.86,8.42,40629,63203691.27,8.35,24,Telecom Partner,Germany,Yes,0
1109,Xiaomi,3453,1,2.8,0,8,1,256,0.9,82,8,86,104,856,6144,8,2,14,1,0,Exynos,5062,LCD,90,1,WiFi 5,5.1,Yes,Yes,Yes,Android,15.7,120,87.2,69.7,66.6,1518.43,Flagship,1327.78,11.9,Business User,4.93,502,100.0,94.3,57.4,0,72551.02,6.57,38154,57934178.22,4.44,18,Online Store,USA,Yes,0
1110,Realme,6826,1,2.7,1,26,1,256,1.0,234,8,10,472,1291,12288,13,2,3,0,0,Snapdragon,7008,Super AMOLED,60,0,WiFi 7,5.2,Yes,Yes,Yes,Android,13.0,80,86.1,45.0,68.9,1603.5,Flagship,1454.52,7.97,Business User,3.87,4502,83.3,86.4,55.6,10,80906.68,2.55,20587,29710129.05,1.9,12,Online Store,USA,No,2
1111,Motorola,5792,0,0.9,1,14,1,256,1.0,202,10,107,2178,644,16384,14,10,18,1,0,Apple Bionic,7650,LCD,60,1,WiFi 6E,5.1,Yes,Yes,Yes,Android,15.8,80,81.4,96.0,63.4,2336.86,Flagship,2194.12,6.53,Gamer,4.95,2616,91.4,71.9,77.8,15,56595.63,5.09,26669,52973461.44,0.87,24,Online Store,UAE,No,2
1112,Apple,2817,0,1.8,1,0,1,128,0.6,198,6,21,1515,1656,8192,10,11,2,1,1,Snapdragon,5241,OLED,60,1,WiFi 6,5.1,No,No,Yes,iOS,17.1,33,95.4,42.3,78.5,1812.95,Flagship,1707.99,11.95,Student,4.95,2954,100.0,91.6,70.2,5,28704.7,8.07,33133,57065048.73,4.52,24,Telecom Partner,India,No,0
1113,Xiaomi,5917,0,1.3,1,29,1,256,0.5,170,6,38,752,1036,4096,19,9,18,0,1,Snapdragon,2858,LCD,120,1,WiFi 6,5.3,Yes,Yes,Yes,Android,17.1,45,92.0,51.3,90.0,1268.72,Flagship,1125.94,7.61,General User,5.0,2109,100.0,100.0,68.2,25,148785.7,2.28,39103,37208068.62,6.27,24,Online Store,UK,Yes,1
1114,Apple,5454,1,3.1,1,5,1,64,0.4,137,6,93,1947,2363,3072,13,10,14,0,1,Google Tensor,3363,OLED,120,1,WiFi 5,5.0,Yes,Yes,Yes,iOS,16.8,80,95.0,74.1,83.0,1816.25,Flagship,1846.74,13.78,Student,4.65,5591,87.9,83.6,76.9,20,7370.69,3.99,20344,29559832.0,7.8,18,Retail Store,India,No,1
1115,Motorola,2806,0,1.6,0,31,1,256,0.3,93,4,44,1110,2026,8192,8,3,17,0,0,Exynos,4724,AMOLED,120,1,WiFi 6E,5.4,No,Yes,Yes,Android,12.6,65,84.2,69.5,94.2,1798.34,Flagship,2063.61,4.7,Professional,5.0,429,94.4,84.0,65.4,15,15639.44,8.38,34362,52525375.22,0.5,18,Telecom Partner,Singapore,No,0
1116,Samsung,5417,0,1.9,0,8,0,512,0.9,113,6,100,789,2346,3072,19,2,11,1,0,Exynos,3578,Super AMOLED,120,1,WiFi 6,5.0,Yes,Yes,Yes,Android,12.8,120,84.8,87.3,70.4,1846.91,Flagship,1576.78,10.57,Business User,4.98,1180,100.0,94.0,77.2,10,19743.3,6.61,39358,65421615.4,0.5,24,E-commerce Marketplace,India,Yes,1
1117,Oppo,4610,1,0.9,1,18,1,256,0.4,229,6,62,498,1931,8192,10,10,3,0,0,Google Tensor,4161,Super AMOLED,144,0,WiFi 5,5.2,No,Yes,Yes,Android,16.2,65,92.7,100.0,82.7,1726.69,Flagship,1956.02,7.66,Professional,5.0,10503,100.0,100.0,86.0,0,21078.26,5.69,35374,61079932.06,2.56,18,Telecom Partner,UAE,Yes,2
1118,Apple,4763,0,2.8,0,7,1,128,0.2,90,10,33,604,1671,8192,12,5,5,0,1,Google Tensor,6110,LCD,60,1,WiFi 6,5.1,Yes,No,Yes,iOS,19.9,65,85.0,62.6,85.8,2027.25,Flagship,2174.96,13.68,Professional,4.8,3068,100.0,100.0,61.1,10,90609.85,3.85,31318,57140473.95,0.5,18,Retail Store,Singapore,No,2
1119,Samsung,2876,1,2.7,1,21,1,128,0.6,96,8,73,786,1716,3072,15,2,15,0,1,Snapdragon,4451,IPS LCD,90,0,WiFi 6,5.2,No,Yes,Yes,Android,15.3,65,87.1,95.5,58.6,1160.26,Premium,1064.16,15.06,Professional,4.67,1729,85.7,80.5,70.3,5,22224.04,1.58,21396,23583676.81,8.57,24,Online Store,Singapore,No,0
1120,Google,4961,1,1.2,0,20,1,256,0.3,129,10,76,1517,1044,6144,7,5,4,0,1,Google Tensor,3756,Super AMOLED,60,1,WiFi 6E,5.2,No,Yes,Yes,Android,13.1,45,75.8,68.0,74.4,1609.69,Flagship,1518.1,7.84,Business User,4.98,1926,100.0,100.0,67.3,15,30875.89,7.68,30085,41163395.1,6.65,24,Telecom Partner,Germany,No,1
1121,Google,3162,0,2.7,1,15,1,32,0.8,158,10,51,1242,1947,6144,18,10,3,1,0,Google Tensor,5453,IPS LCD,144,1,WiFi 6,5.2,Yes,Yes,Yes,Android,16.2,18,96.4,69.0,70.3,1477.51,Flagship,1682.79,8.05,Professional,3.91,1503,86.8,86.5,68.7,15,14824.47,3.41,28006,35172273.3,5.87,36,E-commerce Marketplace,Germany,No,0
1122,Motorola,3702,1,1.3,1,30,1,128,1.0,98,6,69,1852,2000,4096,12,9,10,1,1,Google Tensor,3038,IPS LCD,120,1,WiFi 6E,5.0,Yes,Yes,Yes,Android,17.5,80,91.9,87.0,71.0,1281.39,Flagship,1076.1,8.41,Gamer,5.0,1688,100.0,87.1,81.7,5,51514.25,3.94,24182,29437244.33,4.11,24,Online Store,Singapore,No,0
1123,Samsung,5825,0,2.0,0,28,1,128,0.3,134,6,21,2068,2255,4096,14,1,16,0,1,Exynos,3697,AMOLED,120,1,WiFi 6,5.2,No,Yes,Yes,Android,14.4,18,87.4,41.4,82.4,1272.27,Flagship,1402.74,15.52,Business User,4.17,158,88.8,98.5,98.9,0,32065.85,4.68,40252,51211412.04,5.66,18,Online Store,Germany,Yes,1
1124,OnePlus,4573,0,1.6,0,26,1,32,0.6,146,4,20,241,1235,8192,7,9,10,0,0,Exynos,4674,Super AMOLED,144,1,WiFi 7,5.1,Yes,Yes,Yes,Android,19.0,45,81.1,50.0,95.9,1333.69,Flagship,1253.89,9.17,Student,3.7,1458,79.3,100.0,71.3,10,29601.75,2.54,17303,20769154.26,3.15,18,Telecom Partner,Germany,No,0
1125,Xiaomi,5332,1,2.4,0,5,1,64,0.2,185,8,67,2115,1081,4096,8,3,13,1,0,Exynos,4445,LCD,60,1,WiFi 6,5.2,Yes,Yes,No,Android,17.6,65,88.2,83.5,75.6,1121.81,Premium,1275.63,9.47,Student,4.58,3400,92.8,96.5,100.0,15,44071.11,4.98,38262,36484290.09,4.66,18,Retail Store,UAE,Yes,1
1126,OnePlus,4634,0,2.4,1,14,1,128,0.3,203,6,41,720,1423,16384,12,4,20,1,1,Google Tensor,7656,Super AMOLED,60,0,WiFi 5,5.3,No,Yes,Yes,Android,15.8,45,90.2,31.6,97.3,1915.06,Flagship,1973.37,8.05,Business User,4.43,1789,86.2,94.6,62.5,0,18964.02,1.87,28264,54127255.84,3.36,12,E-commerce Marketplace,USA,No,2
1127,Realme,6850,0,3.3,1,2,1,128,0.2,100,8,95,1754,917,8192,13,2,2,1,1,Google Tensor,5246,LCD,120,1,WiFi 6,5.0,Yes,Yes,Yes,Android,17.2,18,95.6,77.8,77.3,1396.94,Flagship,1475.84,0.1,Gamer,4.98,232,94.1,76.6,52.2,10,31103.21,7.17,58265,73253438.19,6.18,18,E-commerce Marketplace,Singapore,Yes,1
1128,Samsung,5988,0,2.8,0,31,1,128,0.4,203,8,87,2177,688,4096,15,7,4,0,1,Exynos,4136,OLED,120,1,WiFi 6,5.2,No,No,Yes,Android,18.0,120,78.6,69.3,80.3,1509.76,Flagship,1530.26,17.17,Business User,4.73,3928,93.7,91.1,83.7,10,11464.04,4.14,22404,30442196.74,5.12,18,E-commerce Marketplace,USA,No,1
1129,Xiaomi,5426,0,0.9,1,32,1,64,0.1,110,4,85,1623,1824,3072,13,2,4,0,0,Exynos,2042,AMOLED,60,1,WiFi 6,5.3,No,Yes,Yes,Android,16.1,33,93.4,97.0,75.3,1037.23,Premium,1110.47,1.12,General User,5.0,423,96.1,98.2,100.0,5,49831.24,2.23,30669,30220266.53,2.3,12,Telecom Partner,Germany,No,1
1130,Vivo,6593,1,2.2,0,1,1,256,0.8,239,4,27,940,1549,4096,19,9,2,1,1,Apple Bionic,3042,AMOLED,120,1,WiFi 6,5.4,Yes,No,Yes,Android,18.9,120,92.5,62.4,71.1,1509.72,Flagship,1531.63,11.53,General User,4.61,1464,98.5,94.7,97.4,5,30406.32,0.1,27002,38727186.47,3.53,12,Telecom Partner,India,No,1
1131,Xiaomi,3105,0,2.0,0,31,1,32,0.2,226,8,18,1622,2015,3072,12,4,16,1,0,Snapdragon,2371,IPS LCD,90,1,WiFi 6E,5.3,No,Yes,Yes,Android,16.8,45,83.1,53.1,74.1,907.66,Premium,921.18,0.1,Professional,3.48,3746,60.8,91.9,53.9,0,22813.06,7.1,34442,31261625.72,8.19,18,E-commerce Marketplace,USA,No,0
1132,Apple,5667,1,2.0,0,31,1,256,0.1,144,8,52,827,961,6144,10,1,11,1,0,Apple Bionic,4334,IPS LCD,144,0,WiFi 6E,5.4,No,No,Yes,iOS,18.5,18,86.0,100.0,96.9,2253.95,Flagship,2300.41,14.1,Business User,4.77,855,92.3,89.9,53.6,0,48001.91,4.48,24061,54232290.95,3.86,36,E-commerce Marketplace,Germany,No,2
1133,Vivo,4606,1,1.3,1,15,1,64,0.2,101,10,34,1527,1260,6144,11,9,12,0,0,Apple Bionic,4709,Super AMOLED,144,1,WiFi 6E,5.1,Yes,Yes,No,Android,14.8,120,87.6,52.9,84.6,1472.58,Flagship,1544.74,3.31,Student,4.21,582,88.7,100.0,71.7,10,14622.06,0.62,17654,23397234.59,6.38,36,Retail Store,UAE,No,0
1134,Motorola,6807,1,2.7,1,24,1,128,0.9,96,10,38,811,1418,4096,5,1,10,0,1,Exynos,4424,AMOLED,144,1,WiFi 6,5.2,Yes,No,Yes,Android,18.3,80,80.9,53.6,97.0,1467.15,Flagship,1583.04,11.63,Gamer,4.89,1194,99.1,100.0,63.8,0,61392.94,7.41,41614,61053980.1,6.44,24,Telecom Partner,Germany,Yes,1
1135,Xiaomi,3816,0,2.2,0,3,1,32,1.0,118,10,9,627,2035,6144,18,9,20,0,0,Google Tensor,5884,AMOLED,90,1,WiFi 6E,5.3,Yes,Yes,Yes,Android,13.1,33,89.6,48.2,78.3,1198.63,Premium,1110.36,3.03,Professional,4.56,505,92.3,62.9,47.9,10,63810.57,10.84,46227,49868162.11,6.6,24,Retail Store,Australia,Yes,0
1136,Apple,5909,1,3.3,1,32,1,128,0.3,207,6,94,1986,1775,3072,15,6,11,1,0,Google Tensor,3194,OLED,60,1,WiFi 6,5.3,No,Yes,Yes,iOS,17.9,120,97.4,87.5,68.8,1931.43,Flagship,1928.94,17.63,Professional,4.57,865,100.0,83.9,74.0,15,44119.18,10.98,51088,83871961.46,0.99,36,Online Store,USA,Yes,1
1137,Xiaomi,3422,1,2.3,0,28,1,32,0.4,88,10,78,1054,1797,8192,18,6,13,0,1,Apple Bionic,5996,LCD,120,1,WiFi 6,5.1,No,No,Yes,Android,16.7,80,98.2,62.9,86.3,1488.96,Flagship,1717.82,8.57,Gamer,4.23,2326,84.5,67.4,45.6,15,26915.52,8.97,28456,36014368.9,2.9,18,Telecom Partner,Singapore,No,0
1138,Xiaomi,3319,1,2.9,0,12,1,64,0.6,233,8,48,1863,2261,8192,8,3,3,1,1,Snapdragon,5779,IPS LCD,120,1,WiFi 6E,5.3,Yes,Yes,Yes,Android,18.1,65,84.8,42.8,81.3,1480.65,Flagship,1658.17,7.08,Student,4.56,1128,99.9,100.0,97.8,20,199055.65,7.32,48600,57567672.0,0.86,12,Telecom Partner,USA,Yes,0
1139,Vivo,2916,0,1.3,0,27,1,64,0.8,187,8,14,903,1348,8192,8,2,8,0,1,Apple Bionic,4641,IPS LCD,120,1,WiFi 6,5.3,No,Yes,Yes,Android,13.7,45,100.0,36.0,63.5,1531.6,Flagship,1438.4,4.43,Gamer,4.3,3233,87.4,73.1,84.2,10,25581.42,7.58,39963,55086597.72,5.1,18,E-commerce Marketplace,India,Yes,0
1140,Motorola,2592,0,3.5,1,6,1,256,1.0,210,6,76,1606,922,8192,16,10,7,0,0,Apple Bionic,5120,Super AMOLED,120,1,WiFi 7,5.1,Yes,Yes,Yes,Android,13.4,18,89.1,80.1,74.0,1807.34,Flagship,2046.74,7.2,Gamer,5.0,2194,93.0,86.0,63.3,0,13684.81,3.73,33072,59772348.48,7.52,18,Telecom Partner,India,No,0
1141,Apple,6185,1,1.0,0,26,0,128,0.6,215,10,22,326,781,4096,16,5,10,0,1,Apple Bionic,3924,OLED,120,1,WiFi 6,5.4,No,Yes,No,iOS,17.8,25,76.6,33.4,90.4,1679.39,Flagship,1470.57,14.74,Professional,3.7,370,72.6,79.0,52.6,5,13427.17,5.92,21430,34189861.32,5.42,18,Online Store,Singapore,No,1
1142,Vivo,5319,0,1.1,1,19,1,64,0.2,89,10,59,1281,1961,6144,12,4,7,1,1,Exynos,5111,LCD,90,1,WiFi 6E,5.1,Yes,No,Yes,Android,17.4,80,100.0,56.3,83.4,1312.26,Flagship,1262.27,4.45,Professional,5.0,215,100.0,96.4,87.0,15,76137.51,10.28,46309,51654031.09,7.41,24,Retail Store,Australia,Yes,1
1143,Xiaomi,4542,1,1.6,1,8,1,256,1.0,139,10,19,2162,619,8192,15,3,19,1,1,Snapdragon,5560,AMOLED,120,0,WiFi 6,5.1,Yes,Yes,Yes,Android,14.5,18,87.2,53.0,94.4,1644.5,Flagship,1471.93,2.63,Student,4.54,810,80.0,73.7,28.9,15,126180.26,9.54,32134,44917708.55,7.4,18,Retail Store,USA,No,0
1144,Samsung,4146,0,1.5,1,24,1,256,0.4,119,10,19,1666,2312,8192,13,1,10,1,0,MediaTek Dimensity,4563,OLED,90,1,WiFi 6,5.1,Yes,No,Yes,Android,16.4,45,83.7,36.4,67.7,1543.27,Flagship,1502.5,13.57,Professional,3.18,3506,64.5,60.2,60.7,15,83527.51,6.93,35575,46666555.71,4.57,12,Telecom Partner,Germany,Yes,0
1145,Realme,3369,1,2.9,0,3,1,32,0.2,110,8,18,1338,1533,4096,8,3,3,0,0,Apple Bionic,4487,OLED,90,1,WiFi 6,5.2,No,Yes,Yes,Android,16.8,80,86.9,28.8,67.1,1154.13,Premium,1098.3,5.35,Business User,3.88,2142,84.4,100.0,77.8,5,58777.65,10.92,37479,41092856.36,11.77,18,Telecom Partner,Germany,Yes,0
1146,Realme,3985,1,2.0,0,8,1,32,0.2,111,6,31,496,1504,3072,18,11,11,1,0,Apple Bionic,3314,AMOLED,60,0,WiFi 6,5.1,Yes,Yes,Yes,Android,16.3,18,88.6,59.6,72.2,1006.49,Premium,997.57,14.36,Business User,4.31,17202,89.5,100.0,57.8,5,31614.47,0.1,16821,16083659.88,10.09,36,Telecom Partner,UAE,No,0
1147,Samsung,4447,1,3.0,0,18,1,512,0.5,199,8,67,1001,1404,6144,15,1,19,0,0,MediaTek Dimensity,5468,IPS LCD,144,1,WiFi 6,5.4,Yes,Yes,Yes,Android,17.4,25,85.3,60.4,75.3,2027.31,Flagship,1815.85,16.5,Gamer,4.15,958,82.6,90.3,76.7,15,35332.39,5.54,25410,43786855.04,3.57,36,Retail Store,Germany,No,2
1148,Realme,6049,0,1.9,0,13,1,16,0.2,83,6,49,1566,2326,8192,5,4,4,0,0,Apple Bionic,4200,IPS LCD,144,1,WiFi 5,5.3,No,Yes,Yes,Android,15.4,33,74.6,52.9,69.5,1527.02,Flagship,1547.93,9.88,Professional,4.55,3756,91.4,95.3,68.5,15,116239.32,11.61,37775,49030703.42,5.85,36,Retail Store,UAE,Yes,1
1149,Realme,2590,0,1.5,1,26,1,32,0.1,95,10,32,1826,2361,2048,6,3,2,0,1,Apple Bionic,3123,OLED,120,0,WiFi 6,5.4,Yes,No,Yes,Android,15.0,80,89.0,72.0,87.3,1032.97,Premium,1054.1,11.21,General User,4.79,528,99.8,99.7,57.5,0,74597.21,4.37,29813,30795934.61,6.08,36,Telecom Partner,UK,No,0
1150,Realme,5512,0,2.8,0,13,1,128,0.7,175,4,13,689,1829,8192,17,7,6,1,0,MediaTek Dimensity,5290,Super AMOLED,120,1,WiFi 6,5.2,Yes,No,Yes,Android,16.0,18,82.9,39.8,92.6,1521.0,Flagship,1465.14,10.68,Gamer,3.7,1249,74.2,100.0,61.0,5,25424.97,6.62,18499,26730130.05,3.73,12,Telecom Partner,Germany,No,1
1151,Xiaomi,2966,0,2.8,0,13,1,128,0.6,181,10,37,337,1083,8192,17,1,13,1,0,Exynos,5980,AMOLED,144,1,WiFi 6,5.3,Yes,Yes,Yes,Android,18.0,25,91.1,32.3,91.4,1422.4,Flagship,1507.11,0.5,Business User,4.67,1293,100.0,88.2,100.0,0,59840.69,4.33,39684,56446521.6,4.93,12,E-commerce Marketplace,Germany,Yes,0
1152,Motorola,4660,0,2.5,0,13,1,128,0.2,154,6,95,1232,2302,6144,9,8,13,1,1,Exynos,3838,LCD,90,1,WiFi 6,5.3,Yes,Yes,No,Android,17.3,33,85.4,79.9,71.3,1439.97,Flagship,1695.44,13.96,Professional,4.47,4571,95.0,92.5,63.8,10,110481.61,4.35,33567,43501925.69,4.81,24,Telecom Partner,UK,No,0
1153,Xiaomi,4504,1,2.3,1,19,1,128,0.3,117,6,82,1432,624,6144,16,2,2,1,1,MediaTek Dimensity,4593,LCD,60,1,WiFi 6E,5.0,Yes,No,Yes,Android,13.6,80,81.4,67.5,76.0,1344.63,Flagship,1113.66,1.64,Professional,4.61,763,91.8,85.7,95.2,10,29329.27,3.99,40093,48519225.53,6.7,12,E-commerce Marketplace,Singapore,Yes,0
1154,Samsung,5433,1,3.4,1,32,1,128,0.9,223,10,40,2199,623,2048,6,5,7,0,0,Snapdragon,4062,IPS LCD,144,1,WiFi 6,5.0,Yes,Yes,Yes,Android,13.6,18,89.1,54.0,79.0,1162.62,Premium,1024.97,21.58,Gamer,4.87,1347,100.0,100.0,64.8,10,73754.86,6.31,29709,31086249.82,2.01,18,Telecom Partner,UAE,No,1
1155,Motorola,5326,0,3.0,1,30,1,64,0.8,217,6,86,1462,1504,16384,12,8,8,1,0,Exynos,7426,AMOLED,120,1,WiFi 6,5.0,Yes,No,No,Android,16.1,120,75.8,65.2,97.3,2094.19,Flagship,2156.67,11.01,Student,4.19,3872,86.3,72.3,77.7,25,62698.16,0.1,26988,42388499.79,6.46,24,E-commerce Marketplace,Australia,No,2
1156,Samsung,4007,1,2.7,1,27,0,32,0.8,233,4,29,678,1674,4096,19,6,17,1,1,Apple Bionic,3794,LCD,144,0,WiFi 6,5.2,Yes,No,Yes,Android,13.4,45,75.6,41.6,72.4,1092.46,Premium,1147.72,14.45,Professional,3.38,5079,72.7,92.7,56.6,10,276630.29,6.41,48656,47839260.38,0.5,24,Online Store,India,Yes,0
1157,Vivo,5830,0,1.7,1,6,1,64,0.6,81,6,26,708,571,12288,7,10,16,0,1,MediaTek Dimensity,6080,OLED,144,1,WiFi 6,5.1,Yes,Yes,Yes,Android,16.4,25,94.7,70.4,78.1,1650.59,Flagship,1465.75,9.73,Student,4.15,12092,84.2,62.9,60.2,5,42372.91,10.56,34318,53812700.24,3.56,36,Telecom Partner,UAE,No,2
1158,Motorola,6985,0,3.2,1,28,1,128,0.6,100,4,6,1616,1508,6144,17,1,4,1,1,Snapdragon,4245,Super AMOLED,120,0,WiFi 6,5.4,No,Yes,Yes,Android,15.1,33,91.0,35.1,76.1,1064.9,Premium,965.48,10.87,Student,4.29,6434,88.1,100.0,78.6,15,26410.94,11.39,43745,39596442.93,0.5,18,Online Store,USA,Yes,1
1159,Realme,6853,1,2.3,0,24,1,64,0.2,223,8,74,1766,1471,4096,9,1,10,1,1,Exynos,3944,LCD,90,1,WiFi 6E,5.2,Yes,Yes,Yes,Android,13.3,120,89.2,74.9,81.5,1184.58,Premium,1198.78,2.33,Professional,4.59,1004,90.3,100.0,87.0,20,98725.34,5.56,50944,48277794.82,6.8,18,Telecom Partner,Germany,Yes,1
1160,Motorola,5677,1,2.2,0,14,1,128,0.7,108,4,43,909,929,8192,16,5,6,1,1,Google Tensor,4238,AMOLED,120,1,WiFi 7,5.2,No,Yes,Yes,Android,13.1,25,92.2,51.5,100.0,1568.03,Flagship,1398.79,11.51,Student,4.69,3973,100.0,92.6,88.8,15,9929.87,10.01,55537,74021129.79,2.29,12,E-commerce Marketplace,Germany,Yes,1
1161,OnePlus,6970,0,1.0,0,18,1,256,0.5,82,4,91,437,1499,8192,16,0,11,1,0,Apple Bionic,3843,OLED,60,1,WiFi 6,5.3,Yes,No,Yes,Android,18.0,65,81.5,75.2,71.1,1297.72,Flagship,1109.35,1.36,General User,5.0,582,100.0,96.3,83.2,10,28658.14,4.84,34245,39996379.26,6.75,18,Online Store,USA,No,1
1162,Motorola,5654,1,1.1,1,18,1,128,0.5,167,10,12,1561,895,8192,18,6,20,1,0,MediaTek Dimensity,5160,LCD,60,1,WiFi 6,5.2,No,No,Yes,Android,14.4,80,81.9,22.1,69.5,1444.85,Flagship,1692.05,6.71,Business User,3.92,4616,73.6,76.6,65.4,20,41167.03,9.93,30322,35048593.36,0.5,36,E-commerce Marketplace,USA,No,1
1163,Vivo,6883,0,0.9,0,10,1,512,0.3,192,4,108,1813,649,4096,8,3,13,1,0,Apple Bionic,2269,AMOLED,90,1,WiFi 5,5.0,Yes,No,Yes,Android,15.7,80,80.4,99.2,90.6,1834.08,Flagship,2137.03,3.07,Student,4.85,852,100.0,100.0,65.8,5,22484.81,7.31,23719,41327416.34,6.42,36,Online Store,Singapore,No,1
1164,Oppo,4914,0,2.6,1,10,1,64,0.1,101,4,22,1544,1902,6144,17,2,19,1,0,Google Tensor,4920,Super AMOLED,120,1,WiFi 6,5.3,Yes,No,Yes,Android,17.8,120,86.8,20.0,77.5,1246.78,Flagship,1201.12,6.86,General User,4.74,2458,100.0,90.0,51.7,5,72062.55,6.21,16574,19630925.13,5.48,18,Online Store,Australia,No,1
1165,OnePlus,6840,1,1.6,1,19,1,128,0.3,240,4,71,919,1802,3072,19,10,11,1,0,Snapdragon,1981,LCD,120,1,WiFi 6,5.1,No,Yes,Yes,Android,15.2,25,86.3,85.7,62.4,1277.23,Flagship,1129.59,6.25,Gamer,5.0,3832,99.4,100.0,70.6,0,50680.67,6.92,42651,54475136.73,2.72,12,E-commerce Marketplace,India,Yes,1
1166,Oppo,3263,1,0.9,0,11,1,256,0.3,93,6,7,2110,1972,8192,13,2,16,1,1,Apple Bionic,4167,LCD,120,1,WiFi 6,5.3,Yes,Yes,Yes,Android,15.6,33,86.5,31.9,86.3,1344.0,Flagship,1122.6,2.69,Gamer,4.37,1566,86.0,80.9,62.4,10,34361.25,5.58,32650,39493440.0,5.08,36,Retail Store,UAE,No,0
1167,Google,6665,0,1.2,1,28,1,64,0.5,167,6,85,1082,2219,6144,5,0,15,1,1,MediaTek Dimensity,3499,IPS LCD,120,0,WiFi 5,5.2,No,Yes,Yes,Android,17.9,80,88.4,72.8,83.6,1391.43,Flagship,1577.38,11.46,Business User,4.36,3883,100.0,100.0,74.1,5,5000.0,3.18,16141,21336118.05,6.8,24,Retail Store,UK,No,1
1168,Xiaomi,4886,0,2.3,0,12,1,64,0.3,193,8,44,693,508,4096,7,2,5,1,0,Snapdragon,3582,AMOLED,120,1,WiFi 6,5.4,No,Yes,Yes,Android,18.9,65,88.4,58.1,81.1,1284.22,Flagship,1073.49,8.51,Gamer,3.67,3629,65.1,93.4,87.9,5,15097.85,7.11,36398,44405887.58,0.5,18,Telecom Partner,USA,Yes,1
1169,Vivo,4642,0,3.3,0,20,1,128,0.2,180,8,52,218,656,4096,16,6,6,0,1,Snapdragon,4771,Super AMOLED,144,1,WiFi 6E,5.0,No,No,Yes,Android,18.8,65,89.9,71.1,75.9,1482.21,Flagship,1695.45,1.94,Student,4.88,309,97.3,99.4,74.8,15,16777.32,5.25,38523,48534299.46,4.76,18,Telecom Partner,Germany,Yes,0
1170,Oppo,6997,1,3.2,0,16,1,128,0.3,223,10,56,174,1324,6144,6,9,11,1,1,Exynos,5165,LCD,90,1,WiFi 6,5.2,Yes,Yes,Yes,Android,15.1,80,94.0,90.1,92.2,1849.65,Flagship,2147.22,15.09,Professional,4.89,2128,99.9,95.8,87.5,10,8129.4,3.51,20676,34419027.06,7.37,24,E-commerce Marketplace,UK,No,1
1171,Samsung,5776,1,3.3,0,9,1,256,0.9,114,10,10,1193,2304,8192,12,5,5,0,1,Snapdragon,6412,Super AMOLED,120,1,WiFi 6,5.4,Yes,Yes,Yes,Android,17.9,18,74.6,59.0,100.0,1535.65,Flagship,1520.47,15.03,Gamer,4.77,3113,100.0,87.4,78.0,10,115017.61,7.76,42419,58626663.62,2.62,12,Retail Store,UAE,Yes,1
1172,Google,5158,0,2.0,1,24,1,256,0.4,107,10,58,1694,2082,8192,7,9,11,0,1,Apple Bionic,5869,Super AMOLED,60,1,WiFi 7,5.4,No,Yes,Yes,Android,13.6,25,77.3,78.5,86.4,1628.75,Flagship,1721.03,4.94,General User,4.62,7297,84.4,96.7,78.9,25,37832.01,10.94,53214,65004226.88,3.45,24,Online Store,UAE,Yes,1
1173,OnePlus,5634,0,1.1,1,5,1,128,0.5,204,6,92,1076,2361,4096,9,11,14,1,1,Exynos,2432,OLED,60,1,WiFi 6,5.2,No,No,Yes,Android,13.2,18,90.5,82.1,78.1,1307.62,Flagship,1197.64,9.36,General User,4.98,4900,100.0,90.4,75.6,20,19624.51,9.81,42469,44426651.02,7.97,12,E-commerce Marketplace,USA,Yes,1
1174,Xiaomi,5119,0,1.8,1,26,1,128,0.4,100,10,53,652,875,6144,13,10,17,0,0,Exynos,5128,LCD,144,1,WiFi 7,5.0,No,No,Yes,Android,14.1,65,90.6,52.7,79.4,1711.78,Flagship,1718.27,2.63,Gamer,4.53,1750,94.9,100.0,82.8,0,138440.78,6.9,36820,63027739.6,3.74,18,Telecom Partner,UAE,Yes,1
1175,Realme,3353,1,1.8,0,28,1,32,0.8,106,10,97,1359,1440,8192,16,11,15,0,0,Snapdragon,5142,IPS LCD,120,1,WiFi 6,5.4,Yes,Yes,Yes,Android,12.1,80,89.7,95.9,75.8,1476.64,Flagship,1672.16,5.52,General User,4.97,657,98.3,75.4,86.4,5,42232.77,6.08,42859,60122948.07,5.76,24,Online Store,UK,Yes,0
1176,Xiaomi,3094,0,1.2,0,29,1,256,0.5,211,10,72,1502,2131,2048,9,5,10,0,0,Google Tensor,2476,AMOLED,120,1,WiFi 6E,5.1,Yes,Yes,Yes,Android,15.3,33,77.5,77.4,93.3,1429.79,Flagship,1411.83,3.56,Gamer,5.0,1945,100.0,86.9,80.3,5,22185.46,4.36,28959,39335024.18,4.57,36,Online Store,UK,No,0
1177,Oppo,4210,1,1.7,1,2,1,256,0.9,225,6,43,1238,874,4096,10,11,4,1,0,Snapdragon,3061,IPS LCD,120,1,WiFi 6E,5.0,No,No,No,Android,16.0,33,98.7,63.7,80.4,1449.3,Flagship,1227.62,9.3,Gamer,5.0,2501,100.0,100.0,86.1,15,51278.23,8.47,39407,48545680.34,6.74,24,E-commerce Marketplace,Australia,Yes,0
1178,Realme,6436,0,3.3,1,9,1,256,0.6,230,6,105,1894,934,8192,6,8,11,0,0,Google Tensor,4158,LCD,120,1,WiFi 5,5.3,Yes,Yes,No,Android,17.2,33,84.0,100.0,77.4,1797.47,Flagship,1851.02,0.1,Gamer,4.34,3680,94.3,77.8,82.4,10,81830.18,9.99,45726,73972001.9,8.79,18,Online Store,UK,Yes,1
1179,Samsung,3079,1,2.9,1,12,1,128,0.4,137,4,75,394,1927,8192,17,6,8,0,0,Exynos,4590,OLED,120,1,WiFi 5,5.0,Yes,Yes,Yes,Android,16.0,120,97.7,72.1,72.8,1761.73,Flagship,1800.7,16.61,Student,3.7,1160,75.8,100.0,45.1,5,200071.25,9.7,46092,77141576.2,8.27,24,Retail Store,Germany,Yes,0
1180,Xiaomi,2544,1,2.0,0,30,1,256,0.6,118,8,65,1257,1311,12288,9,4,11,1,1,MediaTek Dimensity,6982,IPS LCD,90,1,WiFi 6,5.1,Yes,Yes,Yes,Android,17.5,45,98.0,71.1,63.4,1701.41,Flagship,1843.25,7.72,Gamer,4.76,4475,100.0,68.5,51.8,5,119120.56,9.59,59716,96521329.58,8.37,18,Online Store,Singapore,Yes,2
1181,Vivo,4454,1,2.4,0,17,1,128,0.9,126,10,58,925,1338,6144,5,1,20,0,0,Google Tensor,4786,AMOLED,120,1,WiFi 6,5.2,Yes,Yes,Yes,Android,18.2,45,91.7,51.0,79.3,1557.51,Flagship,1751.53,8.27,Business User,5.0,781,100.0,96.2,89.3,20,6218.96,6.13,29886,37238195.09,8.03,18,Online Store,India,No,0
1182,OnePlus,5276,0,2.3,1,10,1,128,0.8,167,10,29,2165,764,8192,6,8,10,1,1,Apple Bionic,5751,AMOLED,144,0,WiFi 6E,5.2,No,Yes,No,Android,17.7,80,70.0,44.9,79.1,1513.43,Flagship,1438.19,9.85,Business User,4.85,184,91.2,86.4,93.6,20,15655.97,0.1,34241,41457085.3,5.01,24,Retail Store,UAE,No,1
1183,Realme,5253,0,3.0,0,31,1,256,0.9,225,4,43,1855,2241,12288,13,10,13,0,1,Exynos,6382,AMOLED,90,1,WiFi 5,5.2,Yes,Yes,Yes,Android,16.2,80,99.5,48.2,95.0,1979.08,Flagship,2088.4,4.0,Business User,4.2,3570,86.3,95.2,52.8,0,41206.37,4.73,31175,61697819.0,0.5,18,Telecom Partner,Germany,No,2
1184,Motorola,3835,0,3.3,0,9,1,64,0.6,191,8,47,1655,905,12288,14,10,8,1,1,Google Tensor,7822,LCD,90,1,WiFi 6,5.1,Yes,Yes,Yes,Android,13.4,18,81.9,66.8,78.9,1508.54,Flagship,1420.16,12.26,Professional,4.8,716,100.0,86.4,84.1,10,27468.42,8.52,43274,58752503.96,6.43,18,E-commerce Marketplace,USA,Yes,2
1185,Samsung,2590,0,3.3,0,12,1,128,0.5,159,6,38,1307,2077,12288,15,9,6,0,0,Exynos,6957,IPS LCD,90,1,WiFi 6,5.3,No,Yes,Yes,Android,14.8,33,92.4,34.4,92.1,1982.16,Flagship,2095.27,17.07,General User,5.0,790,100.0,100.0,68.8,20,5000.0,10.43,36715,58220003.52,7.88,36,Telecom Partner,Germany,Yes,2
1186,OnePlus,4515,0,0.8,0,17,1,128,1.0,81,4,96,1031,2082,12288,11,1,19,0,0,Exynos,5288,Super AMOLED,144,1,WiFi 7,5.4,Yes,Yes,Yes,Android,17.4,33,77.4,82.2,75.8,1861.46,Flagship,1982.8,9.08,Gamer,3.91,1596,85.0,56.8,61.2,15,229496.72,4.27,50045,79183250.84,6.8,24,Telecom Partner,UK,Yes,2
1187,Motorola,4135,0,2.3,1,22,1,32,0.3,198,6,29,1186,2389,8192,12,9,5,1,0,Snapdragon,5172,OLED,144,0,WiFi 6E,5.4,Yes,Yes,Yes,Android,12.4,65,83.3,48.1,75.1,1293.48,Flagship,1255.89,8.49,Business User,4.06,1829,73.3,77.4,65.5,5,461149.19,9.67,59741,73410099.25,6.0,36,Online Store,UK,Yes,0
1188,OnePlus,6953,0,2.8,0,11,1,512,1.0,172,10,15,1414,1671,8192,7,10,13,0,0,MediaTek Dimensity,6181,Super AMOLED,144,0,WiFi 7,5.3,Yes,Yes,No,Android,14.8,18,76.8,40.2,100.0,1954.77,Flagship,1847.07,8.13,Gamer,4.51,139,98.7,100.0,72.3,5,52571.01,7.1,52584,97650144.4,2.11,24,Retail Store,Singapore,Yes,1
1189,Apple,6949,1,1.0,0,22,1,256,0.7,186,10,50,2031,2127,12288,15,1,5,0,0,Google Tensor,5969,AMOLED,120,1,WiFi 6,5.0,No,Yes,Yes,iOS,17.1,120,83.3,44.7,61.2,2338.5,Flagship,1972.4,15.03,General User,4.45,1499,87.2,95.4,75.3,5,48304.9,2.96,33937,75393590.77,9.51,36,E-commerce Marketplace,Singapore,No,2
1190,Realme,5518,1,1.9,0,32,1,32,0.4,183,8,47,505,2340,4096,17,4,6,1,0,MediaTek Dimensity,3340,IPS LCD,60,1,WiFi 6,5.4,Yes,Yes,Yes,Android,12.0,65,87.1,100.0,72.9,1199.1,Premium,1291.97,10.95,Professional,4.94,1717,93.4,85.8,79.1,15,25225.04,5.04,34506,35169722.91,2.26,18,Telecom Partner,USA,No,1
1191,Vivo,4599,1,2.8,0,7,1,128,0.2,177,4,45,771,2192,4096,16,10,8,0,1,Apple Bionic,3863,OLED,120,1,WiFi 6,5.0,No,No,Yes,Android,13.8,65,83.7,74.3,71.2,1207.89,Flagship,1025.56,11.39,Professional,5.0,1304,100.0,92.3,62.2,15,30895.37,12.5,42156,43281839.21,5.44,12,Retail Store,Singapore,Yes,0
1192,Google,3805,0,2.6,1,18,1,16,0.7,218,10,25,1825,1297,6144,16,5,12,1,0,Apple Bionic,4427,OLED,60,1,WiFi 6,5.1,Yes,Yes,Yes,Android,13.3,80,80.3,51.7,96.3,1220.11,Flagship,1157.72,12.67,Student,3.29,789,63.6,69.8,57.8,0,125109.07,7.13,43503,53078445.33,9.72,12,Online Store,UK,Yes,0
1193,Oppo,4493,0,2.2,1,21,1,256,1.0,156,6,92,2194,1245,6144,5,0,19,1,1,MediaTek Dimensity,3859,LCD,144,0,WiFi 6E,5.3,Yes,Yes,Yes,Android,14.0,25,75.8,87.8,73.5,1544.55,Flagship,1348.68,9.72,General User,4.31,1657,86.1,100.0,94.2,15,35965.8,9.54,39128,51369879.54,8.03,18,E-commerce Marketplace,India,Yes,0
1194,Apple,5914,1,1.8,1,13,1,512,0.3,210,8,18,797,1832,8192,7,10,3,1,1,Snapdragon,5325,IPS LCD,90,0,WiFi 5,5.3,Yes,Yes,Yes,iOS,19.6,18,89.9,32.0,93.0,2301.07,Flagship,2123.2,21.06,General User,4.53,326,95.3,71.9,58.5,0,87436.17,6.0,31333,72099426.31,8.19,24,E-commerce Marketplace,Singapore,No,2
1195,Xiaomi,6668,1,1.3,0,9,1,128,1.0,120,8,54,1044,1151,6144,11,5,18,0,0,MediaTek Dimensity,4280,LCD,120,0,WiFi 6E,5.0,No,Yes,Yes,Android,12.7,33,85.0,73.5,81.7,1427.77,Flagship,1559.41,11.16,General User,5.0,3948,100.0,68.2,71.7,20,11118.14,6.25,28398,32436649.97,3.36,18,Telecom Partner,UK,No,1
1196,OnePlus,6512,0,0.8,1,22,1,128,1.0,112,4,97,396,2208,12288,14,11,4,0,1,Exynos,5158,IPS LCD,120,0,WiFi 6E,5.0,No,No,Yes,Android,17.8,18,74.0,77.5,80.0,1554.55,Flagship,1707.99,9.13,Business User,4.81,2019,81.0,90.0,52.2,0,19559.11,4.28,40230,62539546.5,8.85,24,Retail Store,USA,Yes,2
1197,OnePlus,5099,0,1.3,0,27,1,256,0.6,222,10,55,1317,2244,3072,8,7,19,0,0,Google Tensor,3542,AMOLED,60,1,WiFi 5,5.3,Yes,Yes,No,Android,18.2,33,100.0,57.6,79.5,1180.35,Premium,1120.93,12.92,General User,4.14,17209,80.0,64.6,64.8,10,308801.05,11.09,48992,52044936.48,7.25,18,Retail Store,UAE,Yes,1
1198,Google,2840,1,1.1,1,0,1,256,0.6,158,8,95,1002,1721,8192,8,2,20,0,0,MediaTek Dimensity,5451,Super AMOLED,90,0,WiFi 6,5.1,Yes,Yes,No,Android,14.8,25,92.9,88.4,90.6,1398.31,Flagship,1608.78,10.44,General User,4.92,1073,99.8,75.2,100.0,10,40319.21,8.22,44802,56382376.16,1.29,18,Telecom Partner,Germany,Yes,0
1199,Realme,5993,0,3.3,1,0,1,256,0.2,120,8,82,1203,1354,4096,10,10,20,0,0,Snapdragon,4551,Super AMOLED,60,0,WiFi 7,5.2,No,Yes,No,Android,15.9,25,84.7,66.9,73.0,1206.47,Flagship,1345.27,4.47,Professional,4.17,817,95.1,86.7,77.9,10,87261.91,5.84,46957,50986990.61,6.91,12,Telecom Partner,India,Yes,1
1200,Realme,2512,1,1.0,0,7,1,128,0.7,157,10,29,1284,1097,6144,11,6,13,1,0,Snapdragon,3461,AMOLED,90,1,WiFi 6,5.1,Yes,No,No,Android,15.1,33,95.6,43.9,85.8,1352.28,Flagship,1354.13,5.7,General User,4.95,770,100.0,79.6,58.9,10,25508.4,4.48,45634,55538950.97,0.5,12,Online Store,UK,Yes,0
1201,Motorola,3431,0,3.1,0,21,1,128,0.6,140,8,31,1076,1238,6144,5,10,9,0,1,MediaTek Dimensity,5215,AMOLED,60,1,WiFi 7,5.0,Yes,Yes,No,Android,15.5,33,81.4,40.1,81.2,1117.02,Premium,987.0,9.72,General User,4.05,480,84.3,100.0,79.2,10,34244.45,1.6,34327,34509550.99,3.53,24,Retail Store,India,No,0
1202,OnePlus,4562,0,3.3,0,11,1,16,0.3,185,4,10,1206,885,4096,18,8,11,0,1,Snapdragon,3564,AMOLED,60,1,WiFi 6,5.2,No,Yes,Yes,Android,13.4,33,90.7,64.5,94.8,1059.07,Premium,1206.25,8.4,Gamer,4.36,102,83.8,70.5,58.3,20,148779.75,7.8,53030,44929985.68,3.93,24,Online Store,Australia,Yes,0
1203,Oppo,6168,1,2.3,1,19,0,64,0.4,90,10,66,1620,951,8192,16,1,2,1,1,Snapdragon,5344,OLED,90,1,WiFi 6E,5.2,Yes,Yes,Yes,Android,15.9,80,78.1,84.6,86.2,1632.34,Flagship,1445.23,7.09,General User,4.62,521,86.0,96.3,60.6,10,316142.77,8.84,43054,63250889.72,4.47,36,E-commerce Marketplace,UK,Yes,1
1204,Xiaomi,5737,0,3.3,0,20,1,64,0.3,101,4,78,1415,678,8192,9,9,12,1,0,MediaTek Dimensity,5896,LCD,144,0,WiFi 6,5.3,Yes,Yes,Yes,Android,14.1,120,79.3,83.2,82.3,1749.56,Flagship,1786.36,6.91,General User,4.1,2351,83.3,95.4,77.2,5,68721.54,10.47,51323,85303034.49,9.66,36,E-commerce Marketplace,UK,Yes,1
1205,OnePlus,4082,0,3.1,0,23,1,32,1.0,184,4,96,1133,1857,12288,15,7,20,0,1,Snapdragon,6676,LCD,60,1,WiFi 6,5.3,Yes,Yes,Yes,Android,14.3,120,89.9,94.4,75.8,1686.33,Flagship,1858.97,0.1,General User,4.72,787,95.5,89.8,100.0,0,62852.29,5.1,43247,72928713.51,2.22,12,Telecom Partner,UK,Yes,2
1206,Vivo,4694,0,0.9,1,17,1,256,0.3,193,4,69,1369,2369,6144,8,2,12,1,0,Snapdragon,3208,Super AMOLED,120,1,WiFi 6,5.0,No,Yes,Yes,Android,13.6,65,67.1,66.9,79.7,1540.38,Flagship,1624.87,3.71,Professional,4.03,8226,76.1,95.1,72.5,0,60577.41,6.3,33210,51156019.8,3.28,12,Online Store,Singapore,No,0
1207,Samsung,4933,1,1.9,1,32,1,256,1.0,156,4,22,1299,1607,2048,13,6,16,1,0,Exynos,2787,LCD,60,1,WiFi 6,5.4,Yes,Yes,Yes,Android,16.1,80,92.0,64.3,70.6,1392.16,Flagship,1362.4,14.72,Business User,4.4,2297,95.1,67.9,100.0,20,66445.61,7.28,45824,51035471.87,7.71,12,Telecom Partner,Australia,Yes,1
1208,Oppo,6847,1,2.0,1,8,1,128,0.7,203,10,47,188,865,6144,11,5,10,1,1,Apple Bionic,4135,IPS LCD,120,1,WiFi 6,5.4,No,Yes,Yes,Android,16.0,33,86.5,73.3,92.7,1487.07,Flagship,1256.59,5.61,Student,4.35,1125,86.0,89.7,67.7,10,60906.87,1.4,26775,35834669.33,5.1,12,Telecom Partner,UK,No,1
1209,Samsung,6069,1,1.2,0,1,1,128,0.8,138,8,65,428,1513,8192,8,4,2,1,0,Apple Bionic,4521,Super AMOLED,90,1,WiFi 6,5.0,Yes,Yes,Yes,Android,12.5,120,89.0,78.6,83.2,1578.52,Flagship,1675.44,19.82,Student,4.79,492,97.3,93.6,100.0,5,95513.73,3.69,37188,55766901.67,3.02,36,Telecom Partner,UK,Yes,1
1210,Apple,3847,1,2.4,1,18,1,128,0.3,221,4,70,1591,1025,6144,7,7,18,1,0,MediaTek Dimensity,4008,IPS LCD,60,1,WiFi 5,5.4,Yes,Yes,Yes,iOS,17.9,25,87.1,83.5,84.1,1701.06,Flagship,1904.0,17.41,General User,5.0,146,100.0,85.1,82.0,0,8709.42,6.58,32640,55522598.4,5.12,18,Retail Store,UAE,No,0
1211,Motorola,4422,1,2.2,0,17,1,256,0.6,112,8,23,1222,2075,12288,16,9,20,0,0,Snapdragon,6817,Super AMOLED,144,1,WiFi 6,5.0,No,No,Yes,Android,16.1,18,83.3,46.1,94.4,2118.59,Flagship,2171.64,4.8,Professional,3.53,163,74.2,72.0,55.7,20,17660.97,2.26,21112,35782137.66,11.41,36,Telecom Partner,Germany,No,2
1212,OnePlus,3342,1,2.4,1,7,1,256,0.5,178,8,21,184,1164,8192,14,5,6,1,0,Apple Bionic,4959,IPS LCD,90,1,WiFi 5,5.3,No,Yes,Yes,Android,18.8,65,88.4,50.4,72.6,1567.83,Flagship,1519.3,6.05,General User,4.77,91,92.3,100.0,66.1,5,31995.41,8.91,45825,68253519.26,2.98,36,Telecom Partner,Singapore,Yes,0
1213,Xiaomi,4293,0,1.1,1,32,1,256,0.4,151,4,85,1689,1167,3072,5,11,14,0,0,Exynos,2667,OLED,144,0,WiFi 6E,5.3,Yes,Yes,Yes,Android,13.5,120,93.7,50.6,82.4,1540.27,Flagship,1515.3,1.33,Business User,4.28,1253,84.8,81.3,71.3,0,58724.1,5.0,31926,49174660.02,8.11,12,Retail Store,India,No,0
1214,Realme,3666,0,0.9,0,15,1,128,0.6,188,6,69,921,1660,2048,18,11,12,0,1,Snapdragon,2379,LCD,144,1,WiFi 7,5.2,Yes,No,Yes,Android,14.5,25,93.9,63.3,86.9,1050.23,Premium,1156.51,3.32,Business User,4.36,180,96.8,89.2,80.5,10,9453.15,4.08,39468,37305429.88,2.55,18,Retail Store,Singapore,Yes,0
1215,Apple,3481,1,3.0,1,20,1,128,0.2,197,4,93,398,1692,8192,10,1,13,0,1,Snapdragon,4875,AMOLED,120,1,WiFi 6,5.1,Yes,No,Yes,iOS,16.9,25,78.5,96.2,86.1,1970.95,Flagship,1917.48,12.06,Professional,4.67,1720,97.4,83.1,56.4,5,20527.39,8.89,43664,81756582.76,1.84,12,E-commerce Marketplace,USA,Yes,2
1216,Apple,2866,1,2.8,1,23,1,128,0.2,148,8,27,741,822,6144,19,2,6,0,0,Google Tensor,4905,AMOLED,60,1,WiFi 6,5.1,Yes,Yes,No,iOS,17.9,18,99.8,79.3,91.5,1640.4,Flagship,1781.82,20.29,Business User,4.56,808,98.0,95.6,78.4,10,133333.76,4.55,46680,68916484.8,5.4,12,Retail Store,USA,Yes,0
1217,Apple,4894,1,2.0,0,23,1,32,0.4,205,6,22,930,1925,4096,19,6,18,1,0,Snapdragon,3846,Super AMOLED,144,0,WiFi 5,5.3,No,Yes,Yes,iOS,19.9,25,89.6,50.3,87.2,1468.54,Flagship,1596.36,16.95,Professional,5.0,1319,100.0,100.0,100.0,0,24033.44,9.04,47684,70025861.36,0.6,18,Online Store,India,Yes,1
1218,Realme,6267,0,1.6,0,17,1,64,0.8,136,4,107,683,2120,8192,6,6,8,1,0,Google Tensor,5212,OLED,60,0,WiFi 6E,5.4,Yes,Yes,Yes,Android,18.7,120,76.8,91.0,86.8,1387.11,Flagship,1230.2,3.48,Professional,4.83,356,100.0,92.7,70.8,20,112908.71,6.44,30510,33856580.88,6.99,36,Telecom Partner,Germany,No,1
1219,Realme,6351,1,1.3,0,0,1,64,0.3,189,4,34,673,2163,12288,13,4,9,1,1,MediaTek Dimensity,5824,OLED,120,0,WiFi 6E,5.4,Yes,Yes,Yes,Android,18.8,45,96.5,38.6,78.5,1451.44,Flagship,1248.97,14.47,General User,4.55,2281,86.7,100.0,86.0,10,162786.46,3.89,35651,46570758.7,6.59,12,E-commerce Marketplace,Australia,Yes,1
1220,Apple,4856,0,1.6,1,4,1,256,0.8,131,4,80,963,1795,4096,7,5,8,1,0,Apple Bionic,2915,OLED,90,1,WiFi 6E,5.1,Yes,Yes,Yes,iOS,19.5,18,94.0,100.0,86.1,1793.18,Flagship,1968.45,17.53,Professional,3.99,2432,83.1,97.2,78.3,25,48249.18,7.06,26494,35631383.19,6.32,24,E-commerce Marketplace,India,No,1
1221,Oppo,4709,1,1.8,0,2,1,32,0.2,162,8,27,996,1062,12288,7,3,19,1,0,Snapdragon,6823,IPS LCD,60,0,WiFi 6,5.1,No,Yes,Yes,Android,18.9,25,80.7,20.0,81.4,1352.31,Flagship,1213.16,12.8,Gamer,4.24,597,88.1,89.1,66.4,10,50297.59,8.47,44310,53928770.49,6.73,18,Telecom Partner,Australia,Yes,2
1222,Xiaomi,3241,1,3.2,0,32,1,128,0.9,230,6,108,1333,1729,8192,13,7,13,1,0,MediaTek Dimensity,6037,IPS LCD,90,1,WiFi 5,5.3,No,Yes,Yes,Android,16.0,25,91.9,94.3,80.2,1550.81,Flagship,1598.26,6.07,Gamer,4.58,1365,100.0,77.4,77.8,15,17377.53,6.19,27473,36214592.66,6.34,24,Online Store,UAE,No,0
1223,Realme,6859,1,2.9,0,20,1,512,0.2,227,4,67,1311,1800,6144,8,6,19,0,1,Apple Bionic,3932,LCD,90,1,WiFi 6,5.3,No,Yes,Yes,Android,12.7,120,94.4,70.9,85.6,1848.52,Flagship,1617.12,5.05,General User,4.24,3234,78.1,96.4,65.0,10,28160.99,6.12,35395,58885528.86,8.82,36,Online Store,India,Yes,1
1224,Motorola,3498,1,1.4,1,6,1,32,0.9,189,4,56,1184,2190,3072,14,0,19,1,1,Google Tensor,2440,IPS LCD,60,1,WiFi 6,5.0,Yes,Yes,Yes,Android,17.7,33,87.7,66.9,93.8,1007.95,Premium,1172.77,7.32,Gamer,4.34,443,81.1,57.4,64.4,15,46820.03,8.43,36159,30979494.44,2.37,36,Retail Store,Germany,Yes,0
1225,OnePlus,3093,0,3.5,0,18,1,128,0.3,94,10,37,1955,927,6144,17,3,13,1,1,Snapdragon,6090,LCD,90,1,WiFi 5,5.4,Yes,Yes,Yes,Android,17.2,80,99.0,46.9,76.0,1381.12,Flagship,1420.42,2.42,Gamer,3.84,2443,76.3,88.3,60.8,5,31897.31,12.38,41734,54757678.98,4.32,24,Telecom Partner,Singapore,Yes,0
1226,Xiaomi,5362,0,2.3,1,13,1,128,0.8,180,8,106,423,1713,12288,14,4,12,1,1,Google Tensor,7152,AMOLED,144,1,WiFi 6E,5.1,Yes,Yes,Yes,Android,17.6,65,75.8,72.0,96.3,2145.72,Flagship,2282.07,7.63,General User,4.75,3737,91.5,79.8,67.6,10,68569.23,5.84,29314,56609672.47,2.22,24,Retail Store,Australia,No,2
1227,Apple,4770,0,1.8,0,25,1,128,0.9,214,6,11,1963,882,16384,8,6,7,0,1,Google Tensor,8068,IPS LCD,120,0,WiFi 6,5.1,Yes,Yes,Yes,iOS,19.3,45,85.0,47.9,80.8,2197.81,Flagship,2581.21,9.4,Professional,4.78,9663,98.7,89.6,64.5,15,48673.16,2.49,24787,46305549.0,8.28,18,Telecom Partner,UAE,No,2
1228,Apple,6771,0,3.3,0,28,1,64,0.5,203,6,108,463,1216,8192,11,0,4,1,1,Exynos,6202,Super AMOLED,120,1,WiFi 6E,5.1,Yes,Yes,Yes,iOS,18.6,65,81.6,100.0,88.3,2142.79,Flagship,1896.77,15.56,Business User,5.0,997,88.2,100.0,65.3,20,21523.09,6.89,44202,75772482.86,4.24,12,Online Store,Germany,Yes,2
1229,Motorola,6684,0,3.1,1,17,1,16,0.3,227,4,30,1368,1012,4096,6,6,5,0,1,Snapdragon,3453,Super AMOLED,120,1,WiFi 7,5.2,Yes,No,Yes,Android,18.6,80,94.1,36.0,53.7,920.67,Premium,946.56,13.12,Gamer,4.87,15002,95.4,93.4,80.0,10,30012.84,12.93,46993,38938540.78,5.22,12,Retail Store,India,Yes,1
1230,Apple,2892,0,0.8,1,24,1,256,0.4,168,10,102,2066,730,4096,8,0,10,1,0,Apple Bionic,4061,Super AMOLED,90,1,WiFi 6,5.0,No,Yes,Yes,iOS,18.8,80,82.0,80.3,97.5,1951.19,Flagship,1935.01,14.23,Student,5.0,10245,98.1,95.7,81.8,5,46205.19,6.19,32181,59651683.12,8.74,36,E-commerce Marketplace,Germany,No,0
1231,Google,4822,1,2.1,1,32,1,256,0.6,209,6,65,2063,1548,8192,16,4,14,0,1,MediaTek Dimensity,5252,Super AMOLED,144,1,WiFi 6,5.4,Yes,Yes,Yes,Android,15.7,33,74.1,100.0,84.1,1807.86,Flagship,1672.87,5.22,Business User,4.54,154,95.0,92.0,66.7,15,55011.63,7.77,27067,41593344.63,4.94,12,Retail Store,UAE,No,2
1232,Realme,3641,0,3.4,0,32,1,256,0.9,188,4,85,639,2188,8192,9,3,8,0,1,Google Tensor,4832,Super AMOLED,120,1,WiFi 6,5.3,Yes,No,Yes,Android,16.5,25,73.6,77.2,89.9,1792.31,Flagship,1549.38,8.03,Student,4.96,5646,100.0,100.0,78.2,10,44714.08,9.22,38457,62034179.1,7.05,36,Online Store,Australia,Yes,0
1233,OnePlus,5613,0,1.0,0,22,0,16,0.6,201,6,106,1192,686,6144,17,9,15,0,0,MediaTek Dimensity,3750,Super AMOLED,144,1,WiFi 6,5.4,Yes,Yes,Yes,Android,14.2,18,82.6,88.1,76.3,1117.38,Premium,1079.41,7.03,General User,4.03,1994,76.0,93.7,67.2,10,48459.25,7.86,45575,45832134.15,0.5,12,Retail Store,India,Yes,1
1234,OnePlus,4407,1,1.4,0,10,1,128,0.3,126,6,19,591,2282,8192,12,2,8,1,0,Apple Bionic,4125,AMOLED,144,0,WiFi 6,5.3,Yes,No,Yes,Android,14.7,33,82.3,52.0,75.3,1556.68,Flagship,1560.29,10.38,Gamer,5.0,840,100.0,100.0,69.2,10,209656.25,12.71,36657,51356896.88,2.03,12,Online Store,Germany,Yes,0
1235,Xiaomi,5068,0,2.4,1,6,1,256,0.3,192,10,37,972,2378,8192,18,7,16,0,1,Snapdragon,5592,IPS LCD,60,1,WiFi 5,5.4,Yes,No,No,Android,16.7,25,100.0,59.8,77.6,1557.14,Flagship,1731.19,5.72,Business User,3.97,1595,86.4,100.0,51.5,10,14326.57,10.07,37411,52428748.09,2.36,24,E-commerce Marketplace,Germany,Yes,1
1236,Samsung,3220,1,1.4,1,29,1,32,0.7,99,10,61,1510,699,8192,9,3,9,1,0,Apple Bionic,5330,IPS LCD,60,1,WiFi 6,5.3,Yes,Yes,Yes,Android,13.0,33,75.5,79.3,77.1,1487.96,Flagship,1546.55,14.86,Business User,5.0,842,98.9,86.7,83.7,20,97437.15,9.75,68974,82104442.43,4.5,36,Retail Store,UK,Yes,0
1237,OnePlus,3616,0,2.0,1,30,1,256,0.9,236,4,69,733,1024,8192,18,11,7,1,0,MediaTek Dimensity,4945,Super AMOLED,120,1,WiFi 6,5.1,Yes,Yes,Yes,Android,14.6,25,86.2,90.6,86.5,1928.16,Flagship,2037.75,0.1,Professional,3.87,2099,77.5,92.1,61.0,10,26975.17,8.48,34051,59090198.54,1.92,18,Retail Store,UK,No,2
1238,Oppo,6994,1,1.9,0,17,1,64,0.9,195,4,47,269,1963,6144,14,1,18,0,1,Apple Bionic,2826,Super AMOLED,144,0,WiFi 6,5.3,Yes,Yes,Yes,Android,13.1,18,93.4,64.6,77.6,1235.9,Flagship,1417.53,7.43,General User,4.42,929,83.2,100.0,74.7,5,76003.43,0.1,28786,33797786.53,5.65,12,E-commerce Marketplace,USA,No,1
1239,Realme,5923,0,3.4,1,6,1,128,0.3,209,10,34,237,2066,8192,11,9,3,1,0,MediaTek Dimensity,6091,OLED,144,1,WiFi 6,5.2,No,No,Yes,Android,18.0,18,88.6,46.1,68.1,1438.12,Flagship,1514.33,1.33,Professional,3.51,3734,73.9,73.1,33.7,5,107517.03,8.39,22958,31365541.01,3.09,36,Online Store,UK,No,1
1240,Motorola,4487,1,1.0,0,19,1,256,0.7,181,4,69,478,1053,4096,11,1,12,1,1,Exynos,2603,Super AMOLED,120,1,WiFi 5,5.1,Yes,Yes,Yes,Android,16.4,80,81.5,53.5,79.9,1514.97,Flagship,1579.93,3.77,Professional,4.44,3694,93.2,80.9,41.8,25,38827.99,8.51,35303,40112239.43,7.32,18,Telecom Partner,UK,Yes,0
1241,Samsung,6075,1,3.2,1,15,1,128,0.4,240,6,88,1695,1191,4096,15,1,14,1,0,Exynos,4248,IPS LCD,144,1,WiFi 6,5.0,Yes,No,Yes,Android,12.9,33,100.0,94.1,69.1,1437.49,Flagship,1349.71,10.78,Gamer,4.46,1176,89.5,100.0,55.0,0,38777.84,3.46,26799,38523294.51,4.31,12,E-commerce Marketplace,Germany,No,1
1242,OnePlus,6372,0,2.5,1,17,1,256,1.0,98,6,68,2028,838,4096,18,1,11,0,0,Snapdragon,3161,LCD,60,1,WiFi 6,5.3,Yes,Yes,No,Android,13.8,80,70.7,84.5,58.2,1281.6,Flagship,1217.77,1.18,Business User,5.0,509,96.4,100.0,82.0,20,43366.83,1.16,30873,31653469.44,5.39,36,Telecom Partner,USA,No,1
1243,Apple,2734,0,2.1,1,14,0,128,0.4,143,6,68,574,698,6144,18,0,3,1,1,Apple Bionic,4080,Super AMOLED,90,0,WiFi 6,5.3,Yes,Yes,Yes,iOS,17.3,18,88.3,64.5,79.6,1759.54,Flagship,2049.82,13.31,Student,4.32,5358,89.4,78.9,45.7,10,8456.23,4.14,15996,25331041.66,1.98,12,Online Store,UAE,No,0
1244,Oppo,5661,0,2.8,1,14,1,128,0.2,154,6,58,630,1429,6144,14,8,13,0,1,Snapdragon,5375,AMOLED,120,1,WiFi 7,5.1,Yes,Yes,Yes,Android,18.8,33,81.9,55.0,100.0,1531.81,Flagship,1388.96,8.25,Business User,4.62,3559,100.0,100.0,75.0,15,97272.0,8.21,45802,59635967.38,3.78,18,E-commerce Marketplace,UK,Yes,1
1245,Realme,6016,1,1.2,0,6,1,256,0.6,189,8,23,1070,2314,12288,13,7,2,1,0,Google Tensor,6551,OLED,144,1,WiFi 6E,5.4,Yes,Yes,Yes,Android,16.2,25,88.6,64.8,60.5,1865.29,Flagship,2185.28,8.03,Student,4.63,1418,88.6,99.0,65.6,20,70985.6,6.27,47648,71101870.34,4.71,36,E-commerce Marketplace,UAE,Yes,2
1246,Google,3106,1,1.9,0,9,1,128,0.3,226,10,44,600,1591,8192,9,6,5,1,1,Exynos,5526,OLED,90,0,WiFi 6,5.1,Yes,Yes,No,Android,16.7,120,95.9,34.8,93.7,1500.64,Flagship,1605.42,4.15,Student,4.92,932,100.0,73.7,72.7,10,152416.21,5.56,44035,59472614.16,6.09,24,Online Store,Germany,Yes,0
1247,Vivo,4897,1,3.0,0,21,1,64,0.2,232,10,16,1988,929,8192,7,4,8,0,1,Snapdragon,6591,OLED,120,1,WiFi 6,5.0,Yes,No,No,Android,18.9,65,84.0,51.2,97.4,1756.64,Flagship,1844.48,9.44,General User,5.0,627,95.7,76.7,81.8,5,15852.21,8.88,35224,58782092.99,6.02,24,Online Store,USA,Yes,2
1248,Vivo,4507,1,1.8,1,23,1,128,0.2,228,4,64,1126,968,3072,8,0,6,1,0,Apple Bionic,2390,AMOLED,90,1,WiFi 5,5.2,No,Yes,No,Android,17.1,25,76.1,95.7,80.3,1258.04,Flagship,1165.09,0.51,Professional,4.35,259,90.7,88.8,62.6,10,11799.77,8.08,36545,41377564.62,5.6,36,Retail Store,Germany,Yes,0
1249,Realme,3339,1,2.7,1,32,0,128,0.3,91,4,16,1973,889,12288,10,0,5,0,0,Apple Bionic,6338,AMOLED,60,0,WiFi 6E,5.2,Yes,Yes,Yes,Android,13.6,120,89.6,24.3,79.6,1515.05,Flagship,1689.11,6.67,Gamer,4.13,65,84.5,74.4,60.2,0,57176.79,3.82,23808,36070310.4,8.11,12,Telecom Partner,UK,No,2
1250,OnePlus,4096,0,1.0,0,3,1,256,0.2,160,4,15,309,787,8192,10,8,19,0,1,Snapdragon,3371,OLED,144,1,WiFi 5,5.0,Yes,Yes,Yes,Android,14.3,65,84.1,33.1,81.7,1553.85,Flagship,1362.33,7.77,Professional,4.2,5203,91.4,64.6,63.9,0,19308.52,3.72,25652,39859360.2,1.67,36,Retail Store,UK,No,0
1251,Motorola,3966,0,2.9,1,0,1,256,0.3,130,10,9,1358,922,8192,15,5,16,0,1,Apple Bionic,5919,LCD,120,1,WiFi 5,5.4,Yes,No,Yes,Android,14.8,18,86.4,38.4,58.0,1615.4,Flagship,1414.17,9.18,Business User,4.42,634,84.8,85.0,93.7,25,38277.57,5.67,38421,46548962.55,1.26,36,Telecom Partner,UAE,Yes,0
1252,Apple,3743,1,3.3,0,30,1,512,0.3,184,6,27,2036,909,6144,11,8,4,1,0,Apple Bionic,5050,AMOLED,60,1,WiFi 7,5.1,Yes,No,Yes,iOS,19.8,80,81.9,59.8,72.1,2146.87,Flagship,2466.59,24.74,Business User,4.39,942,85.1,99.1,81.1,15,5000.0,8.71,38937,71053775.61,9.24,18,Retail Store,UK,Yes,2
1253,OnePlus,6604,1,1.9,0,15,1,512,0.7,185,10,46,900,1536,4096,7,5,3,0,1,Google Tensor,3940,OLED,60,1,WiFi 5,5.4,Yes,No,Yes,Android,13.3,25,77.7,73.1,89.7,1884.27,Flagship,1771.79,5.68,Business User,4.99,1880,100.0,100.0,87.3,20,31449.35,4.7,39619,59722314.5,2.89,12,Online Store,USA,Yes,1
1254,OnePlus,4206,1,2.6,1,31,1,128,0.3,176,8,63,651,1734,6144,12,4,13,1,1,Google Tensor,4670,AMOLED,60,1,WiFi 6,5.4,No,Yes,Yes,Android,13.8,120,84.8,53.5,77.4,1203.16,Flagship,1411.94,6.54,Gamer,4.65,1593,90.0,86.9,69.9,15,181606.51,2.82,39428,40322463.61,6.37,36,Online Store,Germany,Yes,0
1255,Apple,5244,1,1.8,1,24,1,256,0.9,157,10,15,1008,1871,6144,6,10,2,0,0,MediaTek Dimensity,5127,Super AMOLED,120,1,WiFi 7,5.2,Yes,Yes,No,iOS,19.4,25,98.0,54.0,98.4,2139.51,Flagship,1978.29,13.01,General User,4.34,382,82.5,54.9,72.6,15,47715.69,6.88,32619,59320375.19,6.48,36,Retail Store,India,No,2
1256,Motorola,4391,0,3.0,1,27,1,128,0.4,92,4,87,477,915,4096,13,1,9,0,0,Snapdragon,3624,IPS LCD,60,1,WiFi 6E,5.0,No,Yes,Yes,Android,12.9,18,85.7,89.4,86.4,1190.01,Premium,1133.6,8.58,Student,4.95,2621,93.5,87.1,62.9,10,6663.29,11.28,38603,41344160.43,6.55,24,Telecom Partner,USA,Yes,0
1257,Realme,5366,1,2.1,0,17,1,128,0.2,121,8,66,1685,1518,3072,10,6,5,1,1,Snapdragon,3035,Super AMOLED,60,1,WiFi 6E,5.1,Yes,Yes,Yes,Android,15.5,25,84.3,66.3,70.3,1104.61,Premium,1237.74,9.05,Gamer,4.5,84,84.0,95.9,60.0,0,82116.55,9.15,53441,59031463.01,4.75,36,Retail Store,UAE,Yes,1
1258,Oppo,3270,1,2.6,0,19,1,128,0.5,99,6,83,1178,1393,6144,6,11,9,0,1,MediaTek Dimensity,3911,Super AMOLED,90,1,WiFi 6E,5.0,No,Yes,Yes,Android,17.8,25,92.5,85.4,98.2,1610.58,Flagship,1883.02,6.26,Gamer,4.8,505,99.7,56.9,75.5,0,5000.0,11.43,41650,67080657.0,7.76,12,Online Store,India,Yes,0
1259,OnePlus,4536,1,1.1,0,5,1,32,0.7,202,6,34,219,1436,6144,7,7,15,1,0,Exynos,3867,OLED,120,1,WiFi 6,5.4,Yes,Yes,No,Android,13.8,120,86.6,38.9,58.3,1278.92,Flagship,1109.9,6.56,Student,4.62,385,100.0,85.1,80.0,15,18255.08,5.37,35981,39114297.44,4.16,18,Telecom Partner,Germany,Yes,0
1260,Oppo,6540,0,2.2,0,15,1,256,0.6,144,10,58,1441,782,8192,15,8,3,1,1,MediaTek Dimensity,5868,AMOLED,144,1,WiFi 6,5.1,Yes,No,Yes,Android,13.5,120,68.6,76.4,93.3,1770.4,Flagship,1489.33,0.93,Gamer,5.0,937,99.5,92.2,75.6,10,450943.78,4.79,54264,86462087.04,7.62,18,Retail Store,Singapore,Yes,1
1261,Realme,4634,1,1.1,1,25,1,128,0.2,112,4,14,678,2198,16384,15,10,11,1,1,Google Tensor,7022,Super AMOLED,120,1,WiFi 6,5.4,Yes,No,No,Android,16.9,33,80.4,40.2,73.5,1790.01,Flagship,1515.75,2.28,Professional,4.44,1822,93.8,76.0,65.7,15,51214.25,3.51,17690,26915485.36,0.5,36,Retail Store,India,No,2
1262,Xiaomi,5972,1,1.1,0,12,0,128,0.5,227,8,61,1771,1680,4096,19,9,7,1,1,Snapdragon,2944,Super AMOLED,60,1,WiFi 6,5.3,Yes,Yes,Yes,Android,18.0,120,95.3,70.7,78.2,1465.61,Flagship,1472.36,11.9,Student,4.43,370,94.2,94.2,70.5,0,287240.63,7.26,42260,61936678.6,8.54,36,E-commerce Marketplace,UK,Yes,1
1263,Xiaomi,3907,1,2.8,1,28,0,64,0.6,184,4,35,1176,571,8192,13,7,6,0,0,Google Tensor,4883,AMOLED,90,1,WiFi 6E,5.1,Yes,No,Yes,Android,13.2,65,77.6,31.3,89.5,1292.52,Flagship,1413.68,4.86,Professional,5.0,372,98.8,67.2,78.5,20,30106.63,6.76,50495,52212637.92,0.5,36,Telecom Partner,India,Yes,0
1264,Oppo,3358,0,2.7,0,20,1,128,0.4,162,10,79,1866,2274,6144,15,4,18,0,1,MediaTek Dimensity,5372,LCD,144,1,WiFi 7,5.3,Yes,Yes,Yes,Android,14.3,45,75.1,85.3,63.3,1450.46,Flagship,1445.8,5.56,Business User,4.66,2797,96.5,95.5,85.3,20,10175.7,0.1,31472,36519101.7,5.92,36,Telecom Partner,UK,No,0
1265,Vivo,4830,0,3.0,1,2,1,512,0.7,121,8,91,355,789,6144,11,10,18,0,1,Snapdragon,4930,LCD,120,0,WiFi 7,5.1,Yes,Yes,Yes,Android,18.5,65,87.7,63.9,78.5,1915.95,Flagship,1661.07,6.86,Business User,4.93,3124,100.0,99.1,76.0,0,17887.4,10.41,31507,60365836.65,5.71,36,Telecom Partner,USA,No,1
1266,Realme,4172,0,2.7,0,3,1,128,0.3,126,6,69,584,2378,4096,8,0,8,0,0,Apple Bionic,3607,OLED,90,1,WiFi 6,5.1,No,Yes,No,Android,12.3,80,84.0,71.4,86.6,1386.22,Flagship,1411.22,5.32,Professional,4.68,4322,89.4,100.0,82.1,25,96067.71,6.13,39423,40986713.3,2.13,12,Online Store,Australia,Yes,0
1267,Oppo,2902,1,1.0,1,11,1,256,0.1,144,8,107,1693,606,12288,11,0,19,0,0,Exynos,5698,Super AMOLED,144,1,WiFi 6,5.2,Yes,Yes,Yes,Android,13.7,45,84.1,85.1,81.2,2036.39,Flagship,2262.56,3.98,Professional,4.81,3173,95.7,76.8,71.7,0,79353.56,6.1,33665,68555069.35,7.56,24,E-commerce Marketplace,Singapore,No,2
1268,Realme,6850,0,2.3,0,32,1,256,0.2,164,4,5,1705,1190,6144,9,2,5,0,1,MediaTek Dimensity,4096,Super AMOLED,90,0,WiFi 6,5.1,No,Yes,No,Android,12.9,45,88.1,41.7,79.9,1466.34,Flagship,1517.21,4.68,Student,3.72,753,77.5,67.5,61.8,0,201481.89,0.62,35564,52148915.76,4.65,36,Online Store,USA,Yes,1
1269,Xiaomi,3674,1,0.8,1,16,1,128,0.4,206,8,66,2023,1398,12288,14,8,9,1,0,MediaTek Dimensity,5670,LCD,60,0,WiFi 6E,5.3,No,Yes,Yes,Android,16.0,33,90.7,43.9,69.2,1289.21,Flagship,1242.47,7.99,Professional,4.01,62181,92.6,100.0,67.6,10,54075.11,7.77,24041,27894507.85,5.22,24,Online Store,Australia,No,0
1270,Xiaomi,5994,0,1.3,0,1,1,64,0.6,234,4,85,516,2186,8192,17,1,11,0,0,Apple Bionic,4162,IPS LCD,90,0,WiFi 5,5.4,Yes,Yes,Yes,Android,13.9,120,94.4,65.3,72.9,1354.5,Flagship,1453.46,6.59,Student,4.83,1166,98.1,100.0,84.3,0,87136.52,7.96,45780,62009010.0,0.5,12,E-commerce Marketplace,USA,Yes,1
1271,Google,4837,0,2.5,0,1,1,128,0.7,106,4,7,1002,1997,6144,15,1,19,1,1,Google Tensor,3845,OLED,90,1,WiFi 6E,5.2,Yes,Yes,Yes,Android,16.2,18,85.6,67.5,71.4,1406.93,Flagship,1395.55,5.77,Gamer,5.0,1373,90.4,98.4,81.2,0,118589.49,7.41,48650,68447144.5,2.47,12,Online Store,India,Yes,1
1272,OnePlus,3242,0,2.1,1,32,1,128,0.2,144,10,66,1904,2134,8192,6,7,20,0,0,Apple Bionic,5457,AMOLED,90,0,WiFi 6,5.3,No,No,No,Android,17.2,120,84.9,61.4,94.3,1411.38,Flagship,1369.52,7.13,Student,3.99,3912,81.6,86.1,78.7,5,21433.64,1.4,35674,47832091.61,5.79,24,E-commerce Marketplace,Germany,Yes,0
1273,Oppo,6238,0,2.5,0,7,1,64,0.3,108,4,72,1313,1340,8192,6,6,20,0,0,Google Tensor,4987,AMOLED,144,1,WiFi 7,5.0,No,Yes,Yes,Android,17.8,120,86.5,80.2,73.6,1838.36,Flagship,2023.35,7.63,Gamer,4.98,390,100.0,78.3,53.7,0,28960.96,7.52,34797,63969412.92,5.36,24,Online Store,Germany,No,1
1274,Realme,3446,1,1.7,1,31,1,64,0.6,92,4,42,1089,1928,2048,19,2,20,0,0,Google Tensor,2485,Super AMOLED,120,1,WiFi 7,5.0,Yes,Yes,No,Android,12.1,80,76.7,24.3,73.3,960.43,Premium,1015.39,13.38,Gamer,3.7,643,87.7,69.6,46.3,0,23910.58,4.01,29300,28140599.0,1.99,12,Telecom Partner,UAE,No,0
1275,Xiaomi,4817,0,2.4,1,3,1,128,0.9,199,8,34,1881,2168,3072,10,2,10,0,0,Snapdragon,3940,IPS LCD,60,0,WiFi 6E,5.1,Yes,Yes,Yes,Android,12.6,33,92.0,61.4,80.9,1071.65,Premium,1207.54,7.53,Business User,4.71,4348,96.3,95.1,78.8,20,51250.17,4.22,53906,46214691.92,4.01,36,Retail Store,UK,Yes,0
1276,Motorola,3285,1,1.0,1,2,1,128,0.8,212,6,23,1921,1795,3072,8,10,9,0,0,Exynos,2583,OLED,60,1,WiFi 6,5.1,Yes,Yes,No,Android,12.6,33,86.3,59.9,85.9,1015.47,Premium,1194.85,3.21,Student,3.35,4527,75.9,80.0,38.4,5,165576.9,8.32,30755,29669240.86,5.64,24,Online Store,India,No,0
1277,Apple,5417,1,2.7,1,3,1,128,1.0,160,8,102,598,2288,12288,17,5,10,1,1,Apple Bionic,7199,Super AMOLED,90,1,WiFi 6,5.2,No,No,Yes,iOS,16.7,45,84.2,100.0,69.3,2173.5,Flagship,2019.03,16.25,Student,5.0,3768,98.5,83.8,88.6,25,49713.14,1.87,38756,63177124.5,1.45,18,Telecom Partner,Australia,Yes,2
1278,Realme,3502,0,2.8,1,9,1,512,0.2,83,6,107,1584,2383,6144,19,8,9,0,0,Snapdragon,4673,IPS LCD,60,1,WiFi 6E,5.4,No,No,Yes,Android,14.3,65,100.0,89.3,71.7,1976.69,Flagship,2065.59,12.6,Professional,5.0,1379,100.0,64.3,72.8,0,107668.75,1.15,23108,45677352.52,4.87,12,Telecom Partner,Singapore,No,0
1279,Xiaomi,3754,0,1.7,0,1,1,128,0.6,230,4,84,2159,2223,12288,13,9,9,0,0,Google Tensor,5743,LCD,90,1,WiFi 6E,5.2,Yes,No,Yes,Android,15.9,65,83.7,52.0,77.6,1692.52,Flagship,1628.29,7.01,Student,4.42,75,89.9,92.9,81.4,0,29590.97,5.18,27373,46329349.96,3.87,18,Online Store,USA,No,2
1280,Xiaomi,4679,1,2.4,0,6,1,512,0.3,92,8,47,1984,1187,12288,5,4,17,0,1,Apple Bionic,6903,LCD,60,1,WiFi 6E,5.4,No,Yes,Yes,Android,15.7,65,80.8,37.3,71.8,2129.35,Flagship,1992.45,6.16,General User,4.55,4144,85.9,100.0,65.4,10,188922.84,8.78,53771,103047551.0,4.09,12,Online Store,India,Yes,2
1281,Google,6477,0,2.4,0,16,1,64,0.5,204,4,70,2180,1660,6144,9,11,10,0,1,Google Tensor,3423,AMOLED,144,1,WiFi 6,5.3,Yes,No,Yes,Android,12.9,25,92.1,80.9,75.5,1525.79,Flagship,1426.94,12.79,General User,4.18,1513,100.0,95.2,80.6,5,157161.79,7.72,44795,64930374.9,1.97,12,E-commerce Marketplace,Germany,Yes,1
1282,Samsung,6067,1,1.1,0,21,1,256,0.8,81,10,85,2170,1731,16384,7,0,16,0,1,Apple Bionic,7610,LCD,144,0,WiFi 6E,5.3,Yes,Yes,Yes,Android,17.2,45,84.9,68.7,62.3,2040.32,Flagship,1877.97,14.51,Gamer,4.44,816,87.8,100.0,95.9,10,32012.1,8.53,36038,66176146.94,7.68,36,Retail Store,India,Yes,2
1283,Oppo,4277,1,1.1,0,2,1,32,0.6,237,6,62,2140,1799,3072,17,6,19,0,1,Snapdragon,2792,OLED,90,1,WiFi 6,5.3,Yes,Yes,No,Android,13.0,45,93.9,90.1,76.4,1156.25,Premium,1171.61,0.72,Gamer,4.16,413,83.0,92.5,57.1,0,92536.41,3.05,26023,30089093.75,4.81,36,Telecom Partner,Singapore,No,0
1284,Samsung,3384,1,0.9,0,28,1,32,0.9,121,6,71,521,1811,8192,14,4,16,1,0,Apple Bionic,4459,AMOLED,90,0,WiFi 6,5.0,No,Yes,Yes,Android,18.8,33,95.4,73.2,70.5,1173.79,Premium,1042.32,17.45,Gamer,5.0,1878,100.0,94.4,79.0,10,16801.05,5.37,41104,43422717.74,4.92,12,Retail Store,India,Yes,0
1285,Google,5320,0,1.5,0,26,1,128,0.2,98,6,90,1487,2232,6144,10,11,16,1,1,Snapdragon,3792,IPS LCD,90,1,WiFi 5,5.2,No,Yes,Yes,Android,15.2,25,87.7,100.0,49.7,1585.33,Flagship,1585.23,1.06,General User,4.48,246,92.2,98.3,78.7,5,104146.82,5.49,49176,74062178.68,2.9,36,Retail Store,Germany,Yes,1
1286,Oppo,5139,1,2.1,0,5,1,256,1.0,198,4,108,2060,1768,8192,10,11,5,0,1,Exynos,4705,Super AMOLED,90,1,WiFi 6,5.1,No,Yes,Yes,Android,15.6,25,100.0,98.3,86.6,1786.95,Flagship,1705.1,7.74,General User,5.0,3660,93.7,100.0,65.6,10,26401.13,5.81,22930,36877287.15,7.72,24,Telecom Partner,UK,No,2
1287,Oppo,3184,0,1.8,0,14,1,16,0.2,191,8,28,1108,2109,8192,5,7,4,0,1,Apple Bionic,4954,AMOLED,60,1,WiFi 6,5.1,Yes,No,Yes,Android,13.8,120,83.1,79.1,72.4,1409.06,Flagship,1206.48,7.35,Gamer,4.46,825,100.0,100.0,74.9,25,20122.52,7.91,28147,29745608.86,4.78,12,Retail Store,UK,No,0
1288,Xiaomi,6570,0,1.6,0,16,1,32,0.4,197,6,31,1554,560,8192,16,6,11,0,1,Exynos,4558,OLED,60,1,WiFi 6,5.2,No,No,Yes,Android,15.9,120,77.0,20.0,60.7,1165.09,Premium,1040.05,13.17,General User,4.56,8665,77.8,81.7,40.2,10,47700.17,9.81,37102,38904452.26,3.77,24,E-commerce Marketplace,UAE,Yes,1
1289,Oppo,3811,0,3.3,1,32,1,32,0.9,117,6,13,1620,1318,8192,14,9,2,1,1,Exynos,5063,OLED,120,1,WiFi 6,5.1,Yes,Yes,Yes,Android,14.1,25,94.4,20.0,80.8,1156.38,Premium,1100.79,9.3,Student,4.87,251,91.8,80.7,59.8,25,65700.26,6.8,35469,30761731.67,6.0,24,Telecom Partner,Germany,Yes,0
1290,Realme,6306,1,1.2,1,11,1,128,0.8,104,4,79,1687,2189,3072,11,7,12,0,1,Snapdragon,1451,LCD,120,1,WiFi 6,5.2,No,Yes,No,Android,15.6,45,80.5,78.6,66.5,1140.95,Premium,1072.45,8.73,Student,5.0,4015,97.6,100.0,94.3,10,31572.4,10.86,48580,49884615.9,6.21,36,E-commerce Marketplace,Singapore,Yes,1
1291,Realme,4428,0,1.9,1,28,1,256,0.7,113,4,72,1276,2149,8192,10,10,12,1,0,Snapdragon,5301,OLED,60,1,WiFi 6,5.4,Yes,No,No,Android,17.6,45,95.6,62.6,76.4,1592.64,Flagship,1459.12,4.25,General User,4.15,5181,87.5,100.0,85.5,10,30985.96,7.07,45057,64583622.43,3.93,18,Retail Store,UAE,Yes,0
1292,Xiaomi,5987,0,2.6,0,14,1,256,0.4,105,6,34,614,1196,6144,16,7,6,1,1,Apple Bionic,4135,OLED,60,1,WiFi 6E,5.4,Yes,No,Yes,Android,16.9,80,75.1,82.5,89.3,1654.13,Flagship,1880.98,12.31,Student,4.76,1476,98.3,100.0,90.5,5,24076.01,6.63,32015,50309123.35,0.86,12,E-commerce Marketplace,UK,No,1
1293,Google,2657,0,3.5,1,31,1,256,0.5,125,4,11,409,975,6144,9,0,2,0,1,Google Tensor,4066,LCD,120,1,WiFi 5,5.4,Yes,Yes,Yes,Android,18.2,45,79.9,53.6,82.2,1457.37,Flagship,1566.5,10.99,General User,4.85,1889,94.4,100.0,85.9,0,98616.8,3.02,38639,56311319.43,8.76,36,Retail Store,Australia,Yes,0
1294,Apple,6215,1,2.4,0,27,1,64,0.9,191,6,83,353,856,3072,13,11,15,1,0,Exynos,3011,OLED,144,1,WiFi 6E,5.0,Yes,Yes,Yes,iOS,18.6,18,94.1,92.7,90.4,2033.35,Flagship,1733.04,15.31,General User,4.44,4977,88.7,100.0,63.7,25,199448.92,6.08,39581,60361519.76,1.12,36,Online Store,Singapore,Yes,1
1295,Motorola,3870,1,3.1,0,26,1,32,0.3,112,4,91,872,2230,6144,16,2,19,0,1,MediaTek Dimensity,4169,IPS LCD,120,1,WiFi 6,5.2,No,Yes,Yes,Android,13.9,33,92.9,100.0,56.8,1293.6,Flagship,1095.27,7.17,Gamer,4.97,4093,100.0,100.0,72.8,25,40056.45,3.81,37994,36861778.8,5.82,12,E-commerce Marketplace,USA,Yes,0
1296,Samsung,4066,0,3.4,0,24,1,256,0.6,114,8,35,972,578,12288,16,3,5,0,1,Snapdragon,6835,AMOLED,144,0,WiFi 5,5.2,No,Yes,No,Android,17.0,65,79.8,30.4,76.9,1815.68,Flagship,1541.73,17.99,Professional,4.71,1808,100.0,84.4,98.0,10,36694.61,8.54,48576,79378624.51,0.73,24,Online Store,UAE,Yes,2
1297,Google,4918,0,1.2,0,31,1,512,0.1,220,8,100,351,691,6144,13,5,8,1,0,Google Tensor,3633,OLED,120,1,WiFi 6,5.1,Yes,Yes,Yes,Android,17.7,65,86.6,85.8,74.1,1957.63,Flagship,1693.19,9.68,Student,4.07,550,84.7,94.6,67.6,20,19702.16,2.49,20396,31942257.18,6.58,36,Telecom Partner,Germany,No,2
1298,Apple,5448,1,1.0,0,20,1,64,0.2,101,4,27,1382,1143,4096,19,1,15,0,1,Apple Bionic,3152,AMOLED,144,1,WiFi 6,5.0,Yes,Yes,Yes,iOS,19.5,80,75.0,23.0,80.3,1649.09,Flagship,1918.71,16.65,Student,4.08,447,77.0,91.2,83.3,0,793297.48,10.84,73508,121221307.7,0.5,18,Online Store,Australia,Yes,1
1299,Vivo,4714,1,3.4,1,30,1,128,0.8,231,6,88,1607,1744,6144,9,2,17,0,0,Google Tensor,4727,IPS LCD,144,1,WiFi 6,5.1,Yes,No,No,Android,14.5,25,87.5,87.3,74.2,1496.11,Flagship,1741.37,8.25,Business User,4.81,2993,93.1,99.2,65.1,5,96988.2,5.74,26882,38207507.57,1.26,24,E-commerce Marketplace,USA,No,0
1300,Motorola,5696,0,3.1,0,13,1,512,1.0,100,6,100,271,1618,12288,16,5,16,1,0,Apple Bionic,7199,Super AMOLED,120,0,WiFi 5,5.3,No,Yes,Yes,Android,15.5,45,90.6,100.0,89.5,2377.53,Flagship,1953.27,6.61,Professional,5.0,4497,100.0,100.0,74.5,5,35061.91,3.61,36254,81885223.99,6.42,24,Retail Store,Australia,Yes,2
1301,Vivo,3923,1,1.3,0,17,1,256,0.7,184,6,107,799,1120,12288,16,4,5,0,0,Apple Bionic,5949,LCD,144,1,WiFi 5,5.1,Yes,Yes,Yes,Android,17.3,33,86.4,100.0,83.6,1998.43,Flagship,1999.57,7.8,Business User,5.0,178,98.6,87.2,87.5,15,92881.89,2.55,25786,43801788.58,3.0,24,Telecom Partner,Germany,No,2
1302,Samsung,3464,0,1.7,0,18,1,128,0.4,86,6,65,1169,1191,12288,11,1,11,0,0,Snapdragon,6343,OLED,144,1,WiFi 7,5.0,No,Yes,Yes,Android,13.4,120,93.5,100.0,89.9,2010.89,Flagship,2126.45,6.56,Business User,4.74,1079,92.1,62.8,69.0,15,92503.46,5.42,43130,73720232.84,7.69,24,E-commerce Marketplace,Germany,Yes,2
1303,OnePlus,3391,1,1.0,0,4,1,64,0.7,133,10,63,890,622,3072,7,10,6,1,0,Exynos,2850,LCD,90,1,WiFi 6,5.4,Yes,No,Yes,Android,15.3,120,91.4,84.6,72.3,1150.58,Premium,1035.82,3.59,Professional,4.32,7048,88.1,86.9,72.3,0,44775.22,5.35,25003,28767951.74,8.22,12,Retail Store,Germany,No,0
1304,Oppo,3382,1,1.0,0,21,1,128,0.6,145,8,102,1495,515,3072,14,7,13,1,1,MediaTek Dimensity,3321,OLED,60,1,WiFi 7,5.0,Yes,No,No,Android,16.9,33,79.5,82.3,86.6,1180.81,Premium,991.57,2.52,Professional,5.0,1824,93.6,100.0,67.3,10,15380.16,5.33,32489,34527002.48,12.51,12,Retail Store,India,No,0
1305,Motorola,2895,0,3.1,0,29,0,128,0.8,156,10,15,2141,921,6144,12,3,16,0,0,Snapdragon,5191,IPS LCD,144,1,WiFi 5,5.4,Yes,No,Yes,Android,18.6,120,70.6,47.4,77.0,1567.76,Flagship,1532.06,7.27,Gamer,3.95,13433,70.4,82.1,58.0,0,67310.46,4.41,35675,55929838.0,8.28,18,Online Store,Australia,Yes,0
1306,Oppo,6108,0,2.5,0,30,1,256,0.6,139,4,76,1018,758,6144,9,3,10,1,1,Exynos,4222,LCD,144,1,WiFi 5,5.3,Yes,Yes,Yes,Android,12.6,80,90.9,75.8,83.4,1612.62,Flagship,1335.31,12.73,Professional,4.59,1714,97.4,91.7,96.6,5,148405.46,6.09,53863,82517523.51,4.55,24,E-commerce Marketplace,India,Yes,1
1307,Google,3641,1,3.5,0,26,1,128,0.9,114,4,17,431,1134,16384,6,9,14,0,1,Apple Bionic,8134,IPS LCD,60,1,WiFi 7,5.2,Yes,Yes,No,Android,16.3,120,83.4,60.7,84.1,1980.58,Flagship,1746.23,1.2,Business User,4.91,14505,100.0,100.0,89.3,5,36363.77,4.07,17449,32831183.4,5.9,12,Online Store,Germany,No,2
1308,Oppo,6078,1,0.8,0,17,1,256,0.2,88,8,62,639,614,6144,10,6,14,1,0,MediaTek Dimensity,3143,AMOLED,144,1,WiFi 5,5.0,No,Yes,Yes,Android,12.5,33,96.3,75.6,75.2,1614.67,Flagship,1563.81,12.73,General User,4.29,5403,93.3,88.2,61.7,20,96467.37,9.66,48028,62039496.61,3.71,12,Telecom Partner,Singapore,Yes,1
1309,Motorola,6579,0,2.2,1,0,1,256,0.4,175,4,97,2104,880,8192,16,1,16,1,1,MediaTek Dimensity,4869,IPS LCD,120,1,WiFi 7,5.0,Yes,Yes,No,Android,13.6,33,93.1,74.1,84.5,1828.2,Flagship,2118.15,0.21,Gamer,4.22,1640,89.8,100.0,64.0,15,47380.28,8.59,21963,34129843.11,3.62,24,E-commerce Marketplace,UK,No,1
1310,Samsung,5213,0,1.0,1,6,0,256,0.1,192,10,23,1507,894,4096,15,9,16,1,1,Snapdragon,3945,AMOLED,120,0,WiFi 6,5.0,Yes,Yes,Yes,Android,13.9,33,88.9,27.9,78.8,1251.51,Flagship,1039.32,12.7,General User,3.94,1096,80.0,82.8,78.4,25,30666.24,5.85,39977,37523711.45,2.68,24,Online Store,Germany,Yes,1
1311,Samsung,5977,0,1.7,0,22,1,128,0.3,172,8,13,163,1568,12288,15,0,2,1,0,Snapdragon,6973,IPS LCD,120,1,WiFi 5,5.3,Yes,Yes,Yes,Android,14.0,65,100.0,28.7,61.2,1808.04,Flagship,1656.58,8.25,General User,4.72,2763,93.5,100.0,83.2,5,65277.11,7.12,40363,69329022.59,5.76,18,Online Store,USA,Yes,2
1312,Realme,4454,1,2.8,1,22,1,256,0.3,236,10,81,182,1057,8192,16,0,18,0,1,MediaTek Dimensity,6434,Super AMOLED,60,1,WiFi 6E,5.3,No,Yes,Yes,Android,14.9,80,80.7,73.0,79.8,1828.03,Flagship,1841.93,2.06,Student,4.21,399,100.0,94.9,83.7,20,274743.65,9.35,57544,84153726.66,3.59,24,E-commerce Marketplace,Singapore,Yes,2
1313,Oppo,6934,1,3.1,1,14,1,128,0.7,122,4,10,1171,830,6144,12,9,9,1,1,MediaTek Dimensity,4889,OLED,90,1,WiFi 6E,5.3,Yes,Yes,Yes,Android,16.1,65,93.5,37.6,75.0,1484.37,Flagship,1704.15,6.39,Gamer,4.4,4652,92.3,100.0,78.4,5,58442.95,5.35,36267,51141964.45,7.4,24,Retail Store,Singapore,Yes,1
1314,Xiaomi,4374,0,3.4,0,14,1,256,0.9,82,6,41,754,1002,8192,19,5,16,1,0,Apple Bionic,5690,AMOLED,90,0,WiFi 6E,5.4,Yes,No,Yes,Android,17.5,25,86.0,74.4,72.1,1698.07,Flagship,1456.08,5.86,Student,4.91,11523,99.7,82.7,81.8,5,13052.3,6.57,27639,44586308.89,0.5,12,Online Store,UAE,No,0
1315,Samsung,3163,1,2.7,1,2,1,256,0.9,201,4,79,1044,745,2048,11,3,3,0,1,Apple Bionic,3119,AMOLED,90,1,WiFi 6,5.0,No,Yes,Yes,Android,12.3,18,89.6,80.1,72.9,1433.51,Flagship,1404.59,11.71,Professional,4.99,9099,98.8,90.2,76.5,10,155547.28,6.7,58990,76106479.41,2.61,18,E-commerce Marketplace,Germany,Yes,0
1316,Oppo,3737,0,1.3,0,1,1,128,0.5,139,4,90,904,745,4096,18,9,13,1,0,MediaTek Dimensity,2578,Super AMOLED,90,1,WiFi 6,5.2,No,Yes,Yes,Android,16.4,33,69.2,99.1,85.3,1512.65,Flagship,1723.87,8.27,Student,4.53,370,93.9,94.2,93.9,0,5852.06,9.15,46969,71047657.85,4.56,12,Telecom Partner,India,Yes,0
1317,Xiaomi,5205,0,1.8,1,22,1,128,0.4,82,8,53,1980,2173,6144,13,5,19,0,0,Snapdragon,4358,LCD,90,1,WiFi 6E,5.2,No,Yes,Yes,Android,16.9,65,86.4,79.9,92.6,1649.24,Flagship,1368.93,0.1,General User,4.8,1951,100.0,68.0,80.1,0,48706.53,3.71,40715,67148806.6,4.84,36,E-commerce Marketplace,UK,Yes,1
1318,Realme,3275,1,3.0,1,27,0,256,0.5,83,8,61,897,2096,12288,5,2,11,0,0,MediaTek Dimensity,6952,OLED,60,1,WiFi 6,5.4,Yes,No,Yes,Android,14.5,25,79.5,68.6,83.1,1910.16,Flagship,2148.39,1.77,Student,4.42,471,97.5,72.8,84.4,15,73118.01,8.5,45137,73286058.13,5.26,12,Retail Store,UAE,Yes,2
1319,Realme,5114,1,2.7,1,1,1,256,0.4,108,10,59,493,1772,8192,16,10,4,1,1,MediaTek Dimensity,5536,LCD,120,1,WiFi 5,5.4,Yes,Yes,Yes,Android,13.8,18,85.4,70.7,72.8,1665.12,Flagship,1674.53,5.58,Student,3.89,1156,74.0,72.3,49.5,15,116479.75,10.0,35575,50351147.4,3.44,18,E-commerce Marketplace,Singapore,Yes,1
1320,Vivo,5368,1,3.1,1,1,1,128,0.8,239,6,39,793,1469,8192,14,0,16,0,1,MediaTek Dimensity,5211,IPS LCD,144,1,WiFi 6,5.0,Yes,Yes,Yes,Android,17.3,33,86.5,20.0,74.9,1479.28,Flagship,1503.91,12.25,Student,4.62,714,98.8,89.8,69.2,0,140771.49,8.54,46528,68827939.84,5.46,24,E-commerce Marketplace,Germany,Yes,1
1321,Apple,6536,1,3.5,0,22,1,128,0.6,182,8,64,1499,590,8192,12,0,12,0,0,Google Tensor,6017,IPS LCD,60,1,WiFi 5,5.0,No,No,Yes,iOS,17.9,45,87.5,73.9,62.3,1896.68,Flagship,2198.46,9.6,Student,4.61,227,99.2,71.9,50.1,0,64633.19,3.04,30162,57207662.16,4.68,18,Retail Store,India,No,1
1322,Realme,6533,0,2.1,1,5,1,128,0.7,207,8,8,1462,1924,2048,11,10,18,0,1,MediaTek Dimensity,3121,Super AMOLED,60,1,WiFi 6,5.1,No,Yes,Yes,Android,17.7,45,88.3,35.3,77.3,1203.9,Flagship,1141.29,6.86,General User,3.49,627,74.3,81.0,64.6,20,37706.19,2.12,29240,28161628.8,9.03,24,Retail Store,Germany,No,1
1323,Xiaomi,5700,0,1.8,0,25,1,128,0.3,206,6,47,1856,2281,4096,8,5,12,0,0,MediaTek Dimensity,3261,IPS LCD,90,1,WiFi 6,5.3,Yes,Yes,Yes,Android,18.2,65,92.1,81.9,76.1,1054.01,Premium,875.67,8.83,Gamer,4.11,3701,80.9,100.0,86.3,5,82795.44,3.22,31028,31068631.17,2.53,36,E-commerce Marketplace,Australia,No,1
1324,Samsung,6257,0,3.5,1,17,1,128,0.3,216,6,93,466,1761,6144,9,4,15,0,0,Apple Bionic,4914,OLED,60,0,WiFi 6,5.0,No,Yes,No,Android,16.3,65,87.5,100.0,92.9,1439.61,Flagship,1376.59,17.62,Student,4.9,20322,100.0,100.0,78.8,10,91017.08,7.45,43594,56482522.51,8.18,18,E-commerce Marketplace,Germany,Yes,1
1325,Oppo,2919,0,2.7,1,31,0,32,0.7,139,10,40,1032,2346,3072,7,7,10,1,1,Google Tensor,3793,IPS LCD,90,0,WiFi 6,5.3,No,No,No,Android,17.1,120,85.4,51.0,78.2,1253.37,Flagship,1287.83,7.62,Gamer,4.96,559,95.2,100.0,84.8,10,43346.52,7.03,47575,53666169.97,6.02,12,Online Store,USA,Yes,0
1326,Apple,4909,1,3.2,1,15,1,256,0.6,138,8,18,2189,728,2048,14,3,5,0,0,Google Tensor,3302,Super AMOLED,90,1,WiFi 5,5.4,No,No,Yes,iOS,20.0,65,84.2,20.0,85.6,1666.23,Flagship,1562.36,13.45,Gamer,4.37,948,89.8,100.0,71.7,10,57539.33,4.71,49031,73527230.82,5.73,12,Retail Store,India,Yes,1
1327,OnePlus,6834,1,1.5,1,23,1,128,0.5,221,4,67,1293,1569,2048,5,4,13,1,0,Snapdragon,2052,AMOLED,144,1,WiFi 5,5.2,No,Yes,No,Android,15.9,120,90.6,59.9,68.4,1189.92,Premium,1182.12,8.44,Gamer,4.39,431,79.3,88.0,69.0,15,50680.67,5.86,39495,39946506.84,6.91,24,Retail Store,USA,Yes,1
1328,Apple,2952,0,2.1,1,23,1,128,0.7,108,6,68,1202,1416,12288,18,9,6,0,1,MediaTek Dimensity,7006,LCD,120,1,WiFi 6E,5.2,Yes,Yes,Yes,iOS,18.8,65,98.0,65.9,68.0,2370.84,Flagship,1957.95,18.21,Professional,4.68,325,90.6,100.0,65.7,20,23955.71,2.16,22997,43617765.98,3.56,12,Retail Store,UK,No,2
1329,Oppo,5693,1,0.9,0,10,1,128,0.9,227,6,94,1715,1037,12288,12,5,10,1,1,Snapdragon,6012,Super AMOLED,120,1,WiFi 6,5.3,Yes,Yes,Yes,Android,15.2,25,90.7,100.0,90.2,1706.53,Flagship,1993.41,11.29,Business User,5.0,1288,95.5,100.0,61.7,20,49997.09,8.94,23726,32391304.62,3.35,36,E-commerce Marketplace,India,No,2
1330,Google,5534,0,3.1,0,28,1,64,0.5,169,10,64,1145,547,6144,15,7,13,0,1,Apple Bionic,4974,Super AMOLED,120,1,WiFi 5,5.1,Yes,Yes,No,Android,14.5,18,99.0,65.8,93.6,1566.17,Flagship,1449.47,0.1,General User,5.0,263,96.0,100.0,66.5,5,51777.47,7.77,35843,53329419.74,6.2,36,Retail Store,Singapore,Yes,1
1331,Xiaomi,4332,0,1.8,1,27,1,512,1.0,89,6,75,1154,1483,8192,8,7,6,0,0,Snapdragon,5380,AMOLED,60,1,WiFi 6E,5.2,Yes,Yes,Yes,Android,13.7,45,100.0,80.5,91.4,2195.31,Flagship,2014.26,7.86,Professional,4.8,642,97.2,100.0,98.1,20,58049.44,7.06,45549,79995340.15,4.87,24,Retail Store,UAE,Yes,2
1332,Apple,5989,1,0.9,0,19,1,128,0.8,130,10,107,323,1831,3072,8,6,6,1,1,Exynos,3193,IPS LCD,60,1,WiFi 6,5.2,Yes,Yes,Yes,iOS,17.6,18,87.3,74.6,76.1,1784.65,Flagship,2068.03,19.01,Student,4.91,4049,95.8,96.1,78.9,5,143422.26,3.73,35086,59485418.4,7.77,12,Online Store,Germany,Yes,1
1333,OnePlus,5151,0,3.2,0,14,1,32,0.5,137,4,72,315,1019,8192,13,8,18,1,0,Snapdragon,5198,IPS LCD,60,1,WiFi 5,5.2,No,Yes,Yes,Android,16.2,65,94.0,62.0,68.2,1059.25,Premium,1065.13,6.34,General User,3.94,2962,85.4,100.0,67.5,10,14182.82,8.98,47910,45673800.75,3.68,12,Telecom Partner,India,Yes,1
1334,Google,4095,0,1.1,1,32,1,128,0.2,174,4,40,1232,567,6144,6,6,16,0,1,Google Tensor,3581,OLED,144,1,WiFi 6E,5.2,Yes,Yes,Yes,Android,17.7,80,88.5,33.1,59.7,1267.97,Flagship,1074.59,11.1,General User,4.28,1151,76.6,66.6,59.6,10,17205.93,6.13,20919,23872197.99,6.02,18,E-commerce Marketplace,UK,No,0
1335,Oppo,5189,1,3.3,0,28,1,256,0.7,123,4,80,914,1836,8192,13,4,13,0,0,Google Tensor,4943,IPS LCD,60,1,WiFi 6,5.2,No,Yes,Yes,Android,18.6,25,88.9,80.2,64.2,1435.41,Flagship,1574.54,2.05,Student,4.44,484,83.7,77.7,62.8,0,200030.07,6.65,48339,69386283.99,6.58,24,Online Store,Germany,Yes,1
1336,Vivo,4259,1,2.9,1,22,0,128,0.8,170,4,56,1221,1777,16384,10,5,4,0,1,Exynos,8070,OLED,144,1,WiFi 5,5.4,No,No,No,Android,13.1,65,100.0,68.5,87.0,2179.7,Flagship,2288.7,10.21,General User,5.0,316,94.8,75.6,95.0,10,62541.31,4.27,43049,84450514.77,0.5,12,Telecom Partner,Australia,Yes,2
1337,Xiaomi,5469,1,3.1,1,16,1,64,0.8,104,8,69,1738,760,8192,19,2,9,1,1,MediaTek Dimensity,5512,Super AMOLED,90,1,WiFi 5,5.4,Yes,Yes,Yes,Android,14.0,120,76.5,83.6,68.2,1550.01,Flagship,1711.8,8.73,Student,4.85,1201,95.9,91.7,68.7,25,5320.26,8.03,41432,48165010.74,7.01,12,Online Store,USA,Yes,1
1338,Realme,3294,1,2.6,0,9,1,256,0.7,196,8,71,1820,1587,2048,16,5,10,1,1,Snapdragon,3156,AMOLED,144,1,WiFi 6E,5.0,Yes,Yes,Yes,Android,12.6,65,83.7,100.0,100.0,1945.05,Flagship,1981.21,5.82,Professional,5.0,966,100.0,95.9,79.2,0,34614.82,7.77,32249,62725917.45,2.51,18,E-commerce Marketplace,India,No,0
1339,Apple,4854,0,1.7,0,6,1,64,0.7,150,8,41,1312,1970,12288,13,6,4,0,1,Snapdragon,6362,IPS LCD,120,1,WiFi 6E,5.0,Yes,Yes,Yes,iOS,19.9,80,100.0,53.4,79.5,1938.2,Flagship,2049.62,19.19,Student,3.83,577,88.3,83.7,72.7,0,55085.65,6.09,25353,49139184.6,5.39,36,Online Store,Singapore,No,2
1340,Xiaomi,6933,1,2.9,0,6,1,128,0.2,217,10,66,506,1860,4096,9,8,9,1,1,Google Tensor,4222,OLED,144,1,WiFi 6E,5.0,Yes,Yes,Yes,Android,12.4,80,100.0,60.1,90.9,1356.05,Flagship,1556.63,11.21,Business User,4.04,982,89.8,84.7,53.1,10,34726.79,14.53,44435,54230473.58,10.85,24,Online Store,UAE,Yes,1
1341,Motorola,4917,1,1.2,1,22,1,64,0.7,105,6,32,838,732,4096,11,10,3,1,0,MediaTek Dimensity,2980,IPS LCD,120,1,WiFi 6,5.0,Yes,No,No,Android,15.9,25,100.0,75.0,79.4,1335.83,Flagship,1484.8,12.85,General User,4.56,3213,94.2,72.3,78.0,0,13181.14,3.02,36579,48863325.57,3.86,36,Telecom Partner,Germany,Yes,1
1342,Samsung,4250,1,3.4,1,3,1,256,0.8,89,8,8,969,1710,4096,18,5,19,0,0,Apple Bionic,5406,AMOLED,120,1,WiFi 6E,5.4,No,Yes,Yes,Android,18.9,18,84.1,26.8,99.7,1498.23,Flagship,1507.99,18.81,Professional,4.49,809,89.5,100.0,77.1,15,86793.7,5.41,33011,42039359.95,2.32,18,Retail Store,Germany,No,0
1343,Oppo,4736,1,1.1,0,14,1,128,0.5,192,8,51,2160,660,4096,11,0,5,0,0,Exynos,2769,LCD,60,1,WiFi 5,5.4,Yes,No,Yes,Android,18.4,45,92.4,79.8,100.0,1362.29,Flagship,1370.37,4.27,Business User,4.28,6924,88.9,100.0,63.6,5,47161.75,7.2,39877,51607836.41,3.32,12,E-commerce Marketplace,Australia,Yes,0
1344,Realme,5992,0,2.6,1,28,1,128,0.7,213,4,66,1164,728,12288,10,7,13,0,1,Apple Bionic,6367,IPS LCD,144,1,WiFi 6E,5.1,Yes,Yes,Yes,Android,18.7,33,85.6,70.1,69.5,1864.8,Flagship,1563.5,11.27,General User,5.0,4383,95.0,87.9,83.3,0,73085.47,2.17,22813,42541682.4,5.93,18,E-commerce Marketplace,UK,No,2
1345,Realme,6074,0,2.4,0,8,1,128,0.1,221,10,39,1944,2387,6144,5,4,13,1,1,Exynos,4848,OLED,90,0,WiFi 6,5.1,Yes,Yes,Yes,Android,13.7,18,95.9,56.7,91.7,1117.3,Premium,1283.43,12.87,Professional,4.46,2309,100.0,79.5,84.4,20,10918.09,4.22,24245,21671150.8,0.5,12,Retail Store,UK,No,1
1346,Realme,3526,1,3.3,1,29,1,128,0.8,122,10,80,1120,2400,8192,11,3,6,1,0,Google Tensor,6594,AMOLED,120,1,WiFi 6E,5.2,No,Yes,Yes,Android,19.0,65,92.0,92.9,66.2,1807.51,Flagship,1490.82,1.18,Student,4.91,1296,100.0,78.1,91.1,15,13006.52,3.29,40726,62570754.42,0.76,12,E-commerce Marketplace,India,Yes,0
1347,Realme,4274,0,1.6,1,25,1,128,0.5,151,8,92,1045,575,12288,16,3,11,0,1,MediaTek Dimensity,6191,IPS LCD,120,1,WiFi 6E,5.4,Yes,Yes,Yes,Android,14.7,18,81.9,77.3,63.4,1848.69,Flagship,2065.61,1.06,Student,4.34,689,87.7,79.4,52.4,25,478687.2,10.64,50503,70023293.3,5.2,36,Retail Store,UAE,Yes,2
1348,Google,4375,1,3.0,1,14,0,64,0.4,237,6,31,2017,1747,8192,13,3,13,0,0,Google Tensor,5217,AMOLED,144,1,WiFi 5,5.1,No,Yes,Yes,Android,18.5,33,87.8,68.9,76.9,1543.0,Flagship,1282.52,9.43,General User,4.36,706,92.2,88.1,54.3,0,115623.59,1.96,28306,43676158.0,1.24,12,E-commerce Marketplace,UK,No,0
1349,Samsung,3372,1,3.1,1,32,1,128,1.0,118,10,66,526,554,3072,12,2,19,1,0,Exynos,4237,OLED,60,1,WiFi 6E,5.0,Yes,No,Yes,Android,18.1,25,68.1,91.5,74.0,1120.34,Premium,1089.69,14.1,Student,5.0,2066,97.9,100.0,84.2,10,108737.89,8.31,48579,48982497.17,4.6,18,Retail Store,Australia,Yes,0
1350,OnePlus,2561,0,2.5,0,11,1,256,0.3,118,6,65,1639,847,3072,14,10,18,1,0,Exynos,2936,Super AMOLED,120,0,WiFi 7,5.1,Yes,Yes,Yes,Android,17.6,45,94.6,72.6,84.1,1565.37,Flagship,1381.66,4.92,General User,5.0,2024,97.3,100.0,65.2,0,138847.81,3.46,41167,64441586.79,6.33,18,Retail Store,Australia,Yes,0
1351,Oppo,3512,0,0.9,0,17,1,256,0.8,132,6,17,1400,1559,8192,19,1,2,1,0,MediaTek Dimensity,4069,Super AMOLED,120,1,WiFi 6,5.1,Yes,Yes,No,Android,13.3,120,88.4,48.2,98.4,1776.51,Flagship,2038.34,3.55,General User,4.72,3806,97.5,73.7,79.4,25,7297.38,9.24,50667,67507824.13,2.25,12,Online Store,India,Yes,0
1352,Vivo,6755,1,1.5,1,11,1,256,0.6,142,4,92,376,1170,6144,16,11,3,0,0,Snapdragon,4213,LCD,60,0,WiFi 6E,5.4,Yes,No,Yes,Android,17.3,25,89.5,100.0,56.8,1431.89,Flagship,1631.41,6.28,Business User,5.0,1943,97.8,98.8,71.2,10,5000.0,3.23,17117,22058695.02,7.09,36,E-commerce Marketplace,USA,No,1
1353,Realme,6713,0,1.0,0,22,1,128,0.7,97,8,39,1051,1597,12288,16,2,5,1,0,Snapdragon,6511,Super AMOLED,120,1,WiFi 6,5.4,Yes,No,Yes,Android,17.1,18,100.0,74.1,78.1,1795.53,Flagship,1619.44,11.7,Gamer,4.19,198,84.9,90.2,75.4,5,27734.38,2.79,41389,70599431.61,1.73,36,Online Store,UAE,Yes,2
1354,Xiaomi,3239,1,3.5,1,18,1,128,0.9,160,6,5,1663,1890,12288,8,4,9,1,1,MediaTek Dimensity,6577,OLED,120,0,WiFi 6,5.1,No,Yes,Yes,Android,14.0,80,90.0,46.8,87.2,1599.93,Flagship,1503.05,0.1,Professional,5.0,5804,90.0,77.2,74.2,25,29410.87,11.48,53543,64248788.99,3.2,36,Retail Store,UAE,Yes,2
1355,Apple,5268,1,2.3,0,24,1,64,0.5,207,6,80,871,1611,6144,5,7,15,0,0,MediaTek Dimensity,4292,AMOLED,60,1,WiFi 6,5.3,Yes,Yes,No,iOS,18.4,25,85.1,80.1,100.0,1710.19,Flagship,1570.84,17.43,Gamer,5.0,7851,91.6,83.7,50.2,20,52732.08,9.25,33393,45686699.74,3.61,24,Retail Store,UAE,No,1
1356,Vivo,6301,0,2.8,0,26,1,256,0.8,196,6,14,1542,1796,6144,18,4,18,0,0,Google Tensor,4701,IPS LCD,144,1,WiFi 7,5.1,No,Yes,Yes,Android,12.6,80,84.2,22.5,89.5,1649.32,Flagship,1695.42,8.34,Student,4.4,1113,85.9,100.0,47.1,20,19375.61,8.57,41862,55235067.07,5.52,36,Retail Store,India,Yes,1
1357,Vivo,4081,0,2.9,0,4,1,128,0.4,181,8,46,1668,1843,12288,9,2,10,1,1,Snapdragon,7337,OLED,90,0,WiFi 6,5.1,Yes,Yes,Yes,Android,19.0,25,94.6,77.7,81.6,1570.05,Flagship,1445.0,0.67,Business User,4.85,4739,94.8,80.5,63.9,10,57211.26,7.6,38185,53957123.32,7.19,12,Online Store,India,Yes,2
1358,OnePlus,3141,0,3.0,0,25,1,128,0.3,209,6,93,1948,1458,6144,12,10,14,0,0,MediaTek Dimensity,4410,AMOLED,144,0,WiFi 6E,5.3,No,Yes,No,Android,15.8,33,91.1,84.0,91.7,1207.32,Flagship,1385.74,11.48,Student,5.0,1977,100.0,84.3,76.3,5,98083.88,11.33,44451,50983252.25,7.87,18,E-commerce Marketplace,Australia,Yes,0
1359,Oppo,6541,0,2.5,0,14,1,128,0.3,141,4,41,2194,2383,2048,6,8,12,1,1,Apple Bionic,2422,LCD,144,1,WiFi 6E,5.2,Yes,No,Yes,Android,16.0,45,88.4,68.1,75.6,1337.4,Flagship,1460.39,7.58,Student,5.0,4911,95.5,92.6,63.1,15,50680.67,2.9,38870,44187027.3,2.9,24,Online Store,USA,Yes,1
1360,Samsung,2603,0,2.9,0,0,1,128,0.2,82,4,107,626,514,12288,15,2,15,1,0,Snapdragon,6264,IPS LCD,120,1,WiFi 6,5.2,No,Yes,No,Android,13.5,25,85.8,99.4,75.9,1979.12,Flagship,2140.31,16.49,General User,5.0,2030,100.0,100.0,65.0,5,74091.5,10.47,25737,48389780.87,2.52,12,Online Store,Australia,No,2
1361,Samsung,3260,1,1.0,1,10,1,128,0.1,82,10,37,1837,740,8192,13,10,13,0,1,Apple Bionic,4426,LCD,60,1,WiFi 6,5.1,Yes,Yes,Yes,Android,17.0,80,86.4,44.9,59.3,1341.78,Flagship,1358.65,10.78,Professional,3.74,13204,73.4,56.9,72.3,0,112871.62,6.18,37754,50657562.12,6.82,24,Retail Store,India,Yes,0
1362,Realme,3732,0,3.2,1,30,1,128,0.1,131,8,91,603,578,6144,17,7,17,0,1,Google Tensor,6128,Super AMOLED,60,1,WiFi 7,5.3,Yes,Yes,Yes,Android,13.1,18,76.6,88.3,92.9,1356.92,Flagship,1359.88,5.47,Business User,4.73,1071,86.2,100.0,75.3,25,32707.68,11.53,46977,47808023.13,2.38,24,Telecom Partner,India,Yes,0
1363,Xiaomi,3080,1,1.4,1,1,1,256,1.0,132,4,59,531,2049,4096,7,0,12,0,0,Snapdragon,3090,AMOLED,90,1,WiFi 6,5.2,Yes,No,Yes,Android,18.5,80,88.2,84.5,87.4,1686.18,Flagship,1413.36,9.16,General User,4.91,1085,100.0,84.1,72.1,5,22912.88,6.74,30838,49398497.9,5.58,18,Online Store,India,No,0
1364,Realme,4452,1,1.8,1,18,1,128,0.5,183,10,21,124,1771,4096,15,9,12,1,1,Snapdragon,4141,LCD,60,1,WiFi 6,5.4,Yes,No,Yes,Android,14.5,65,92.3,53.3,85.2,1111.86,Premium,1103.13,7.77,Professional,4.6,2462,89.1,100.0,64.7,5,19121.5,4.98,33455,35337412.48,6.35,18,E-commerce Marketplace,India,No,0
1365,Samsung,6153,0,0.9,1,29,1,128,0.7,207,8,93,2156,1451,2048,12,11,18,1,1,Snapdragon,3021,LCD,120,1,WiFi 6E,5.1,Yes,Yes,Yes,Android,14.9,33,90.0,80.4,75.8,1297.95,Flagship,1528.37,7.43,Gamer,4.89,717,100.0,90.8,68.7,0,188017.17,9.16,54192,70338506.4,6.17,24,Online Store,UAE,Yes,1
1366,Xiaomi,6573,0,2.2,0,0,1,256,0.5,147,8,44,1282,1746,4096,18,6,8,1,1,Snapdragon,4033,AMOLED,90,1,WiFi 5,5.4,Yes,Yes,No,Android,15.4,18,82.3,33.4,91.0,1511.45,Flagship,1474.31,3.0,Gamer,3.77,5858,77.4,72.3,56.0,20,108993.83,7.6,33324,40294047.84,2.78,36,E-commerce Marketplace,UAE,No,1
1367,Vivo,4306,0,3.4,1,15,1,128,0.6,235,10,23,1328,957,8192,12,3,17,1,1,MediaTek Dimensity,6253,Super AMOLED,144,1,WiFi 5,5.2,Yes,Yes,Yes,Android,14.7,45,94.6,20.0,74.2,1623.35,Flagship,1497.8,2.41,Business User,4.76,2418,98.7,99.0,64.9,5,70029.43,3.7,44352,68398878.24,0.82,24,Telecom Partner,Singapore,Yes,0
1368,Samsung,5176,1,2.8,0,28,1,64,0.3,198,4,12,1695,1392,6144,5,4,6,1,1,Google Tensor,4912,IPS LCD,144,1,WiFi 6,5.0,No,Yes,No,Android,12.7,65,93.0,54.0,82.3,1479.3,Flagship,1627.25,12.34,General User,4.55,525,93.1,87.3,72.4,20,8611.95,4.0,35368,41855905.92,9.47,24,Retail Store,India,Yes,1
1369,Xiaomi,4457,1,1.0,1,26,1,16,0.6,81,8,75,874,1077,3072,6,6,18,1,0,Exynos,3009,Super AMOLED,144,0,WiFi 5,5.3,Yes,No,Yes,Android,18.1,45,88.9,60.0,79.1,1089.16,Premium,1131.36,5.87,Student,4.54,445,96.1,100.0,78.4,10,13947.52,4.5,40504,39703802.98,8.08,18,Online Store,Australia,Yes,0
1370,Motorola,5360,0,3.1,1,16,1,64,0.6,121,10,28,389,546,12288,16,3,19,1,1,Apple Bionic,7799,LCD,90,1,WiFi 6,5.2,Yes,Yes,No,Android,13.1,25,80.2,44.9,74.5,1597.34,Flagship,1346.18,8.91,Professional,4.73,2008,87.3,100.0,79.5,0,227296.46,6.95,58447,93359730.98,4.18,18,Retail Store,UK,Yes,2
1371,Motorola,5209,0,2.3,1,10,1,256,0.2,111,6,91,1102,1038,6144,16,8,14,1,1,Google Tensor,4266,IPS LCD,120,1,WiFi 5,5.3,Yes,No,No,Android,18.5,65,94.3,100.0,75.0,2047.97,Flagship,2075.63,8.18,Student,5.0,530,99.9,79.8,52.1,5,30140.29,0.1,25163,48956415.65,6.5,36,Online Store,Singapore,No,2
1372,Realme,3722,0,2.5,1,25,1,128,0.3,115,4,17,614,2099,8192,7,10,7,0,1,Google Tensor,4456,LCD,90,0,WiFi 6,5.4,Yes,No,Yes,Android,12.4,80,83.7,33.6,71.5,1400.31,Flagship,1528.61,8.25,General User,4.34,594,84.6,100.0,76.4,5,10991.7,4.04,32352,43037687.66,8.01,18,Telecom Partner,Germany,No,0
1373,Vivo,3050,1,2.6,0,4,1,512,0.4,129,8,59,1084,2325,12288,8,11,12,0,1,Snapdragon,6833,LCD,120,1,WiFi 6E,5.1,Yes,Yes,Yes,Android,17.4,80,92.7,51.3,80.1,2249.21,Flagship,2449.63,9.68,Business User,3.35,2567,69.9,95.3,76.3,15,277813.58,7.8,50224,96019674.58,5.13,12,Retail Store,USA,Yes,2
1374,Realme,4033,0,3.4,0,28,1,256,0.7,118,10,32,475,687,4096,17,7,13,1,1,Exynos,5418,OLED,60,1,WiFi 6,5.3,No,Yes,No,Android,12.8,25,89.5,70.2,72.4,1355.15,Flagship,1195.7,5.61,General User,5.0,581,100.0,95.7,81.3,0,33549.91,6.34,31370,42511055.5,0.5,12,Online Store,Singapore,No,0
1375,Google,6344,0,2.1,0,13,1,128,0.7,140,6,43,1576,996,6144,11,4,11,1,1,MediaTek Dimensity,4045,Super AMOLED,144,1,WiFi 6,5.3,Yes,No,Yes,Android,15.8,25,98.2,57.2,83.2,1499.45,Flagship,1690.73,2.68,Business User,4.71,3726,90.7,96.5,83.5,0,7061.32,11.58,42865,64273924.25,3.95,24,Telecom Partner,USA,Yes,1
1376,Motorola,5605,0,2.7,1,30,1,512,0.5,109,10,25,965,1382,3072,7,1,3,0,0,Google Tensor,3814,AMOLED,60,1,WiFi 6,5.4,Yes,Yes,Yes,Android,13.6,80,79.9,53.0,96.1,1589.08,Flagship,1713.85,10.26,Professional,4.21,891,84.3,91.5,73.0,20,30349.97,8.25,21822,27741523.01,5.84,24,Retail Store,Australia,No,1
1377,Samsung,5640,1,2.5,1,1,1,16,0.6,110,6,102,2198,2005,3072,13,0,13,0,1,Google Tensor,2848,IPS LCD,60,0,WiFi 6,5.3,No,Yes,Yes,Android,17.7,25,83.2,97.1,77.0,968.06,Premium,1134.16,9.82,Student,4.86,2732,90.2,100.0,70.5,0,152642.54,5.91,27918,27026299.08,0.5,36,Telecom Partner,UK,No,1
1378,Oppo,3308,0,1.9,1,6,1,128,1.0,110,6,17,1577,2262,4096,11,11,6,0,0,Apple Bionic,3786,AMOLED,144,1,WiFi 5,5.1,No,Yes,Yes,Android,17.9,18,79.1,57.4,78.8,1338.36,Flagship,1177.23,8.09,Gamer,4.58,1265,84.9,74.6,68.3,0,130393.37,7.22,43166,57771647.76,5.48,24,Online Store,UK,Yes,0
1379,Vivo,6444,0,1.5,0,9,1,128,0.6,115,10,50,1884,2234,12288,5,8,16,1,0,Apple Bionic,6531,Super AMOLED,60,1,WiFi 6,5.3,Yes,Yes,Yes,Android,17.0,45,87.6,53.3,73.7,1714.13,Flagship,1576.5,5.18,General User,4.69,1548,100.0,100.0,82.2,10,26678.72,10.79,47823,73777355.09,5.46,24,Telecom Partner,Germany,Yes,2
1380,Oppo,3757,1,1.4,0,19,1,128,0.3,107,4,15,1141,880,8192,15,7,7,1,0,Exynos,3638,LCD,120,1,WiFi 6,5.0,Yes,Yes,Yes,Android,17.7,80,86.2,73.9,74.2,1764.63,Flagship,1728.35,7.11,General User,4.4,278,85.8,66.1,40.0,25,6284.23,7.83,35071,46415504.05,4.74,18,E-commerce Marketplace,Singapore,Yes,0
1381,Vivo,4621,0,1.9,1,19,1,16,0.3,95,10,31,340,2004,8192,19,7,19,0,1,MediaTek Dimensity,4738,Super AMOLED,90,1,WiFi 6,5.1,No,No,Yes,Android,14.6,25,100.0,68.2,86.5,1300.69,Flagship,1378.4,8.15,Student,4.71,3001,94.3,100.0,83.8,15,34607.55,5.55,30934,34200212.79,2.81,36,Online Store,India,No,0
1382,OnePlus,5846,0,1.4,1,19,1,256,0.2,219,6,106,1520,1593,8192,6,8,10,0,1,Google Tensor,5533,OLED,60,0,WiFi 6E,5.3,Yes,Yes,Yes,Android,12.4,45,81.4,85.2,84.2,1525.2,Flagship,1533.24,1.75,Professional,5.0,3953,99.6,100.0,67.6,25,110531.69,8.26,37225,42581677.5,4.48,24,Retail Store,India,Yes,1
1383,Xiaomi,5958,1,3.1,1,12,1,256,0.4,183,8,9,1668,1188,12288,17,3,9,0,0,Snapdragon,6882,IPS LCD,144,1,WiFi 6,5.2,No,No,Yes,Android,12.2,45,96.1,55.6,84.5,1909.05,Flagship,1596.15,11.3,Business User,3.72,1333,89.1,89.1,59.0,25,73236.77,13.48,42822,61312004.32,1.2,12,Telecom Partner,Australia,Yes,2
1384,Oppo,5116,1,1.3,1,1,1,128,0.6,210,6,16,115,1423,8192,8,10,2,0,0,Google Tensor,4324,OLED,60,0,WiFi 6,5.3,Yes,Yes,Yes,Android,12.5,120,87.7,41.1,68.2,1274.63,Flagship,1092.79,9.93,Student,3.61,580,80.2,66.8,64.1,10,48524.18,0.59,40099,46000249.53,0.55,18,E-commerce Marketplace,UAE,Yes,1
1385,OnePlus,3872,0,2.7,1,7,1,128,0.5,162,10,35,1390,1060,4096,10,11,6,1,1,MediaTek Dimensity,4418,IPS LCD,120,1,WiFi 7,5.1,Yes,Yes,No,Android,12.3,33,78.6,42.7,77.7,1234.61,Flagship,1080.36,1.39,Professional,4.55,604,96.6,95.8,82.0,15,12104.91,5.88,39790,41756362.12,4.97,18,Online Store,Singapore,Yes,0
1386,Vivo,3447,1,2.7,0,1,1,32,0.8,98,6,88,363,1231,12288,11,9,13,1,0,Snapdragon,6874,AMOLED,144,0,WiFi 7,5.0,Yes,Yes,Yes,Android,17.3,120,93.6,44.6,86.2,1640.84,Flagship,1413.05,0.57,Gamer,4.5,1024,93.9,78.0,94.0,0,5815.56,4.27,36853,60469876.52,2.95,12,Telecom Partner,USA,Yes,2
1387,Oppo,2963,1,2.0,1,26,1,256,0.8,222,4,53,753,953,8192,13,6,6,1,1,Apple Bionic,3582,IPS LCD,90,1,WiFi 5,5.2,No,Yes,Yes,Android,16.0,18,98.2,58.6,71.1,1681.04,Flagship,1702.44,7.97,General User,4.23,312,80.0,77.2,60.1,20,23477.08,4.95,32031,43076313.79,4.33,36,Retail Store,UK,No,0
1388,Apple,6274,1,1.4,1,11,1,64,0.6,134,8,48,566,2201,3072,6,0,18,0,0,Google Tensor,3038,Super AMOLED,60,1,WiFi 5,5.0,Yes,Yes,Yes,iOS,20.0,45,95.0,34.3,81.9,1361.78,Flagship,1552.32,12.9,Gamer,5.0,3011,100.0,81.5,80.5,5,53267.65,2.08,35852,46381409.73,2.7,36,Telecom Partner,Singapore,Yes,1
1389,Vivo,5266,1,1.8,1,24,1,256,0.9,188,4,25,712,990,8192,13,10,20,0,1,Exynos,5020,Super AMOLED,144,1,WiFi 5,5.3,Yes,No,Yes,Android,14.5,120,82.5,63.8,79.2,1784.61,Flagship,2074.77,6.94,Business User,4.78,608,94.1,80.3,66.8,10,46342.63,0.1,26730,42932362.77,5.59,36,Retail Store,Australia,No,2
1390,Vivo,4056,0,1.6,1,16,1,32,0.4,138,10,9,2075,1265,3072,5,9,13,1,1,MediaTek Dimensity,2851,OLED,60,1,WiFi 6E,5.3,Yes,Yes,No,Android,17.6,65,78.8,31.1,73.8,733.25,Premium,779.78,1.51,General User,4.16,1568,78.8,91.3,81.4,5,88422.57,3.63,33817,23556499.49,6.6,12,Telecom Partner,UAE,No,0
1391,Google,5018,1,1.1,0,10,1,64,0.9,187,10,97,639,933,4096,15,3,12,1,1,Google Tensor,3916,AMOLED,120,1,WiFi 5,5.3,No,Yes,Yes,Android,13.9,18,86.7,79.2,77.2,1283.91,Flagship,1113.17,12.26,General User,4.52,9015,98.5,92.8,81.5,20,106346.37,2.41,43942,45134058.58,7.99,18,Online Store,Singapore,Yes,1
1392,Google,4672,0,1.6,0,21,1,128,0.4,112,8,29,230,1274,4096,9,1,2,1,0,MediaTek Dimensity,3102,LCD,144,1,WiFi 7,5.2,Yes,Yes,Yes,Android,13.1,65,76.2,42.6,83.3,1112.13,Premium,932.59,6.63,Gamer,3.97,741,72.2,81.3,65.4,5,5000.0,6.4,40180,42451114.23,9.11,12,Telecom Partner,UK,Yes,0
1393,Apple,3430,1,2.5,1,5,1,32,1.0,199,4,19,850,2185,4096,9,11,12,1,0,Exynos,3461,Super AMOLED,90,1,WiFi 6E,5.3,Yes,Yes,Yes,iOS,19.7,120,91.3,60.1,79.4,1735.04,Flagship,1779.86,23.83,General User,4.92,3308,100.0,88.4,68.3,5,75530.65,1.4,27299,44996614.11,6.62,18,Online Store,USA,No,0
1394,Realme,5603,0,0.8,0,2,1,16,1.0,150,10,21,1301,508,8192,14,8,8,1,1,Exynos,4979,IPS LCD,144,1,WiFi 5,5.2,Yes,Yes,Yes,Android,12.2,120,100.0,44.9,74.1,1697.58,Flagship,1970.27,10.89,General User,4.09,4180,82.0,88.1,54.6,0,201402.11,9.88,48220,81857307.6,1.31,24,Telecom Partner,Australia,Yes,1
1395,Samsung,6979,0,2.3,1,27,1,64,0.4,91,6,65,899,1660,12288,6,10,14,0,1,Google Tensor,6285,Super AMOLED,60,1,WiFi 5,5.3,No,Yes,Yes,Android,15.5,33,93.7,42.7,79.1,1589.34,Flagship,1582.72,17.71,Gamer,3.96,3265,88.5,63.7,55.2,0,179941.23,1.83,15672,24908136.48,4.45,36,Online Store,Germany,No,2
1396,Realme,2847,1,1.9,0,26,1,32,0.8,124,8,8,318,1977,8192,5,6,2,0,1,Snapdragon,5592,AMOLED,90,0,WiFi 6E,5.1,Yes,No,Yes,Android,17.0,18,86.7,66.3,66.0,1216.51,Flagship,1017.67,11.49,Gamer,4.17,2496,91.7,92.5,43.9,10,5000.0,5.41,10247,11219020.17,4.42,24,E-commerce Marketplace,UK,No,0
1397,Samsung,4170,0,2.9,1,11,1,64,0.3,129,6,25,815,1704,8192,19,10,4,1,0,Exynos,5779,AMOLED,120,1,WiFi 6,5.4,Yes,Yes,Yes,Android,17.9,33,80.0,52.8,68.4,1311.47,Flagship,1264.79,20.42,Business User,4.11,948,83.5,83.1,68.7,5,109756.79,6.99,41573,51795655.19,1.9,24,Telecom Partner,Australia,Yes,0
1398,Samsung,3250,0,3.1,1,27,1,64,0.3,179,10,81,1814,2155,4096,19,7,20,0,0,Exynos,4920,OLED,144,1,WiFi 5,5.2,Yes,Yes,Yes,Android,16.2,45,88.3,69.1,53.4,1278.79,Flagship,1498.22,18.7,Professional,4.51,514,78.6,100.0,65.6,20,49046.26,10.05,43375,44374013.0,0.5,18,Retail Store,UK,Yes,0
1399,Xiaomi,5917,0,1.9,1,25,1,32,0.2,112,8,43,1791,1417,8192,13,9,14,0,1,Snapdragon,4831,Super AMOLED,120,0,WiFi 6,5.0,Yes,No,No,Android,18.4,45,95.6,65.2,92.5,1275.57,Flagship,1137.27,0.1,General User,4.47,1589,96.4,98.4,63.7,5,158287.67,1.83,26276,31841033.45,5.68,12,E-commerce Marketplace,UAE,No,1
1400,Xiaomi,3436,1,1.4,0,10,1,128,0.2,182,6,8,1950,1008,12288,13,2,7,1,1,MediaTek Dimensity,6095,LCD,144,1,WiFi 6,5.0,No,Yes,Yes,Android,15.2,25,96.8,59.7,66.3,1616.58,Flagship,1787.08,6.54,Student,5.0,1703,88.3,100.0,75.2,25,14289.92,4.06,25731,31197164.98,0.5,12,Telecom Partner,Australia,No,2
1401,Realme,6342,0,2.2,0,20,1,64,0.4,106,4,92,588,1455,3072,18,2,10,1,0,Exynos,2536,OLED,120,1,WiFi 6E,5.1,Yes,No,Yes,Android,12.4,18,93.8,100.0,77.3,1466.3,Flagship,1263.04,11.64,Student,4.0,244,81.7,94.3,63.4,10,48396.01,9.86,25628,33820502.76,0.5,12,Online Store,UAE,No,1
1402,Samsung,6080,1,2.4,0,29,1,128,0.7,214,4,13,467,1284,12288,17,3,18,0,0,MediaTek Dimensity,6178,OLED,90,1,WiFi 6,5.2,No,Yes,Yes,Android,18.4,80,96.3,28.9,70.3,1450.17,Flagship,1530.48,14.02,Business User,3.95,450,81.5,94.4,46.1,5,87343.28,2.7,14145,19487021.92,5.48,18,E-commerce Marketplace,Singapore,No,2
1403,Samsung,4497,0,2.1,0,9,1,256,0.3,169,6,74,264,1144,12288,5,10,19,1,0,Google Tensor,6224,LCD,120,0,WiFi 6,5.1,No,Yes,No,Android,14.5,120,99.9,73.9,88.4,2076.85,Flagship,2122.6,18.12,Business User,3.43,762,74.5,84.9,72.4,10,26792.61,5.19,26602,49723527.33,2.96,18,Telecom Partner,India,No,2
1404,Vivo,2552,0,2.0,0,4,1,128,0.8,239,10,46,2142,1070,2048,10,7,3,0,1,Google Tensor,3123,AMOLED,90,1,WiFi 5,5.3,No,No,Yes,Android,12.4,18,80.8,51.8,100.0,962.76,Premium,790.17,3.6,General User,4.83,1148,91.4,100.0,81.1,15,110405.62,14.43,56353,46116252.14,9.6,36,Telecom Partner,UAE,Yes,0
1405,Realme,4142,1,1.8,0,15,1,64,0.5,125,4,87,1553,532,12288,11,2,16,1,1,MediaTek Dimensity,5663,IPS LCD,120,0,WiFi 6,5.3,No,Yes,Yes,Android,16.4,65,87.2,86.1,71.6,1471.69,Flagship,1240.56,12.37,Student,4.21,13912,88.3,100.0,71.4,5,35186.92,5.15,31837,44511484.8,1.83,36,Retail Store,UK,No,2
1406,Samsung,3055,1,2.6,1,13,1,64,0.8,135,10,47,1623,676,4096,13,1,3,0,0,Google Tensor,4667,AMOLED,144,1,WiFi 6,5.2,No,Yes,Yes,Android,16.1,25,96.9,76.0,78.8,1146.13,Premium,1083.88,24.86,General User,4.56,1860,92.2,70.8,74.8,5,135220.72,0.5,43125,46955513.44,6.6,18,Telecom Partner,Singapore,Yes,0
1407,Vivo,4461,1,3.3,1,2,1,128,0.3,109,4,76,248,2027,8192,11,6,5,0,0,Exynos,4647,AMOLED,144,0,WiFi 5,5.3,Yes,Yes,Yes,Android,17.3,80,82.1,72.6,81.1,1408.24,Flagship,1188.75,10.53,Student,5.0,10144,100.0,87.0,100.0,5,45214.17,3.49,32975,44114878.3,6.38,24,Online Store,Singapore,No,0
1408,Motorola,3392,1,2.5,0,31,1,256,0.4,155,6,33,2088,1914,12288,17,8,13,0,1,Apple Bionic,6591,Super AMOLED,120,1,WiFi 7,5.3,No,Yes,Yes,Android,13.5,25,100.0,60.0,80.2,1814.57,Flagship,2090.0,10.11,Gamer,4.7,243,92.0,89.0,77.9,15,47150.32,6.85,32137,49567610.68,4.6,12,Online Store,India,No,2
1409,Samsung,6194,1,2.2,0,29,1,128,0.3,181,10,100,140,817,4096,17,7,5,0,1,MediaTek Dimensity,4032,IPS LCD,120,1,WiFi 5,5.3,No,Yes,Yes,Android,15.1,18,87.9,89.0,86.7,1283.82,Flagship,1105.45,11.97,Business User,4.65,9809,94.4,100.0,78.4,25,25948.18,9.43,41550,40007040.75,5.2,24,Telecom Partner,USA,Yes,1
1410,Apple,3686,0,1.0,1,31,1,512,0.4,162,6,78,373,1292,6144,14,5,2,1,1,Exynos,3771,Super AMOLED,144,0,WiFi 6,5.1,No,Yes,Yes,iOS,18.4,120,86.9,83.4,80.8,2500.0,Flagship,2259.69,9.09,Gamer,5.0,1202,93.9,72.9,88.3,0,28110.29,5.85,33627,84067500.0,2.19,18,E-commerce Marketplace,UK,No,2
1411,Apple,6387,0,1.3,0,20,1,128,0.6,162,6,71,764,1181,12288,6,0,6,0,0,Google Tensor,5401,LCD,120,0,WiFi 6,5.1,Yes,Yes,Yes,iOS,16.0,120,77.3,56.5,74.7,2059.56,Flagship,2360.13,14.02,Student,4.26,1383,86.9,100.0,83.5,15,400127.32,5.95,58983,103257173.4,7.34,36,E-commerce Marketplace,India,Yes,2
1412,Xiaomi,5903,0,3.5,1,13,1,128,0.9,238,4,79,1556,717,4096,16,10,14,1,0,Snapdragon,4212,AMOLED,120,1,WiFi 6E,5.0,Yes,Yes,Yes,Android,13.9,120,87.6,70.4,100.0,1446.93,Flagship,1421.34,2.9,Student,4.98,1162,100.0,83.9,50.5,0,40802.41,6.76,34919,50525348.67,8.34,36,E-commerce Marketplace,India,No,1
1413,Xiaomi,6639,1,1.7,0,19,1,128,0.5,226,4,100,1551,1188,4096,5,8,9,1,1,MediaTek Dimensity,3464,OLED,90,1,WiFi 6E,5.3,No,No,Yes,Android,12.6,120,93.8,86.2,65.5,1225.45,Flagship,1312.61,8.11,Business User,4.0,8968,78.6,91.0,49.0,20,50680.67,5.66,24287,23810003.32,1.09,24,Telecom Partner,UK,No,1
1414,OnePlus,4373,0,0.8,1,0,1,128,0.3,217,6,45,2025,508,8192,6,2,3,1,1,Exynos,3930,LCD,60,0,WiFi 6E,5.1,Yes,No,Yes,Android,16.0,120,93.8,68.9,86.1,1609.91,Flagship,1671.79,6.95,General User,5.0,14387,100.0,86.4,71.5,5,70443.31,5.5,39263,60049401.51,0.5,18,Telecom Partner,USA,Yes,0
1415,Samsung,5219,1,2.3,0,11,1,128,1.0,213,4,101,1081,645,8192,13,2,10,1,1,Google Tensor,5258,IPS LCD,90,1,WiFi 6E,5.1,Yes,No,Yes,Android,15.7,120,87.0,79.1,65.0,1617.78,Flagship,1501.38,9.48,Student,5.0,219,100.0,66.9,50.8,25,30723.13,4.26,15716,19068772.86,6.12,24,E-commerce Marketplace,Australia,No,1
1416,Vivo,5766,0,3.4,0,18,1,128,0.9,184,8,43,1820,1408,12288,9,5,11,0,0,Exynos,7195,Super AMOLED,144,0,WiFi 7,5.4,Yes,Yes,Yes,Android,16.6,18,88.0,90.7,75.2,1669.62,Flagship,1604.18,8.25,General User,4.33,349,87.2,98.2,76.1,5,111280.71,5.74,49432,78406023.05,4.79,18,E-commerce Marketplace,Singapore,Yes,2
1417,Google,4101,0,2.7,1,13,1,128,0.4,225,8,7,717,1989,3072,6,1,6,1,1,Exynos,3106,IPS LCD,144,1,WiFi 6,5.1,Yes,Yes,Yes,Android,17.0,120,87.5,68.0,65.5,1393.26,Flagship,1181.68,7.24,Business User,4.48,4009,94.1,74.5,63.9,5,336165.71,13.04,55063,72881221.61,8.53,18,Retail Store,Australia,Yes,0
1418,Xiaomi,6800,0,0.8,1,19,1,256,0.4,108,4,18,531,1010,8192,19,5,8,1,0,Snapdragon,3640,IPS LCD,144,1,WiFi 5,5.2,No,Yes,No,Android,12.7,120,99.7,91.9,80.3,1839.05,Flagship,1578.62,8.16,Professional,4.96,2992,100.0,89.1,90.5,5,5000.0,5.52,32973,57607045.87,9.4,24,Online Store,Singapore,No,1
1419,Motorola,4429,1,2.5,0,8,1,128,0.3,130,6,31,253,1843,4096,15,11,5,1,1,Google Tensor,3728,OLED,144,1,WiFi 6,5.0,Yes,Yes,Yes,Android,12.9,80,73.0,58.8,74.7,1442.26,Flagship,1622.67,9.44,Professional,3.69,5580,83.6,51.3,74.8,0,113582.35,4.34,37532,54130902.32,5.41,18,E-commerce Marketplace,Germany,Yes,0
1420,Motorola,5585,0,1.5,1,19,1,32,0.2,181,8,73,1821,2353,8192,11,4,3,0,0,MediaTek Dimensity,5353,Super AMOLED,60,1,WiFi 6E,5.2,Yes,No,Yes,Android,12.1,18,98.9,57.4,91.6,1316.48,Flagship,1493.7,6.36,Student,4.2,1218,86.7,69.6,55.2,10,30020.81,1.78,15793,18712051.78,6.75,12,Online Store,Australia,No,1
1421,Google,3229,1,3.0,1,15,1,128,0.2,227,6,56,2143,1785,4096,12,9,12,1,1,Google Tensor,3753,Super AMOLED,90,1,WiFi 6,5.3,Yes,Yes,No,Android,15.7,65,90.3,64.8,94.7,1323.76,Flagship,1516.26,3.92,Professional,3.61,2125,78.4,89.1,66.4,15,20104.64,7.27,31833,35818364.27,9.25,12,Telecom Partner,Singapore,No,0
1422,Google,2645,1,3.0,0,18,1,64,0.9,198,8,79,649,1119,16384,16,11,18,1,0,Exynos,8909,AMOLED,90,1,WiFi 6,5.3,Yes,Yes,Yes,Android,13.3,33,93.8,100.0,100.0,2260.28,Flagship,2405.97,6.4,Gamer,4.66,3402,94.8,83.8,58.7,5,235102.03,4.16,42258,90739166.63,0.51,24,Retail Store,Germany,Yes,2
1423,Samsung,3284,0,1.5,0,26,1,64,0.9,158,8,101,543,1923,8192,9,1,14,1,0,Snapdragon,5178,LCD,90,1,WiFi 5,5.1,No,No,No,Android,12.7,33,79.6,82.2,89.4,1570.36,Flagship,1288.73,14.91,Gamer,4.84,1945,95.4,98.3,79.9,15,162639.76,6.3,46185,61648015.11,2.74,36,Online Store,USA,Yes,0
1424,Oppo,3248,1,2.5,0,4,1,256,0.7,175,4,12,846,1535,12288,8,0,2,0,0,Google Tensor,5541,LCD,60,1,WiFi 6,5.3,Yes,No,Yes,Android,18.5,33,91.6,20.3,85.2,1642.59,Flagship,1925.86,6.91,Professional,3.99,158,76.5,85.3,30.9,20,38912.93,4.28,24775,32556133.8,1.87,24,Online Store,UK,No,2
1425,Motorola,2768,1,2.6,0,18,1,256,0.6,129,6,81,1167,637,8192,12,2,5,1,1,Snapdragon,4900,IPS LCD,60,1,WiFi 5,5.1,No,Yes,Yes,Android,13.6,120,84.2,73.1,88.4,1810.48,Flagship,1995.36,8.25,Business User,4.9,1707,98.2,100.0,65.3,5,37742.05,1.54,22142,38083265.75,4.81,36,Telecom Partner,Australia,No,0
1426,Apple,3596,1,1.4,0,14,1,64,0.8,109,10,94,281,777,8192,5,2,19,1,0,Exynos,5244,Super AMOLED,90,1,WiFi 7,5.0,No,Yes,Yes,iOS,16.1,18,75.4,83.6,61.7,1748.06,Flagship,1437.96,21.93,Business User,4.67,4399,92.7,86.5,72.7,10,42248.08,6.14,32482,51102436.43,4.73,18,E-commerce Marketplace,UK,No,0
1427,Apple,5050,1,2.5,0,3,0,256,0.8,138,4,90,2075,1592,6144,11,7,18,0,1,MediaTek Dimensity,4001,IPS LCD,60,1,WiFi 6E,5.1,No,Yes,Yes,iOS,16.7,18,100.0,97.5,74.1,1958.29,Flagship,1793.08,15.98,Business User,4.25,1595,93.9,74.7,65.6,20,72243.22,4.02,26106,40898494.99,4.92,12,Online Store,UK,No,1
1428,Google,3247,0,3.0,0,28,1,256,0.6,90,4,54,1418,1707,8192,10,1,9,1,1,Google Tensor,4682,IPS LCD,60,1,WiFi 6,5.3,Yes,Yes,Yes,Android,13.4,25,73.3,66.8,75.0,1562.34,Flagship,1546.71,8.41,General User,4.08,7503,86.3,93.7,84.6,0,74485.03,1.82,38339,59898553.26,3.12,12,Telecom Partner,Australia,Yes,0
1429,Apple,5762,1,2.1,1,2,1,64,0.7,220,4,51,1743,1380,16384,17,7,16,1,1,Google Tensor,7078,IPS LCD,60,1,WiFi 7,5.0,No,Yes,Yes,iOS,16.9,18,89.1,48.4,67.5,2114.1,Flagship,2096.79,8.58,Professional,4.33,1799,91.5,92.8,67.0,0,53345.76,12.35,36954,78124451.4,8.63,18,Telecom Partner,Australia,Yes,2
1430,Vivo,3047,0,2.8,0,11,1,512,0.9,179,8,81,369,1719,6144,13,5,10,0,0,Apple Bionic,5124,AMOLED,60,0,WiFi 6,5.0,Yes,Yes,Yes,Android,17.4,45,90.4,78.7,73.4,1888.54,Flagship,2041.66,6.63,General User,4.45,9051,100.0,100.0,75.4,10,22214.52,3.71,34997,59483910.94,10.73,12,E-commerce Marketplace,Germany,No,0
1431,Xiaomi,6615,0,2.9,1,8,0,256,0.5,96,6,6,1074,1646,12288,16,7,2,1,1,Snapdragon,6112,Super AMOLED,120,1,WiFi 5,5.2,No,Yes,Yes,Android,17.2,80,92.2,72.1,95.2,2004.46,Flagship,2214.42,7.48,Gamer,4.4,1659,93.3,72.9,47.1,0,9916.95,5.76,12109,24272006.14,9.75,36,E-commerce Marketplace,UK,No,2
1432,Apple,6431,0,1.6,0,26,1,64,0.9,156,4,60,1560,1667,6144,14,7,20,0,1,MediaTek Dimensity,3919,OLED,144,1,WiFi 6,5.3,Yes,Yes,Yes,iOS,18.9,33,84.6,79.3,60.7,1722.53,Flagship,1982.28,17.99,Professional,4.34,9284,78.3,100.0,56.1,0,13481.9,6.72,20806,35838959.18,4.32,24,E-commerce Marketplace,UK,No,1
1433,OnePlus,6793,1,1.1,0,32,1,64,0.5,109,6,19,523,1449,4096,14,7,20,1,1,Exynos,3419,OLED,144,1,WiFi 5,5.3,Yes,Yes,Yes,Android,14.2,45,82.6,30.7,71.5,1152.26,Premium,1286.2,10.66,General User,3.89,1537,86.2,100.0,90.1,10,19587.93,9.28,38464,39888475.78,2.15,24,E-commerce Marketplace,Australia,Yes,1
1434,OnePlus,5330,0,1.1,1,18,1,256,0.2,135,4,51,303,2387,8192,16,8,18,0,1,Snapdragon,4020,OLED,120,1,WiFi 6,5.0,No,Yes,No,Android,15.8,18,87.4,67.8,71.3,1499.17,Flagship,1557.67,9.29,Professional,4.19,496,91.0,100.0,71.3,10,74940.03,7.67,38247,51604879.49,5.39,18,Telecom Partner,Australia,Yes,1
1435,Oppo,6236,1,2.0,1,13,1,128,0.8,108,8,61,635,1599,12288,19,2,3,0,0,Exynos,6890,Super AMOLED,60,1,WiFi 6,5.0,No,Yes,Yes,Android,17.4,33,90.0,58.2,95.0,1520.23,Flagship,1318.46,0.96,Business User,4.45,12375,79.2,92.2,78.7,5,45932.78,4.68,52952,76474258.01,4.63,18,Telecom Partner,USA,Yes,2
1436,Vivo,3714,0,2.0,0,16,1,32,0.8,151,10,30,1756,1916,8192,14,9,5,1,1,Exynos,5057,IPS LCD,60,1,WiFi 5,5.1,No,Yes,Yes,Android,13.6,25,88.8,51.0,62.8,1228.85,Flagship,1117.5,0.61,Student,4.1,112,85.1,92.3,48.8,0,37978.11,5.68,25134,30885915.9,3.94,36,Retail Store,UK,No,0
1437,Samsung,6076,1,0.8,1,10,1,256,0.3,146,8,44,238,1270,4096,13,10,4,1,0,Snapdragon,3744,Super AMOLED,90,0,WiFi 6E,5.2,Yes,Yes,Yes,Android,18.9,65,85.4,67.2,100.0,1663.63,Flagship,1943.98,15.11,Professional,4.41,2494,88.0,93.7,60.3,20,560569.2,12.18,61212,81467295.65,0.62,12,Online Store,Singapore,Yes,1
1438,Realme,5192,0,3.3,0,18,1,32,0.4,117,4,33,1232,1333,8192,9,5,2,1,1,Exynos,5011,LCD,90,1,WiFi 6E,5.1,Yes,Yes,Yes,Android,18.1,25,86.2,24.8,92.1,1237.21,Flagship,1240.38,6.33,General User,5.0,643,100.0,94.5,75.3,0,26266.08,7.4,48394,59873540.74,5.6,24,Retail Store,Australia,Yes,1
1439,Realme,6439,0,2.6,0,15,1,16,0.5,98,8,26,2020,818,8192,16,6,8,0,0,Exynos,5799,LCD,90,1,WiFi 6,5.1,Yes,Yes,Yes,Android,17.9,25,86.2,27.9,85.3,1251.69,Flagship,1306.71,9.4,Professional,3.91,657,91.3,100.0,61.3,5,223235.87,2.63,27987,33279495.63,1.26,12,Online Store,UAE,No,1
1440,Apple,4656,0,2.7,0,19,1,32,0.3,209,8,64,1478,2175,3072,17,6,2,0,1,Google Tensor,3743,AMOLED,144,1,WiFi 6,5.2,Yes,Yes,Yes,iOS,17.5,80,83.9,70.9,67.6,1639.31,Flagship,1581.12,13.41,Gamer,4.73,1003,80.7,87.2,77.6,5,35179.66,3.86,28182,43889082.7,6.53,36,Online Store,UK,No,0
1441,Xiaomi,2636,0,2.9,1,10,1,64,0.3,113,10,98,121,1652,8192,8,3,15,0,0,Exynos,6054,LCD,90,0,WiFi 6E,5.2,No,Yes,Yes,Android,17.9,45,89.0,88.1,86.8,1314.94,Flagship,1440.36,10.86,Professional,4.8,4304,100.0,96.2,60.8,0,105166.34,6.49,26000,34188440.0,3.86,24,Retail Store,Australia,No,0
1442,Apple,6965,0,2.6,0,24,1,64,0.5,94,8,93,580,1272,6144,14,7,12,0,0,Apple Bionic,4995,OLED,144,0,WiFi 6,5.1,Yes,Yes,No,iOS,17.4,120,98.8,100.0,76.5,1923.82,Flagship,2063.59,13.39,Business User,4.86,414,82.8,100.0,89.6,15,63432.49,7.68,41417,67727025.0,6.65,36,Telecom Partner,USA,Yes,1
1443,Vivo,3272,1,2.6,1,29,1,128,0.8,153,10,68,245,558,12288,12,1,12,1,0,Exynos,7773,Super AMOLED,90,1,WiFi 6,5.1,Yes,Yes,Yes,Android,18.3,25,98.7,84.3,96.8,1658.65,Flagship,1769.78,4.49,Student,5.0,1136,100.0,89.6,100.0,10,50680.67,6.52,49199,73443529.22,7.82,24,Online Store,USA,Yes,2
1444,OnePlus,6548,0,2.6,1,4,1,128,0.6,165,10,99,966,696,6144,15,9,7,0,1,Exynos,4781,OLED,90,0,WiFi 6,5.1,Yes,No,Yes,Android,16.3,45,85.9,100.0,92.4,1535.22,Flagship,1797.91,3.55,Professional,4.98,4225,100.0,100.0,66.3,25,25988.25,8.93,37306,42954687.99,2.05,12,Telecom Partner,UK,Yes,1
1445,Oppo,3909,0,3.4,1,14,1,256,0.6,158,10,50,830,1031,4096,12,5,15,1,0,Google Tensor,5208,Super AMOLED,120,1,WiFi 5,5.1,Yes,Yes,Yes,Android,17.1,45,85.2,67.6,89.5,1563.07,Flagship,1537.35,6.07,Student,4.41,495,91.9,100.0,94.8,0,28128.86,9.62,54069,84513631.83,0.5,24,Online Store,Germany,Yes,0
1446,Vivo,5398,0,2.6,0,0,1,64,0.9,227,4,45,316,2082,4096,6,10,15,0,0,MediaTek Dimensity,3109,AMOLED,120,1,WiFi 7,5.3,Yes,Yes,Yes,Android,14.6,33,94.5,51.9,74.6,1349.33,Flagship,1499.86,11.2,Business User,4.52,607,100.0,100.0,89.9,5,19508.11,4.5,20742,26588412.72,2.45,24,Telecom Partner,USA,No,1
1447,Xiaomi,6553,0,1.0,0,8,1,128,0.5,205,4,36,2115,1160,12288,19,6,13,1,0,Google Tensor,5087,LCD,60,1,WiFi 6,5.3,Yes,Yes,Yes,Android,16.0,33,86.1,85.6,79.8,1517.24,Flagship,1505.68,4.51,Student,4.93,20704,100.0,93.9,71.2,20,30672.13,2.26,30385,36881069.92,5.55,24,Online Store,Germany,No,2
1448,Vivo,5688,0,1.1,1,22,1,128,0.5,177,8,14,1886,585,12288,16,3,6,0,0,MediaTek Dimensity,6016,LCD,90,1,WiFi 6,5.4,Yes,No,No,Android,19.0,33,79.3,59.8,74.0,1819.29,Flagship,1809.32,13.9,Professional,3.98,9021,88.3,100.0,76.8,5,63668.44,8.29,36570,63204863.54,3.73,12,Telecom Partner,USA,Yes,2
1449,Oppo,3086,1,3.4,0,3,1,128,0.9,210,4,100,759,1777,8192,12,2,8,1,1,Exynos,5487,AMOLED,90,1,WiFi 7,5.3,No,No,Yes,Android,13.5,120,82.1,87.5,83.5,1734.68,Flagship,1590.52,6.19,Professional,5.0,923,100.0,82.4,69.7,15,55333.14,8.09,34738,51220416.76,0.74,18,E-commerce Marketplace,UK,No,0
1450,Samsung,5166,1,1.4,1,4,1,256,0.8,85,4,78,1744,1816,8192,18,7,17,0,0,MediaTek Dimensity,4368,AMOLED,90,1,WiFi 6,5.3,Yes,No,Yes,Android,14.1,25,100.0,76.6,91.5,1696.26,Flagship,1498.25,17.93,General User,4.3,4594,84.9,87.1,92.5,20,47965.51,9.36,41681,56561450.45,8.86,12,Online Store,Australia,Yes,1
1451,Oppo,6182,1,2.6,1,9,1,256,0.9,189,10,57,1610,2366,8192,16,9,5,0,0,Google Tensor,5770,OLED,60,0,WiFi 6,5.2,Yes,Yes,Yes,Android,12.6,25,89.4,51.7,69.9,1381.72,Flagship,1617.97,9.71,Gamer,4.49,1436,100.0,89.9,74.8,10,47903.45,9.5,44667,55545558.52,6.56,36,Telecom Partner,India,Yes,1
1452,Oppo,4569,1,2.7,1,29,1,128,0.3,176,10,18,2125,1079,6144,7,10,15,1,0,Snapdragon,5325,IPS LCD,120,0,WiFi 6,5.4,No,No,Yes,Android,12.1,45,88.3,20.0,86.4,1461.5,Flagship,1553.2,4.02,Business User,3.15,900,57.3,100.0,35.5,5,14589.81,8.71,38984,54126360.2,2.28,12,Telecom Partner,Singapore,Yes,0
1453,Xiaomi,6703,1,2.9,1,18,1,128,0.9,193,6,83,2185,1235,4096,5,9,11,0,1,Exynos,4132,OLED,120,1,WiFi 5,5.1,Yes,Yes,Yes,Android,17.2,65,86.8,91.8,90.9,1449.74,Flagship,1703.85,7.9,General User,4.67,2226,90.5,90.5,74.9,10,69090.52,4.73,44223,57700666.82,7.16,24,Retail Store,UAE,Yes,1
1454,Xiaomi,2709,1,2.1,1,31,1,128,0.8,100,6,61,1854,1388,6144,10,5,17,0,1,Snapdragon,3998,Super AMOLED,120,1,WiFi 6,5.3,Yes,No,Yes,Android,12.3,65,75.6,47.7,80.7,1493.59,Flagship,1721.02,11.26,General User,4.72,2811,86.9,100.0,64.1,15,99959.52,5.79,51223,65030236.48,3.47,12,E-commerce Marketplace,USA,Yes,0
1455,Google,4675,0,2.0,1,14,1,32,0.9,99,6,108,644,1443,2048,7,11,19,1,0,Exynos,2679,LCD,60,1,WiFi 6E,5.3,Yes,Yes,No,Android,18.5,80,88.1,100.0,52.1,997.59,Premium,841.12,4.54,Professional,5.0,2733,100.0,74.4,100.0,20,17451.27,7.63,49320,39360911.04,0.5,12,Telecom Partner,India,Yes,0
1456,Apple,6478,0,1.6,0,26,1,64,0.4,167,6,36,254,1542,6144,11,2,17,1,0,Apple Bionic,4004,Super AMOLED,60,0,WiFi 6E,5.2,Yes,Yes,Yes,iOS,16.5,65,85.3,49.5,94.2,1579.75,Flagship,1310.17,6.62,Business User,4.49,11455,92.6,100.0,71.9,15,34938.45,11.57,45390,60949124.62,4.41,36,Telecom Partner,USA,Yes,1
1457,Xiaomi,4827,0,1.9,1,21,1,512,0.9,214,6,71,780,518,4096,5,0,4,0,0,Exynos,3236,LCD,120,1,WiFi 6E,5.2,Yes,Yes,Yes,Android,16.4,25,88.4,99.1,73.0,2103.09,Flagship,2456.95,10.03,Professional,5.0,2258,100.0,85.7,92.9,20,19371.19,9.46,37885,63740451.72,5.7,36,Telecom Partner,Germany,Yes,1
1458,Vivo,4397,1,2.0,0,15,1,16,0.5,105,10,62,307,2290,3072,19,5,20,1,1,Google Tensor,4015,IPS LCD,60,1,WiFi 6E,5.4,No,Yes,Yes,Android,12.3,120,87.7,70.3,72.5,1204.48,Flagship,1322.97,2.4,General User,4.01,2289,75.8,100.0,86.9,15,25047.88,3.63,35741,36591921.73,10.18,12,Retail Store,Australia,Yes,0
1459,Motorola,6982,1,1.9,0,18,0,256,0.8,184,8,38,385,2228,12288,7,6,4,1,1,Exynos,5754,AMOLED,90,1,WiFi 5,5.0,Yes,No,No,Android,15.0,25,91.0,92.3,85.9,1843.93,Flagship,1614.28,5.94,General User,5.0,1997,100.0,68.3,78.1,20,56591.61,5.67,36212,53417914.53,2.06,12,Telecom Partner,Australia,Yes,2
1460,Motorola,5797,1,0.9,0,28,1,128,0.5,185,4,42,1214,1415,8192,14,5,17,1,0,Exynos,3851,Super AMOLED,144,1,WiFi 7,5.3,Yes,Yes,Yes,Android,16.9,80,76.6,77.8,73.1,1624.64,Flagship,1848.37,11.13,Business User,4.32,1567,81.8,84.9,70.0,10,43041.7,5.47,50666,74082609.22,8.84,12,Telecom Partner,Australia,Yes,1
1461,Realme,2601,1,0.8,1,25,1,256,0.9,149,4,83,2184,1694,8192,19,3,14,0,0,Exynos,3842,OLED,144,1,WiFi 5,5.3,Yes,Yes,Yes,Android,12.8,65,87.4,76.9,87.4,1921.81,Flagship,1833.81,3.59,Student,4.27,755,84.9,92.7,66.8,5,27823.15,1.67,24728,45146391.8,4.33,18,Telecom Partner,India,No,0
1462,OnePlus,2803,0,1.1,0,2,1,512,0.6,213,8,80,103,2257,12288,12,9,9,0,0,Google Tensor,6635,OLED,90,1,WiFi 6E,5.2,Yes,No,Yes,Android,15.7,80,60.1,53.9,82.8,2330.34,Flagship,2183.79,8.25,General User,4.47,126,90.1,86.2,41.4,15,9906.21,6.74,33289,65938485.02,1.88,12,Online Store,UK,No,2
1463,Samsung,2759,1,1.8,0,13,1,512,0.4,112,8,98,1855,1530,4096,12,1,8,1,1,Exynos,3968,AMOLED,120,1,WiFi 5,5.4,Yes,Yes,Yes,Android,12.2,33,90.7,72.2,68.3,2055.48,Flagship,1827.64,14.78,Student,4.14,1861,86.7,69.5,73.8,10,26744.43,4.37,30341,56128786.81,4.13,24,Retail Store,Germany,No,0
1464,Vivo,6391,1,1.0,1,28,1,256,0.7,174,8,23,1376,1577,6144,15,3,20,1,0,MediaTek Dimensity,4259,LCD,60,1,WiFi 6E,5.3,No,No,Yes,Android,18.2,18,91.9,38.9,76.7,1425.6,Flagship,1572.47,8.13,Student,5.0,7068,100.0,80.2,59.2,0,9118.01,13.89,51751,73776225.6,5.32,12,Online Store,Germany,Yes,1
1465,OnePlus,6073,0,1.4,0,23,1,128,0.3,190,8,79,1199,2008,6144,15,5,9,0,1,Google Tensor,4286,IPS LCD,90,1,WiFi 5,5.2,Yes,Yes,Yes,Android,14.4,25,78.2,81.3,80.5,1454.45,Flagship,1632.13,9.49,Professional,4.19,1378,84.1,64.3,65.3,0,60405.45,5.71,40128,58364169.6,4.66,18,Online Store,Australia,Yes,1
1466,Samsung,4906,1,1.3,1,7,1,256,0.4,216,4,72,1267,2002,8192,14,7,15,1,0,Google Tensor,4530,IPS LCD,144,0,WiFi 6E,5.1,No,No,Yes,Android,14.3,65,86.2,96.9,86.2,1797.74,Flagship,1666.05,12.46,Gamer,4.37,4668,89.0,100.0,68.8,5,50909.34,9.36,29061,49631916.03,6.13,36,Telecom Partner,UK,No,2
1467,Samsung,6515,0,3.4,0,24,1,256,0.5,170,6,61,1661,1334,8192,6,6,7,0,0,Exynos,5967,Super AMOLED,90,1,WiFi 5,5.3,Yes,Yes,Yes,Android,18.2,25,85.9,55.4,77.8,1611.39,Flagship,1623.31,20.34,Professional,4.79,380,100.0,100.0,88.5,10,14173.73,7.48,47588,69014544.59,4.97,24,E-commerce Marketplace,India,Yes,1
1468,OnePlus,6961,1,2.6,0,20,1,32,0.3,132,4,44,1002,1388,6144,14,7,18,1,1,Apple Bionic,4144,Super AMOLED,60,1,WiFi 6E,5.3,No,Yes,Yes,Android,13.5,18,88.5,58.7,99.8,1181.17,Premium,1036.05,7.53,Professional,5.0,375,100.0,100.0,100.0,10,40577.46,8.97,36366,38658985.4,6.74,12,Retail Store,Germany,Yes,1
1469,Motorola,4219,1,0.9,0,10,1,128,0.7,207,4,42,740,733,3072,6,6,12,1,0,Exynos,2716,IPS LCD,120,1,WiFi 5,5.3,No,No,No,Android,15.7,18,94.1,82.2,82.2,1344.4,Flagship,1272.86,4.88,Student,4.97,770,100.0,90.3,79.9,15,65502.0,9.35,56768,64871064.32,5.3,36,E-commerce Marketplace,India,Yes,0
1470,Google,3264,1,2.6,1,0,0,256,0.5,145,8,51,1609,2033,12288,18,8,3,0,0,Apple Bionic,6314,LCD,90,1,WiFi 6E,5.2,Yes,Yes,Yes,Android,13.2,18,77.2,59.1,76.2,1588.49,Flagship,1711.58,7.91,Student,4.38,1512,76.9,100.0,63.1,20,20713.15,2.87,24529,31171256.97,1.4,12,Online Store,Australia,No,2
1471,Apple,2947,1,2.5,0,6,1,128,0.1,109,8,93,2135,918,4096,14,6,9,0,1,Google Tensor,3533,Super AMOLED,144,1,WiFi 6,5.3,Yes,Yes,Yes,iOS,18.4,80,86.2,90.6,85.8,1749.63,Flagship,1651.04,12.87,Gamer,5.0,5230,100.0,93.6,78.6,0,90790.35,2.75,33936,59375443.68,4.18,18,E-commerce Marketplace,UAE,No,0
1472,Apple,2541,1,3.2,0,17,1,64,0.4,170,4,46,1121,1226,4096,16,1,6,0,0,Apple Bionic,3082,IPS LCD,90,1,WiFi 5,5.1,Yes,No,Yes,iOS,18.9,80,90.9,37.0,74.8,1835.58,Flagship,1754.48,18.6,Professional,4.33,244,83.1,83.8,56.6,5,16892.17,10.46,37378,65179793.78,7.62,12,Retail Store,USA,Yes,0
1473,Realme,5209,1,1.1,0,16,1,64,0.6,93,4,71,726,1123,8192,11,8,5,1,0,MediaTek Dimensity,4177,OLED,144,1,WiFi 6,5.0,Yes,Yes,No,Android,12.2,33,90.3,83.3,84.4,1687.3,Flagship,1825.69,5.45,Professional,4.32,4078,84.6,100.0,52.9,10,153714.48,6.88,39180,59497572.6,6.17,36,E-commerce Marketplace,India,Yes,1
1474,Realme,5125,0,1.1,1,0,1,256,0.5,110,6,36,1265,2158,4096,5,6,18,1,1,Exynos,1851,IPS LCD,120,1,WiFi 5,5.1,Yes,Yes,Yes,Android,15.5,120,91.3,40.6,81.8,1608.06,Flagship,1694.43,5.37,Professional,4.29,3345,89.9,79.1,45.8,10,143717.75,7.22,27403,39659101.36,4.85,12,Online Store,UAE,No,1
1475,OnePlus,5837,0,2.7,1,23,1,32,0.3,184,8,73,1274,776,3072,15,7,16,0,0,Google Tensor,3431,Super AMOLED,90,1,WiFi 6,5.1,Yes,Yes,No,Android,14.8,25,81.7,52.7,63.0,973.98,Premium,815.24,3.1,Business User,4.84,3443,94.0,100.0,70.2,25,106856.17,7.09,37768,27588957.48,3.74,12,Telecom Partner,Singapore,Yes,1
1476,Oppo,6984,0,0.9,1,11,1,256,0.9,140,6,85,2113,1171,3072,15,5,17,0,0,Google Tensor,2243,Super AMOLED,60,0,WiFi 5,5.4,Yes,No,Yes,Android,17.0,45,78.9,74.9,87.6,1140.87,Premium,947.58,5.6,Business User,4.49,2005,96.0,95.7,72.5,5,21935.77,7.41,39908,43253347.96,1.09,18,Telecom Partner,Australia,Yes,1
1477,Apple,3875,1,2.5,1,13,1,256,0.2,172,6,75,1519,1133,8192,10,2,16,1,0,Snapdragon,5236,IPS LCD,144,1,WiFi 6E,5.4,No,Yes,Yes,iOS,17.0,33,92.5,72.9,70.8,2194.58,Flagship,2440.66,18.08,Business User,3.77,8922,73.4,89.1,64.1,20,20162.98,5.84,34324,60261411.14,0.85,18,Retail Store,India,No,2
1478,Vivo,5207,1,1.3,0,29,1,128,0.5,116,8,107,574,2373,6144,13,0,4,1,1,MediaTek Dimensity,3652,AMOLED,60,1,WiFi 5,5.2,Yes,Yes,Yes,Android,16.6,25,94.1,100.0,97.9,1327.95,Flagship,1564.19,6.5,General User,5.0,20926,93.3,80.3,60.1,15,7906.76,5.16,29158,32912311.18,4.18,24,Online Store,Germany,No,1
1479,Google,3735,0,1.2,0,22,1,128,0.5,103,8,37,1093,1735,3072,5,2,17,0,0,Snapdragon,2948,LCD,144,1,WiFi 6,5.1,Yes,Yes,No,Android,14.5,33,91.2,44.8,54.1,1048.26,Premium,1121.49,5.43,Student,4.14,190,82.4,94.8,65.7,25,36674.59,0.1,22572,17745993.54,0.9,24,Retail Store,India,No,0
1480,OnePlus,3677,0,1.6,1,20,1,128,0.7,140,8,86,225,2255,2048,11,2,2,0,0,Snapdragon,3288,LCD,90,0,WiFi 6,5.2,No,Yes,Yes,Android,13.0,45,83.7,67.6,65.9,1173.96,Premium,1166.94,7.52,Business User,4.49,2929,90.1,87.2,57.0,20,19878.46,1.65,23557,22123980.58,7.78,24,Online Store,UAE,No,0
1481,OnePlus,6535,0,2.1,1,16,1,128,0.3,88,6,108,1979,1751,12288,9,6,20,0,1,Google Tensor,5564,Super AMOLED,120,1,WiFi 6,5.3,Yes,Yes,No,Android,12.4,65,97.9,100.0,76.9,1968.01,Flagship,2074.01,6.98,Student,5.0,445,94.8,98.6,62.2,0,89562.53,4.37,23426,46102602.26,5.22,36,Online Store,USA,No,2
1482,Vivo,4678,1,2.6,1,6,1,512,0.9,186,8,11,2152,1858,12288,12,7,8,0,0,MediaTek Dimensity,7084,Super AMOLED,90,1,WiFi 5,5.2,No,No,Yes,Android,16.3,45,83.1,33.4,89.6,2241.29,Flagship,2080.69,5.66,Professional,3.68,474,70.1,79.4,53.9,5,53210.36,4.44,16891,35964747.92,2.14,24,Telecom Partner,UAE,No,2
1483,Apple,2922,0,0.8,1,8,1,128,0.3,187,8,35,1856,2217,12288,7,2,10,1,0,MediaTek Dimensity,5931,IPS LCD,60,0,WiFi 7,5.0,Yes,Yes,Yes,iOS,17.5,65,74.6,54.7,76.7,1925.71,Flagship,2013.97,14.45,Business User,4.56,9818,96.0,100.0,67.0,5,80723.15,4.68,38827,71031065.06,0.5,18,E-commerce Marketplace,Germany,Yes,2
1484,Apple,6187,0,0.9,0,5,1,128,0.9,99,4,77,1777,764,8192,15,6,16,0,1,Google Tensor,3501,AMOLED,144,1,WiFi 6E,5.4,Yes,Yes,No,iOS,17.4,33,97.6,69.9,100.0,1849.48,Flagship,1944.51,15.7,General User,4.77,498,100.0,86.0,50.0,10,106909.64,8.39,32454,54020721.53,7.42,18,E-commerce Marketplace,USA,No,1
1485,Motorola,5565,1,1.2,0,14,1,128,0.2,90,4,19,1851,1324,6144,11,5,15,1,0,Exynos,4014,OLED,90,1,WiFi 6,5.4,No,No,Yes,Android,12.0,80,77.9,36.3,76.1,1404.64,Flagship,1585.07,1.77,General User,4.47,548,94.4,87.0,96.2,10,10559.7,3.24,33910,42868208.16,3.22,18,Telecom Partner,UAE,No,1
1486,Oppo,5231,1,3.2,1,11,1,64,0.7,145,4,23,1730,2349,8192,7,3,3,1,0,Google Tensor,5035,OLED,120,1,WiFi 5,5.3,Yes,Yes,Yes,Android,18.8,80,88.9,55.3,93.9,1499.62,Flagship,1641.69,4.22,Student,4.25,1094,80.9,91.4,70.8,15,66713.81,0.74,23387,29810871.0,9.53,24,Telecom Partner,Germany,No,1
1487,Vivo,5374,0,1.2,1,22,1,128,0.6,146,4,104,1460,723,3072,13,5,18,1,1,Snapdragon,2477,LCD,120,1,WiFi 6,5.1,Yes,Yes,No,Android,14.2,45,93.8,80.4,68.1,1378.78,Flagship,1363.08,7.85,Business User,4.52,3077,93.5,100.0,69.6,5,144592.33,8.01,27455,35961684.65,2.82,12,Online Store,Australia,No,1
1488,OnePlus,5801,0,2.4,1,0,1,16,0.8,203,4,64,862,1222,3072,6,0,5,0,1,Snapdragon,2426,LCD,144,0,WiFi 5,5.4,Yes,Yes,No,Android,18.2,18,79.7,74.8,80.6,1102.07,Premium,1258.79,0.1,General User,4.21,1354,78.9,79.7,58.3,0,64625.27,2.1,39721,43775322.47,6.82,18,Online Store,UK,Yes,1
1489,OnePlus,6120,0,2.4,0,13,1,256,0.3,102,4,89,1613,1008,8192,11,11,9,1,1,MediaTek Dimensity,4924,OLED,90,1,WiFi 6,5.3,Yes,Yes,No,Android,14.6,45,93.3,69.8,90.4,1871.78,Flagship,1613.31,11.35,Professional,4.81,1717,90.6,100.0,68.5,5,306682.16,6.47,45601,81087287.79,6.18,24,Telecom Partner,USA,Yes,1
1490,Vivo,4275,1,2.0,1,22,0,256,0.2,163,10,57,1070,846,4096,14,6,9,0,1,MediaTek Dimensity,5194,Super AMOLED,90,1,WiFi 6E,5.1,No,No,Yes,Android,18.3,18,84.5,72.8,84.9,1486.31,Flagship,1631.69,10.9,Student,4.99,1822,100.0,100.0,81.6,10,44222.4,4.16,53430,71472188.97,9.61,12,E-commerce Marketplace,UK,Yes,0
1491,Apple,5015,0,1.3,1,29,1,256,0.2,214,8,96,230,1835,8192,9,11,10,0,1,Google Tensor,4545,LCD,60,1,WiFi 6E,5.0,Yes,Yes,Yes,iOS,18.9,33,91.5,78.7,66.2,2114.25,Flagship,1790.4,14.22,Business User,4.82,2156,100.0,100.0,91.0,0,179201.48,5.95,47068,99513519.0,3.6,36,Online Store,Germany,Yes,2
1492,Vivo,6267,1,1.9,0,7,1,32,0.5,183,4,79,1656,1404,8192,10,2,2,1,1,Exynos,4371,IPS LCD,144,1,WiFi 5,5.1,Yes,Yes,Yes,Android,18.3,80,84.6,68.1,94.5,1558.6,Flagship,1737.06,11.15,Business User,4.53,4289,87.1,100.0,45.3,10,27324.12,4.92,27672,38816621.28,6.23,36,Online Store,Singapore,No,1
1493,Realme,6907,0,2.8,1,15,1,512,0.5,84,10,101,1584,2092,3072,15,3,19,1,0,Google Tensor,5280,AMOLED,144,1,WiFi 6E,5.2,No,Yes,Yes,Android,13.9,120,82.1,78.2,88.2,2270.31,Flagship,2166.06,8.48,Student,5.0,221,100.0,86.2,56.7,15,54583.92,10.08,54603,105370876.4,1.18,12,Retail Store,Singapore,Yes,1
1494,Oppo,5192,1,2.7,1,11,1,512,0.2,171,4,71,548,1903,6144,17,10,4,1,0,Apple Bionic,3865,OLED,144,1,WiFi 6E,5.1,Yes,Yes,Yes,Android,12.8,25,84.1,78.7,81.8,2030.24,Flagship,2140.08,4.4,Business User,4.86,2531,100.0,100.0,63.0,5,159962.43,6.24,37518,72362017.1,2.21,36,Telecom Partner,USA,Yes,2
1495,Motorola,5090,0,3.5,0,23,1,256,0.2,170,10,78,901,2248,8192,17,11,17,1,1,Exynos,5907,OLED,144,1,WiFi 6E,5.3,Yes,Yes,Yes,Android,18.6,45,92.3,65.0,81.0,1793.63,Flagship,1674.35,5.57,Business User,4.15,4169,93.1,72.0,78.2,10,48739.88,7.49,20307,32780919.97,2.77,24,Retail Store,UAE,No,2
1496,Realme,5116,1,1.3,0,21,1,32,0.3,119,6,30,1801,2081,12288,5,9,5,0,1,MediaTek Dimensity,5982,Super AMOLED,144,1,WiFi 6,5.0,No,Yes,No,Android,16.6,65,85.4,49.2,92.6,1637.74,Flagship,1773.43,3.03,Professional,4.74,3652,100.0,92.1,70.5,10,39905.01,0.57,25551,37661305.27,2.13,24,Online Store,Australia,No,2
1497,Realme,3842,1,3.4,0,23,1,128,0.9,235,10,24,431,1467,6144,18,2,20,1,1,Snapdragon,5869,Super AMOLED,90,1,WiFi 6E,5.0,Yes,Yes,Yes,Android,13.1,18,87.6,59.7,90.5,1407.83,Flagship,1571.92,6.52,Student,3.97,946,77.9,53.8,50.7,10,55332.13,6.63,41259,52277092.17,5.53,18,Online Store,India,Yes,0
1498,Xiaomi,5774,0,1.9,0,11,1,32,0.3,103,8,75,1254,1324,2048,16,10,11,0,1,MediaTek Dimensity,2887,AMOLED,144,1,WiFi 6,5.4,No,Yes,Yes,Android,17.3,25,83.1,70.5,81.8,1066.78,Premium,884.47,2.22,Business User,5.0,58,100.0,100.0,100.0,5,31646.68,11.38,50032,50704480.11,11.92,24,Retail Store,Germany,Yes,1
1499,Samsung,6208,1,2.9,1,28,1,32,0.4,158,4,69,1318,1727,2048,17,5,10,0,1,Google Tensor,1891,LCD,144,1,WiFi 7,5.2,Yes,Yes,No,Android,16.3,33,98.2,47.5,72.1,1135.3,Premium,944.1,13.68,Gamer,5.0,2555,100.0,82.5,83.9,5,5437.89,5.69,28496,30733933.36,6.36,12,Online Store,Australia,No,1
1500,Google,6162,1,2.3,1,27,1,64,0.4,108,6,15,913,1988,12288,9,0,3,1,1,Exynos,6710,AMOLED,90,1,WiFi 6,5.2,Yes,Yes,Yes,Android,18.3,120,86.8,20.0,100.0,1633.32,Flagship,1622.37,7.01,Gamer,4.9,4802,90.1,100.0,53.0,15,14100.77,7.36,26181,36347658.28,6.44,36,Online Store,Australia,No,2
1501,OnePlus,6903,0,1.2,1,15,1,128,0.6,146,8,81,1587,1569,8192,15,11,18,1,0,Google Tensor,5168,Super AMOLED,60,1,WiFi 5,5.0,Yes,Yes,No,Android,16.4,33,88.0,85.8,76.8,1411.41,Flagship,1497.35,3.2,Gamer,4.84,241,99.6,96.5,82.7,15,50680.67,7.27,34049,40848534.23,4.61,18,Telecom Partner,USA,No,1
1502,Oppo,6636,1,3.2,0,17,1,256,0.2,122,8,104,956,1568,6144,5,0,9,1,0,MediaTek Dimensity,4621,IPS LCD,60,0,WiFi 6,5.1,Yes,Yes,No,Android,17.9,120,95.4,81.9,77.0,1654.16,Flagship,1365.75,7.03,General User,4.6,1609,98.3,100.0,66.6,15,15082.88,7.01,15679,22045238.44,8.44,12,Telecom Partner,India,No,1
1503,OnePlus,3127,1,1.7,1,22,1,64,0.4,198,8,80,2064,2039,12288,12,1,11,0,1,Apple Bionic,6400,LCD,90,1,WiFi 6,5.0,Yes,Yes,No,Android,13.6,18,83.7,69.2,72.7,1747.59,Flagship,1959.11,7.25,Gamer,4.57,5720,84.5,98.6,57.6,0,130793.85,7.02,36256,63360623.04,10.56,24,E-commerce Marketplace,UK,Yes,2
1504,Apple,6611,0,2.6,1,19,1,256,0.4,141,6,14,1424,909,12288,19,11,7,0,1,Google Tensor,7498,LCD,60,1,WiFi 6,5.3,Yes,No,Yes,iOS,18.6,45,100.0,26.8,73.9,2151.05,Flagship,1949.52,17.16,Gamer,3.87,135,80.1,66.8,59.2,15,65956.08,5.61,26650,48726660.13,1.27,12,Telecom Partner,UK,No,2
1505,Samsung,6405,1,2.7,0,20,1,128,0.4,175,8,86,1481,2158,6144,14,11,4,0,1,Snapdragon,4593,Super AMOLED,60,0,WiFi 7,5.3,No,Yes,Yes,Android,13.4,80,77.9,63.6,86.5,1251.87,Flagship,1103.89,20.16,Professional,5.0,407,98.4,99.8,100.0,0,55943.91,6.02,40977,51297876.99,8.69,24,Retail Store,UAE,Yes,1
1506,Samsung,5771,1,2.7,1,5,1,128,0.1,121,4,106,623,1269,12288,16,2,12,0,1,Snapdragon,5698,Super AMOLED,120,1,WiFi 6,5.0,No,Yes,No,Android,18.4,25,69.7,74.2,87.5,1670.17,Flagship,1406.71,17.69,Student,4.76,359,92.3,95.3,59.7,5,50680.67,12.52,46847,74330331.29,4.73,36,E-commerce Marketplace,UAE,Yes,2
1507,Oppo,6639,1,3.0,0,7,1,128,0.6,154,10,39,1719,569,12288,8,11,19,0,0,MediaTek Dimensity,7287,IPS LCD,144,1,WiFi 6E,5.3,Yes,Yes,Yes,Android,18.7,25,90.2,54.9,92.0,1725.01,Flagship,2027.14,4.62,Gamer,4.7,430,86.3,93.9,82.4,25,40301.27,9.17,51731,66927369.23,4.97,36,Telecom Partner,UK,Yes,2
1508,Realme,3042,1,1.0,1,11,1,256,0.9,186,6,97,1319,1968,4096,14,10,20,1,0,Exynos,1736,AMOLED,144,1,WiFi 5,5.2,Yes,Yes,Yes,Android,15.4,25,75.6,94.4,81.4,1769.02,Flagship,1965.75,2.49,Student,5.0,408,98.7,100.0,93.2,10,49734.34,5.7,33917,53999866.21,6.17,18,E-commerce Marketplace,Germany,No,0
1509,Motorola,4851,0,2.4,1,12,1,128,0.6,132,8,21,1088,775,6144,10,7,16,0,0,Apple Bionic,4438,LCD,90,1,WiFi 6E,5.0,Yes,Yes,Yes,Android,13.9,18,85.3,41.6,45.2,1125.79,Premium,931.78,2.26,Gamer,4.06,3513,82.7,100.0,90.6,10,195123.03,4.0,42691,43254990.8,6.44,36,Telecom Partner,USA,Yes,0
1510,Apple,4426,0,1.9,0,19,1,64,0.6,212,8,85,1692,2083,2048,16,10,18,1,1,Google Tensor,2638,LCD,120,0,WiFi 7,5.2,Yes,No,No,iOS,18.0,33,84.5,99.1,69.6,1489.23,Flagship,1309.81,10.61,General User,5.0,965,98.9,100.0,78.2,10,51076.72,6.88,27911,37409308.68,6.12,24,Retail Store,UK,No,0
1511,Apple,4275,1,1.4,1,13,1,64,0.6,105,8,11,1978,1377,3072,6,5,18,0,1,Exynos,3534,LCD,120,1,WiFi 6,5.1,No,Yes,Yes,iOS,19.5,33,99.7,33.3,61.0,1607.92,Flagship,1602.16,15.96,Professional,4.07,1488,78.8,100.0,54.3,15,12842.35,9.59,35036,47884822.35,7.59,18,Retail Store,Australia,Yes,0
1512,Oppo,3945,1,2.9,0,14,1,128,0.4,118,6,19,1065,502,8192,14,1,13,0,0,Apple Bionic,5703,LCD,90,1,WiFi 5,5.2,Yes,Yes,Yes,Android,13.6,80,92.3,48.1,81.9,1507.31,Flagship,1511.35,10.74,Professional,4.73,1174,91.4,100.0,92.8,5,96042.61,3.58,54526,78078205.81,0.5,36,Online Store,USA,Yes,0
1513,Motorola,3255,1,2.7,0,26,1,128,0.2,177,6,69,675,1203,8192,5,9,5,1,0,Apple Bionic,4934,AMOLED,90,1,WiFi 6E,5.3,Yes,Yes,Yes,Android,15.5,25,99.0,90.9,89.2,1476.6,Flagship,1430.24,4.28,General User,4.33,1669,93.0,100.0,84.3,0,40701.77,2.53,21702,32045173.2,6.65,36,Online Store,Australia,No,0
1514,OnePlus,6965,1,3.4,1,2,1,32,0.3,133,4,20,478,631,6144,18,1,15,1,1,Exynos,4976,OLED,90,1,WiFi 6,5.4,Yes,Yes,Yes,Android,12.1,45,77.5,51.1,90.5,1334.53,Flagship,1374.88,11.43,Student,4.61,5683,99.0,92.0,62.9,10,39873.36,4.0,26250,31528271.25,5.81,18,Telecom Partner,UK,No,1
1515,Oppo,3746,0,2.1,0,7,1,64,0.4,82,4,22,1979,1807,16384,13,6,13,0,0,Exynos,7265,Super AMOLED,60,0,WiFi 5,5.4,Yes,No,Yes,Android,16.8,25,92.5,67.4,76.8,1635.5,Flagship,1657.28,10.44,Student,4.37,2437,89.8,76.8,63.6,10,133272.83,7.85,43897,64614189.15,11.08,12,Retail Store,Singapore,Yes,2
1516,Samsung,6420,1,3.1,0,3,1,128,0.2,181,10,7,1424,1857,8192,18,7,13,1,0,Snapdragon,6063,IPS LCD,90,1,WiFi 6,5.2,Yes,Yes,Yes,Android,15.8,33,78.0,20.0,76.3,1351.88,Flagship,1372.42,15.87,General User,3.74,6832,75.0,59.6,56.8,15,19944.66,6.67,33018,37940917.76,6.46,12,Online Store,USA,No,1
1517,Samsung,3144,0,2.0,0,31,1,128,0.1,222,4,59,1362,1941,8192,6,7,4,1,0,Apple Bionic,4829,OLED,120,1,WiFi 6,5.2,No,Yes,Yes,Android,15.6,120,100.0,32.9,80.8,1445.66,Flagship,1589.31,18.91,Business User,5.0,1979,98.1,95.2,84.0,10,18101.53,11.2,48095,62576115.93,5.85,24,Telecom Partner,Singapore,Yes,0
1518,Realme,6894,0,2.4,1,26,1,256,0.7,217,4,21,1865,795,6144,8,5,13,0,1,MediaTek Dimensity,4044,LCD,60,1,WiFi 6,5.4,Yes,Yes,Yes,Android,16.8,80,97.9,60.3,72.3,1437.8,Flagship,1606.23,5.79,Gamer,5.0,64,100.0,100.0,75.3,0,97632.1,4.05,50070,71990646.0,2.32,18,Retail Store,Germany,Yes,1
1519,Oppo,3196,0,1.8,1,14,1,16,0.9,148,6,17,500,1019,3072,18,2,2,1,1,Snapdragon,3389,AMOLED,90,1,WiFi 6,5.0,No,Yes,No,Android,17.4,65,91.1,55.9,100.0,1044.17,Premium,895.63,7.65,Student,5.0,1570,100.0,90.2,87.4,0,56070.97,8.5,54014,56399798.38,1.72,24,Telecom Partner,UK,Yes,0
1520,OnePlus,4426,1,2.3,1,6,1,256,0.5,121,6,108,815,661,8192,10,1,9,0,1,MediaTek Dimensity,5260,OLED,90,1,WiFi 5,5.0,Yes,Yes,Yes,Android,16.8,45,81.1,100.0,94.8,1645.15,Flagship,1632.14,7.39,Professional,5.0,8894,100.0,100.0,100.0,20,106129.61,3.1,39125,51493195.0,5.33,36,Retail Store,UK,Yes,0
1521,Samsung,2821,1,0.9,1,22,1,64,0.3,106,6,37,921,1887,4096,5,0,11,1,1,MediaTek Dimensity,2856,IPS LCD,120,0,WiFi 5,5.4,No,Yes,Yes,Android,13.3,25,86.4,57.4,61.4,1000.04,Premium,928.16,12.73,Student,4.26,840,87.3,100.0,67.8,20,43350.6,11.72,48765,39013560.48,9.35,12,E-commerce Marketplace,UAE,Yes,0
1522,Motorola,4290,1,1.0,1,0,1,256,0.8,235,6,89,1676,963,12288,6,9,19,0,0,Snapdragon,6224,OLED,90,1,WiFi 6E,5.2,Yes,Yes,Yes,Android,16.2,18,88.4,84.5,80.3,1755.11,Flagship,1470.38,8.73,Professional,4.69,1257,99.5,83.1,89.1,0,58716.34,5.95,36084,63331389.24,6.32,18,Retail Store,USA,Yes,2
1523,Oppo,5992,0,0.8,0,31,1,256,0.8,183,6,94,1149,2064,8192,6,10,2,0,0,MediaTek Dimensity,4835,OLED,60,1,WiFi 6,5.3,No,Yes,Yes,Android,12.0,120,91.6,86.9,61.7,1733.4,Flagship,1558.86,4.12,Professional,5.0,1644,97.3,100.0,90.5,0,185700.56,1.37,41594,72099039.6,3.81,18,Retail Store,Germany,Yes,1
1524,Xiaomi,4666,1,2.1,1,7,1,16,0.4,101,10,106,1895,1219,4096,17,10,19,1,0,Snapdragon,4326,OLED,120,1,WiFi 6,5.4,Yes,Yes,Yes,Android,12.6,18,89.0,100.0,76.4,1219.13,Flagship,1151.9,9.45,Business User,4.54,1114,87.9,82.7,60.5,15,69851.44,4.49,28042,29058816.94,10.59,18,Online Store,Germany,No,0
1525,Realme,2604,1,3.4,1,3,1,16,0.3,93,8,76,465,999,4096,17,10,12,1,0,Exynos,5417,Super AMOLED,144,1,WiFi 7,5.1,Yes,Yes,Yes,Android,15.5,25,90.3,83.1,70.4,1298.79,Flagship,1085.31,4.4,Gamer,4.89,321,100.0,100.0,90.0,10,31466.69,4.68,24537,28681569.21,1.39,12,Telecom Partner,Singapore,No,0
1526,Vivo,5917,0,2.4,1,14,1,128,0.6,95,8,72,379,1958,6144,14,7,13,1,0,MediaTek Dimensity,4240,IPS LCD,60,1,WiFi 5,5.0,Yes,Yes,Yes,Android,18.4,65,100.0,64.3,61.8,1396.31,Flagship,1495.81,11.18,Business User,4.38,4033,95.7,79.4,82.4,10,191001.93,9.21,42590,53521958.61,5.8,24,Online Store,Singapore,Yes,1
1527,Xiaomi,4529,1,2.7,1,18,1,256,0.4,151,4,8,1997,1611,8192,9,10,12,0,0,Apple Bionic,4852,AMOLED,120,1,WiFi 6,5.2,No,Yes,Yes,Android,13.1,65,77.7,25.0,69.2,1595.47,Flagship,1610.71,4.78,Gamer,4.23,473,85.3,100.0,70.2,5,20297.6,10.17,41331,62645252.04,9.16,12,Online Store,Singapore,Yes,0
1528,Oppo,5179,0,1.5,0,7,1,128,0.3,230,8,88,974,1003,8192,15,6,20,1,1,Apple Bionic,5561,LCD,60,1,WiFi 5,5.1,No,Yes,Yes,Android,16.3,25,81.6,76.3,75.6,1428.34,Flagship,1263.34,10.75,Student,5.0,1278,100.0,81.9,69.9,15,25878.13,8.52,40458,49119612.76,4.22,18,Telecom Partner,Germany,Yes,1
1529,Motorola,6323,1,3.3,1,26,0,32,0.3,143,8,30,200,505,4096,6,9,6,1,0,Google Tensor,4790,LCD,144,1,WiFi 6,5.0,Yes,Yes,Yes,Android,16.7,25,91.3,55.6,74.9,1249.19,Flagship,1413.89,11.8,Student,4.23,2133,84.1,100.0,77.1,5,45135.15,4.86,22545,26754839.12,4.32,12,Telecom Partner,USA,No,1
1530,Apple,6651,1,3.3,1,29,1,32,0.3,213,8,19,1730,636,16384,5,9,5,1,1,Apple Bionic,8814,OLED,90,0,WiFi 6E,5.0,Yes,No,Yes,iOS,19.4,65,91.6,41.8,83.0,2082.47,Flagship,1710.9,17.74,Business User,4.38,641,92.9,80.6,40.5,25,143172.67,12.65,34433,53779267.13,3.11,18,Telecom Partner,India,No,2
1531,Realme,6164,0,3.4,0,5,1,128,0.5,118,6,15,1305,734,12288,11,10,11,0,1,Apple Bionic,7439,LCD,60,1,WiFi 5,5.4,No,Yes,Yes,Android,17.4,120,93.3,45.0,77.6,1820.81,Flagship,1919.55,10.19,Professional,3.72,1477,77.4,73.9,62.9,10,33747.05,9.24,25391,41608968.04,2.42,12,Retail Store,Australia,No,2
1532,Realme,5734,0,2.5,0,15,1,32,0.7,134,4,88,339,1036,6144,10,11,11,0,0,Exynos,4393,Super AMOLED,90,1,WiFi 6,5.0,No,Yes,Yes,Android,15.2,45,81.8,100.0,88.0,1359.05,Flagship,1580.7,14.39,Gamer,4.76,622,86.3,100.0,66.5,20,203721.61,3.33,28973,31500604.52,6.62,12,Retail Store,UK,No,1
1533,OnePlus,4238,0,1.4,1,10,0,32,0.8,111,8,6,439,1573,2048,5,10,5,1,0,MediaTek Dimensity,2448,OLED,144,1,WiFi 6E,5.1,Yes,Yes,Yes,Android,18.4,80,85.3,25.7,80.3,845.02,Premium,927.19,2.74,Professional,4.32,1088,94.1,88.2,85.3,15,13400.38,0.7,36944,26535656.05,7.97,18,Retail Store,India,Yes,0
1534,Vivo,3621,1,3.1,0,14,1,32,0.2,169,6,53,909,2324,12288,14,2,2,0,0,Google Tensor,6457,LCD,60,1,WiFi 6,5.1,Yes,Yes,Yes,Android,13.0,25,85.4,36.2,82.0,1527.4,Flagship,1712.93,5.87,Business User,4.53,444,79.9,100.0,56.0,0,64755.36,3.9,35996,54980290.4,5.61,24,Online Store,Germany,Yes,2
1535,Vivo,3213,1,1.2,0,27,1,64,0.5,179,8,68,1953,1580,4096,13,6,17,1,0,Exynos,3042,OLED,90,1,WiFi 6E,5.2,Yes,Yes,Yes,Android,18.4,45,85.8,93.8,82.7,1119.35,Premium,1172.07,7.72,General User,5.0,535,100.0,100.0,60.4,10,25577.61,4.23,21985,22148018.78,5.64,12,Retail Store,Australia,No,0
1536,OnePlus,5768,0,1.2,1,3,1,128,0.2,166,8,103,926,560,12288,11,1,5,1,1,Apple Bionic,6064,OLED,90,1,WiFi 6E,5.1,Yes,Yes,No,Android,13.7,65,79.3,73.1,77.8,1791.58,Flagship,1590.31,17.44,General User,4.65,2380,88.3,98.9,54.0,0,6086.01,8.09,23880,42782930.4,2.23,24,Retail Store,UAE,No,2
1537,Google,3032,0,2.3,1,11,1,128,0.6,200,4,96,1913,885,6144,8,9,9,1,1,Exynos,4403,Super AMOLED,120,1,WiFi 5,5.3,Yes,No,Yes,Android,16.0,18,91.9,84.9,68.9,1111.9,Premium,1011.0,7.33,General User,4.2,5820,78.7,99.9,65.3,0,450233.63,7.53,55048,61207871.2,4.48,36,Retail Store,UAE,Yes,0
1538,Vivo,6321,0,1.9,0,1,1,64,0.7,231,4,58,1198,952,6144,16,0,5,1,0,Apple Bionic,4145,LCD,120,1,WiFi 6,5.1,Yes,Yes,Yes,Android,15.2,120,86.3,79.1,66.5,1186.11,Premium,1102.47,7.24,Professional,4.63,6855,85.9,100.0,78.7,0,28780.45,6.36,31099,36886834.89,7.5,36,Online Store,India,No,1
1539,Apple,5353,0,3.3,0,25,1,128,0.1,105,4,35,356,1017,6144,7,1,10,1,1,Exynos,4513,Super AMOLED,60,1,WiFi 6,5.2,Yes,Yes,Yes,iOS,17.8,18,88.8,32.8,88.6,1661.5,Flagship,1643.11,9.61,Student,4.58,634,92.2,97.8,80.6,10,150455.92,5.45,54223,81082363.05,3.71,12,Retail Store,Australia,Yes,1
1540,Vivo,5869,1,3.4,1,25,1,64,0.5,113,4,22,604,759,6144,5,3,8,0,1,Apple Bionic,3622,AMOLED,120,1,WiFi 6E,5.1,Yes,No,Yes,Android,16.4,45,86.8,37.7,86.0,1178.14,Premium,1135.13,10.45,Gamer,4.35,1218,81.3,70.5,46.9,20,48209.82,8.5,31253,29456327.54,7.62,24,Online Store,Singapore,No,1
1541,Google,3615,0,0.9,0,0,1,16,0.3,194,10,18,1402,1390,6144,11,7,8,0,0,Snapdragon,4732,Super AMOLED,90,1,WiFi 6,5.4,Yes,Yes,Yes,Android,17.7,120,77.4,34.8,80.4,1323.26,Flagship,1235.86,6.0,Business User,4.44,5933,92.8,100.0,77.6,5,70651.18,2.8,34968,43958167.9,2.01,18,Telecom Partner,UAE,No,0
1542,Motorola,5179,1,3.1,0,26,1,128,0.8,105,8,35,944,1724,12288,15,9,15,1,1,Google Tensor,7495,IPS LCD,60,1,WiFi 6,5.0,Yes,Yes,Yes,Android,17.5,18,87.8,57.2,65.3,1443.58,Flagship,1607.8,4.35,Gamer,5.0,2840,97.9,100.0,85.6,0,40702.12,7.17,43952,63448228.16,6.64,24,Retail Store,UK,Yes,2
1543,Apple,2533,0,2.8,0,5,1,128,0.5,95,10,93,1135,1790,6144,15,1,3,0,1,MediaTek Dimensity,4816,IPS LCD,144,1,WiFi 6,5.2,No,Yes,Yes,iOS,18.0,18,97.0,82.6,92.4,1988.87,Flagship,2257.25,16.84,Professional,5.0,1175,100.0,100.0,75.0,5,38918.9,6.15,33174,62679834.71,5.49,24,Retail Store,Germany,No,0
1544,Oppo,2549,0,2.1,0,20,1,128,0.5,226,6,19,1315,2257,2048,17,10,9,0,1,Apple Bionic,3388,OLED,60,1,WiFi 6,5.4,Yes,Yes,Yes,Android,16.2,80,72.7,42.6,87.6,1158.46,Premium,951.06,4.21,Student,4.94,629,95.7,70.2,62.6,0,91559.87,6.67,38219,44275182.74,1.65,36,E-commerce Marketplace,UAE,Yes,0
1545,Samsung,5949,1,1.2,1,16,1,16,0.5,159,8,27,1595,1501,6144,10,4,11,0,0,Exynos,3883,LCD,90,1,WiFi 6,5.4,No,No,Yes,Android,15.9,25,86.5,23.3,66.7,929.85,Premium,841.73,15.08,General User,4.03,5928,79.0,64.1,45.9,0,191275.87,6.22,45304,42125924.4,0.92,18,Retail Store,UAE,Yes,1
1546,Google,3168,0,3.3,0,30,0,32,0.6,100,8,73,650,2368,3072,5,0,19,0,0,Apple Bionic,5010,LCD,90,1,WiFi 5,5.3,Yes,Yes,Yes,Android,17.5,80,90.1,68.6,70.4,1307.41,Flagship,1397.16,6.55,Student,4.42,4109,84.0,95.6,71.5,10,275333.69,11.42,56302,66248818.04,4.31,24,E-commerce Marketplace,UK,Yes,0
1547,OnePlus,3404,1,2.4,1,8,0,512,0.1,179,10,12,384,2073,6144,5,1,3,0,0,Snapdragon,6663,Super AMOLED,120,1,WiFi 6,5.2,Yes,Yes,Yes,Android,17.6,80,85.5,68.0,87.5,2143.62,Flagship,1964.15,6.53,Student,4.33,5274,91.2,84.3,64.8,0,19578.59,4.2,42105,90257120.1,3.62,24,E-commerce Marketplace,USA,Yes,2
1548,Realme,6584,0,2.5,1,19,1,128,0.6,159,4,42,1346,985,8192,17,2,11,1,0,MediaTek Dimensity,4974,AMOLED,144,1,WiFi 5,5.1,Yes,Yes,Yes,Android,12.4,80,85.7,61.2,85.5,1683.64,Flagship,1565.07,4.2,Student,4.33,3590,96.9,79.8,72.0,15,297234.89,7.66,53880,77107344.72,5.13,12,Telecom Partner,India,Yes,1
1549,Motorola,3185,1,2.5,1,28,1,64,0.7,103,8,10,2099,1605,6144,18,3,15,1,0,Snapdragon,5323,LCD,90,1,WiFi 6E,5.3,Yes,No,Yes,Android,13.9,120,79.4,32.7,82.0,1367.28,Flagship,1307.99,8.39,Business User,4.59,4434,100.0,88.3,69.4,20,21240.98,0.1,23493,25697207.23,10.79,24,Online Store,Singapore,No,0
1550,Oppo,6639,1,1.6,1,14,1,128,0.9,81,4,86,1717,1852,8192,15,1,10,0,0,Google Tensor,5037,LCD,90,1,WiFi 7,5.1,No,No,Yes,Android,16.8,25,77.8,87.6,71.1,1600.21,Flagship,1835.95,11.35,General User,4.14,1201,90.4,100.0,60.5,5,115294.53,4.18,31789,48325621.91,6.59,36,Online Store,UAE,No,1
1551,Realme,3100,1,3.2,1,26,1,256,0.3,151,4,5,657,2267,8192,18,3,7,0,0,MediaTek Dimensity,4970,Super AMOLED,90,1,WiFi 6E,5.2,No,No,Yes,Android,14.0,33,88.3,56.9,74.2,1714.51,Flagship,1682.06,8.7,Business User,4.07,4802,88.4,96.9,66.5,20,43004.86,7.87,32111,44043704.49,5.66,24,Telecom Partner,UK,No,0
1552,Google,3132,0,2.3,0,6,1,128,0.7,205,6,83,1414,1986,8192,17,5,17,0,0,Google Tensor,4852,LCD,120,1,WiFi 5,5.3,No,Yes,Yes,Android,13.8,80,79.3,56.2,92.2,1594.94,Flagship,1545.49,7.04,Business User,4.89,338,94.7,100.0,92.3,10,133369.6,4.62,29738,42687293.15,0.5,36,Online Store,UAE,No,0
1553,Motorola,4706,0,3.1,0,10,1,256,0.9,166,10,22,352,2318,8192,10,10,5,0,0,MediaTek Dimensity,6454,Super AMOLED,120,1,WiFi 6,5.2,Yes,No,Yes,Android,18.6,33,95.0,48.0,85.9,1976.63,Flagship,2228.68,4.35,Business User,4.63,2395,98.0,97.8,89.9,20,24417.24,4.12,40341,63791384.66,6.1,12,E-commerce Marketplace,UAE,Yes,2
1554,Realme,5785,1,2.4,0,14,1,16,0.8,82,8,107,1818,2307,4096,14,4,12,1,0,Apple Bionic,3732,IPS LCD,144,1,WiFi 6,5.0,Yes,No,Yes,Android,17.0,45,75.7,97.6,69.0,1195.8,Premium,1304.64,4.66,Professional,4.69,2233,97.4,92.5,85.4,25,239293.75,14.86,67104,60182222.4,1.94,18,Online Store,UAE,Yes,1
1555,Xiaomi,4235,1,1.5,0,26,1,256,0.2,213,10,100,125,1784,4096,14,2,9,0,1,Snapdragon,4054,Super AMOLED,90,0,WiFi 6,5.2,No,Yes,No,Android,17.4,45,71.6,100.0,86.5,1714.79,Flagship,1573.76,6.48,Gamer,5.0,313,94.8,90.2,87.2,10,286163.2,8.24,52290,80699732.19,5.37,18,Online Store,UAE,Yes,0
1556,Google,6376,0,3.2,1,8,1,512,0.9,198,4,88,297,1321,3072,18,5,8,0,1,MediaTek Dimensity,3073,LCD,144,1,WiFi 6,5.0,Yes,Yes,No,Android,17.2,65,81.2,59.3,67.8,2012.05,Flagship,2054.73,6.78,Professional,5.0,423,100.0,100.0,73.0,0,32137.29,10.59,44308,89149911.4,5.66,12,Retail Store,UK,Yes,1
1557,Xiaomi,5025,0,2.9,1,19,1,128,0.6,219,8,87,263,1350,3072,16,8,2,1,1,MediaTek Dimensity,4023,Super AMOLED,60,1,WiFi 6,5.0,Yes,Yes,Yes,Android,16.8,65,90.8,91.2,79.9,1358.58,Flagship,1480.07,4.8,Professional,4.72,1903,84.4,90.8,96.2,20,118456.34,4.76,51541,56018057.42,7.33,24,Telecom Partner,UAE,Yes,1
1558,Samsung,4135,1,2.1,1,22,1,256,1.0,84,4,103,779,1121,6144,6,0,9,0,0,Exynos,3568,LCD,120,1,WiFi 6E,5.2,Yes,Yes,Yes,Android,14.6,45,80.8,98.1,74.6,1530.66,Flagship,1723.15,8.96,Student,3.92,793,78.8,99.9,76.4,10,16385.24,0.1,25048,34505974.51,5.7,36,Telecom Partner,UAE,No,0
1559,Xiaomi,5235,0,1.0,1,32,1,128,0.1,178,4,13,415,1242,6144,15,4,19,1,1,Snapdragon,3483,Super AMOLED,90,1,WiFi 5,5.4,Yes,Yes,Yes,Android,15.8,33,79.9,30.9,85.0,1426.74,Flagship,1621.63,4.74,General User,3.76,4215,85.1,84.6,55.0,0,233729.34,0.1,22505,32108783.7,9.87,18,Online Store,UK,No,1
1560,Motorola,6408,0,1.5,1,19,1,16,0.6,198,6,107,2153,1548,12288,16,10,9,0,0,Google Tensor,5830,IPS LCD,120,1,WiFi 6E,5.2,Yes,Yes,No,Android,13.1,80,88.3,97.4,78.2,1622.17,Flagship,1776.4,7.27,Business User,5.0,3138,95.2,86.3,53.5,10,33864.87,7.53,36727,53619693.83,2.78,12,E-commerce Marketplace,Australia,Yes,2
1561,Realme,6638,0,1.4,0,27,1,128,0.7,231,6,93,2088,1064,4096,6,5,19,0,0,Apple Bionic,3418,IPS LCD,90,1,WiFi 6,5.0,No,Yes,Yes,Android,15.6,18,98.2,74.5,64.1,1341.57,Flagship,1560.0,10.75,Professional,4.24,2508,89.6,79.9,83.9,10,16966.47,3.1,30623,36974608.3,1.5,24,E-commerce Marketplace,Germany,No,1
1562,Oppo,4997,0,1.7,1,26,1,128,0.6,167,8,56,1772,1272,3072,18,0,10,1,0,MediaTek Dimensity,3644,LCD,120,1,WiFi 7,5.2,No,Yes,Yes,Android,15.0,80,93.5,46.9,76.4,1048.96,Premium,1064.17,3.25,Business User,4.23,376,88.4,82.8,64.9,5,12519.97,2.86,30202,30096655.42,7.71,18,E-commerce Marketplace,Singapore,No,1
1563,Samsung,3455,1,3.3,1,6,1,256,0.1,113,6,6,777,1727,12288,17,3,19,1,0,Apple Bionic,6737,AMOLED,144,0,WiFi 6,5.3,No,No,Yes,Android,17.6,45,93.5,36.6,81.7,1804.81,Flagship,1971.65,13.62,Business User,3.9,944,84.1,94.3,80.9,10,96845.23,7.52,27688,44974421.35,5.88,36,Online Store,UAE,No,2
1564,Google,6849,0,2.0,0,17,1,32,0.7,186,8,83,309,1019,4096,16,3,4,0,0,Google Tensor,4185,OLED,120,1,WiFi 6,5.1,No,No,Yes,Android,18.0,33,81.5,77.8,79.6,1363.38,Flagship,1503.48,5.55,General User,4.3,3793,79.7,90.9,66.1,15,182685.87,5.1,45084,52246630.33,1.72,36,Online Store,UAE,Yes,1
1565,Vivo,6586,1,2.2,1,25,1,64,0.7,105,10,37,1806,1764,8192,17,5,20,1,1,Apple Bionic,5198,Super AMOLED,60,1,WiFi 6E,5.1,Yes,Yes,Yes,Android,12.7,18,90.4,82.1,80.5,1316.11,Flagship,1187.15,4.65,Student,5.0,9562,100.0,98.9,84.4,20,38823.56,6.26,19960,21015644.48,5.65,12,Telecom Partner,USA,No,1
1566,Xiaomi,2817,1,0.9,0,13,1,64,0.1,195,10,9,307,2190,8192,13,0,4,0,1,Apple Bionic,5377,Super AMOLED,120,0,WiFi 5,5.3,Yes,Yes,Yes,Android,12.2,33,89.4,46.9,67.1,1283.5,Flagship,1467.06,14.61,Gamer,4.63,1536,89.0,88.2,66.1,15,50680.67,12.01,52326,57086357.85,0.5,24,Online Store,USA,Yes,0
1567,Oppo,6743,0,3.4,1,13,1,128,0.5,99,6,18,165,2380,8192,12,0,2,1,0,MediaTek Dimensity,5566,IPS LCD,60,1,WiFi 6,5.1,No,No,No,Android,13.4,18,92.3,45.8,64.2,1305.44,Flagship,1087.09,0.67,Gamer,4.6,29559,97.5,100.0,81.6,15,67378.45,6.46,44964,49893133.54,4.27,24,Online Store,India,Yes,1
1568,Oppo,5565,1,1.5,0,6,1,16,0.7,130,4,44,883,747,8192,8,11,10,0,1,Exynos,4272,LCD,60,1,WiFi 6E,5.0,Yes,No,Yes,Android,19.0,120,85.3,61.1,90.2,1517.21,Flagship,1539.31,0.1,Gamer,4.91,3912,100.0,100.0,78.7,15,28151.98,5.89,39482,50917112.44,0.5,24,Online Store,Singapore,Yes,1
1569,Apple,2644,1,0.8,1,24,1,256,0.8,191,4,16,1163,1838,3072,5,0,7,0,0,Snapdragon,2081,LCD,120,1,WiFi 5,5.0,Yes,Yes,Yes,iOS,17.7,18,78.2,43.4,67.7,1796.79,Flagship,2053.64,10.22,Business User,4.23,274,87.8,100.0,55.1,5,78793.95,3.05,23851,40712476.38,0.5,12,E-commerce Marketplace,UAE,No,0
1570,Oppo,3608,0,3.5,1,31,1,64,0.5,151,4,13,447,628,8192,11,3,14,1,1,MediaTek Dimensity,5460,Super AMOLED,144,1,WiFi 7,5.0,Yes,Yes,No,Android,17.6,80,90.4,20.3,78.4,1254.74,Flagship,1087.81,2.76,Student,3.86,12398,83.4,100.0,47.4,20,25115.84,7.31,27484,27588219.33,4.61,24,Online Store,Singapore,No,0
1571,Realme,6744,1,3.1,1,5,1,64,0.5,132,10,77,124,1646,6144,18,7,5,0,1,Apple Bionic,5698,Super AMOLED,60,1,WiFi 5,5.1,Yes,Yes,Yes,Android,15.0,80,93.1,56.9,92.5,1496.74,Flagship,1732.36,10.01,Gamer,4.91,2219,96.4,62.8,67.4,10,237578.61,2.37,27488,37028150.21,9.08,24,E-commerce Marketplace,UAE,No,1
1572,Motorola,3966,0,2.5,0,10,1,128,0.1,185,6,82,766,1533,8192,12,10,11,1,0,MediaTek Dimensity,5775,Super AMOLED,120,1,WiFi 6,5.3,Yes,No,Yes,Android,17.4,65,87.2,82.4,77.3,1694.51,Flagship,1767.18,7.79,Gamer,4.6,199,89.5,100.0,67.3,15,33259.29,8.69,47024,67730242.5,2.44,18,Retail Store,India,Yes,0
1573,Motorola,4096,1,3.3,0,25,1,64,0.3,205,4,108,1997,1183,8192,19,0,13,1,1,Snapdragon,5036,IPS LCD,60,1,WiFi 7,5.0,No,Yes,Yes,Android,14.5,18,91.1,88.1,83.7,1252.14,Flagship,1161.9,9.44,Professional,4.77,451,96.8,92.6,62.7,15,24479.44,8.98,36813,39180775.35,5.67,12,E-commerce Marketplace,Australia,Yes,0
1574,Realme,4810,0,3.3,0,5,1,32,0.1,108,10,65,355,1575,6144,16,6,4,0,0,Exynos,5338,LCD,144,1,WiFi 6E,5.1,Yes,Yes,Yes,Android,14.9,45,85.3,54.7,87.9,1583.68,Flagship,1316.77,7.3,General User,4.39,856,89.8,97.7,55.5,10,78307.73,8.31,25187,35899333.34,1.15,12,Retail Store,Germany,No,1
1575,Motorola,3395,0,2.9,0,25,1,16,0.7,125,4,28,1046,568,8192,12,8,20,1,1,MediaTek Dimensity,5395,AMOLED,120,1,WiFi 6,5.4,Yes,Yes,Yes,Android,13.4,45,74.9,42.4,78.0,1409.49,Flagship,1562.93,6.8,Professional,4.23,836,91.6,100.0,43.7,10,25972.18,5.42,16456,20875110.7,4.65,36,Retail Store,UAE,No,0
1576,Xiaomi,3482,0,3.0,1,28,1,128,0.2,137,6,34,1072,2319,8192,16,7,16,1,0,Snapdragon,5364,Super AMOLED,144,1,WiFi 6,5.2,Yes,Yes,No,Android,15.4,80,92.2,58.4,84.5,1620.69,Flagship,1733.28,2.93,Professional,4.84,1007,96.6,100.0,100.0,15,63811.05,6.07,44499,61301221.66,4.05,12,Retail Store,UAE,Yes,0
1577,Xiaomi,2718,1,3.3,0,23,1,128,0.9,236,10,17,634,683,6144,13,10,17,0,1,Exynos,5857,LCD,60,0,WiFi 7,5.4,Yes,Yes,No,Android,13.0,33,94.3,48.7,69.5,1230.21,Flagship,1255.08,1.04,Business User,4.33,999,89.3,100.0,90.9,10,39481.42,7.29,39284,43494812.68,2.33,12,Online Store,UK,Yes,0
1578,Realme,4675,1,2.1,0,1,1,128,0.2,104,4,73,266,1325,8192,11,9,15,0,1,Snapdragon,4213,LCD,60,1,WiFi 6,5.2,Yes,Yes,Yes,Android,16.9,45,79.7,86.9,85.5,1661.24,Flagship,1862.36,4.3,General User,5.0,371,100.0,69.6,80.3,0,62830.85,10.94,39168,65067448.32,6.11,18,Retail Store,UAE,Yes,0
1579,Vivo,6823,0,1.0,0,20,1,16,0.6,145,6,47,1861,1831,8192,11,8,16,1,1,Exynos,4055,Super AMOLED,60,1,WiFi 5,5.1,No,No,Yes,Android,15.8,25,85.7,42.9,88.7,1175.68,Premium,1104.88,13.76,Gamer,4.86,733,98.7,89.2,85.9,25,16322.88,7.55,32426,28591949.76,8.26,12,E-commerce Marketplace,Germany,No,1
1580,Google,5459,0,2.7,1,28,1,128,0.8,167,4,61,1877,1005,8192,18,7,13,0,0,Snapdragon,5031,OLED,90,1,WiFi 6,5.3,No,No,No,Android,12.5,25,100.0,79.4,66.7,1647.38,Flagship,1556.53,7.8,Professional,5.0,1846,100.0,100.0,54.2,5,54612.74,3.25,25889,40516569.78,5.5,36,Telecom Partner,Germany,No,1
1581,Vivo,6493,1,2.9,0,28,1,512,0.3,99,6,81,1086,1408,12288,5,4,9,1,1,Apple Bionic,7127,AMOLED,144,1,WiFi 6,5.2,Yes,Yes,Yes,Android,16.1,18,94.3,74.1,83.9,2107.51,Flagship,2387.33,11.87,Student,4.8,629,92.2,87.2,80.2,0,8564.77,4.3,24933,52546546.83,4.75,36,Telecom Partner,Singapore,No,2
1582,Samsung,3014,1,3.1,0,5,1,128,0.4,229,6,17,911,1321,6144,11,0,10,0,1,MediaTek Dimensity,4969,LCD,144,1,WiFi 5,5.4,Yes,Yes,Yes,Android,13.6,25,80.7,55.9,77.1,1387.96,Flagship,1631.51,12.8,Gamer,4.97,1924,100.0,92.4,87.3,10,78441.06,6.79,31638,39521050.63,2.32,36,Retail Store,USA,No,0
1583,Vivo,6551,0,2.9,0,22,1,256,0.6,119,10,41,1324,1303,3072,17,10,14,1,1,Google Tensor,4652,AMOLED,60,1,WiFi 5,5.3,No,Yes,No,Android,16.2,120,91.8,89.3,89.1,1452.89,Flagship,1236.46,6.25,Student,4.52,1067,98.7,94.9,64.7,0,18921.01,8.05,15450,22447150.5,7.45,36,E-commerce Marketplace,Germany,No,1
1584,Vivo,3844,1,1.8,0,0,1,128,0.3,179,4,79,464,508,6144,8,1,4,0,0,Apple Bionic,3646,LCD,60,1,WiFi 6,5.0,No,No,Yes,Android,15.9,25,77.7,56.8,70.5,1344.5,Flagship,1534.52,8.64,General User,4.09,934,79.2,100.0,63.1,5,77871.73,7.38,24328,31073546.2,4.85,12,Retail Store,UAE,No,0
1585,Samsung,4665,1,2.9,0,7,1,256,0.9,85,4,91,129,2182,6144,16,1,4,0,0,Google Tensor,3773,Super AMOLED,120,1,WiFi 5,5.3,Yes,No,Yes,Android,13.4,65,79.9,100.0,91.8,1643.89,Flagship,1746.7,11.34,Student,5.0,929,90.4,100.0,65.6,15,63002.4,10.09,31454,43950878.65,5.03,36,Retail Store,India,No,0
1586,Samsung,6846,0,1.8,1,19,1,128,0.1,110,4,95,123,1414,12288,14,0,5,1,1,Snapdragon,5871,Super AMOLED,144,0,WiFi 6,5.2,Yes,No,No,Android,17.4,33,86.7,81.9,98.2,1902.91,Flagship,1702.36,10.59,Student,4.64,3616,78.2,69.8,70.2,10,102788.86,7.4,37298,63877263.46,8.91,36,Retail Store,UAE,Yes,2
1587,Samsung,5674,0,3.0,1,21,1,128,0.2,119,6,13,1976,782,6144,10,3,16,0,0,Exynos,5155,Super AMOLED,120,1,WiFi 6E,5.4,No,Yes,No,Android,17.4,33,77.8,52.4,74.7,1628.85,Flagship,1878.0,24.4,Gamer,3.84,1730,80.3,100.0,59.5,10,37341.74,4.88,36426,53399241.09,2.76,24,E-commerce Marketplace,Germany,Yes,1
1588,Motorola,2869,1,1.9,0,1,1,256,0.7,119,4,75,2078,565,6144,18,1,12,1,1,Snapdragon,3491,Super AMOLED,90,1,WiFi 6,5.3,Yes,No,Yes,Android,12.5,18,84.8,72.9,77.5,1454.22,Flagship,1349.64,5.01,Professional,4.94,2811,93.3,79.7,70.2,0,14999.35,5.36,38821,56454274.62,3.07,18,Telecom Partner,USA,Yes,0
1589,Oppo,2927,0,1.3,1,27,1,64,0.6,89,10,53,1182,2069,4096,15,7,13,1,0,MediaTek Dimensity,4201,IPS LCD,90,1,WiFi 6,5.1,Yes,Yes,Yes,Android,12.4,65,63.3,100.0,67.6,1558.25,Flagship,1466.98,5.79,General User,4.39,522,87.5,77.2,56.3,15,91309.48,9.14,45533,60309027.66,1.43,12,Online Store,USA,Yes,0
1590,OnePlus,6349,0,2.3,0,11,1,128,0.8,204,4,74,2161,935,8192,8,8,16,1,0,Apple Bionic,4356,IPS LCD,120,1,WiFi 6E,5.3,Yes,Yes,Yes,Android,17.0,80,95.5,90.9,87.5,1589.32,Flagship,1676.3,12.23,Business User,4.92,5075,100.0,100.0,74.8,5,11900.9,3.31,31436,47463770.34,2.61,24,Telecom Partner,Singapore,No,1
1591,Google,6798,1,1.3,1,2,1,128,0.9,101,10,53,763,1474,3072,17,7,15,0,0,MediaTek Dimensity,3479,Super AMOLED,90,1,WiFi 6E,5.3,Yes,Yes,Yes,Android,14.2,65,82.4,73.8,76.7,1039.97,Premium,1096.63,9.89,Gamer,5.0,2886,100.0,100.0,65.8,5,27620.29,13.13,62036,61289799.97,0.82,12,Online Store,Singapore,Yes,1
1592,OnePlus,3870,1,2.7,1,28,1,256,0.9,157,10,59,581,546,4096,9,9,18,1,0,MediaTek Dimensity,5112,Super AMOLED,144,1,WiFi 5,5.1,Yes,Yes,Yes,Android,12.9,33,95.7,86.2,83.8,1780.24,Flagship,2054.15,7.37,Gamer,5.0,532,100.0,88.9,92.1,10,38973.7,6.92,39075,62606590.2,7.67,18,Retail Store,UAE,Yes,0
1593,Google,5712,0,1.0,1,26,1,512,0.6,190,4,87,1797,914,6144,9,6,8,1,1,MediaTek Dimensity,3305,Super AMOLED,90,1,WiFi 6,5.0,No,Yes,Yes,Android,15.2,80,86.2,73.8,81.4,2013.77,Flagship,1718.9,3.51,Business User,4.99,898,100.0,100.0,55.9,5,44827.49,3.2,34230,65484779.74,0.5,24,Telecom Partner,India,No,1
1594,Apple,6292,1,3.3,1,11,1,128,0.5,225,6,23,2169,1460,12288,7,9,16,1,1,Apple Bionic,6739,IPS LCD,144,1,WiFi 6E,5.1,Yes,Yes,No,iOS,17.9,25,92.1,41.4,81.5,2013.86,Flagship,1656.91,20.96,Student,4.76,3150,84.2,80.0,90.6,0,57704.73,5.54,54386,109525790.0,9.35,12,Online Store,India,Yes,2
1595,Samsung,3097,0,3.4,1,16,1,32,0.5,191,8,106,245,628,12288,8,8,13,1,1,MediaTek Dimensity,7529,OLED,120,1,WiFi 6,5.0,No,No,Yes,Android,14.3,18,82.9,100.0,79.1,1722.78,Flagship,1650.48,11.36,Business User,4.37,3092,86.8,100.0,68.3,20,50009.74,6.16,41692,57460915.01,0.5,36,Retail Store,India,Yes,2
1596,Realme,5689,0,2.5,1,31,1,32,0.9,93,6,34,1679,1265,6144,10,9,3,1,0,Exynos,4774,AMOLED,90,0,WiFi 7,5.3,No,Yes,Yes,Android,16.9,80,95.3,57.3,87.6,1088.72,Premium,893.41,2.57,Gamer,4.56,4352,99.4,100.0,69.0,15,285915.2,7.62,53382,49400343.38,5.05,18,Retail Store,UAE,Yes,1
1597,Google,3413,0,3.3,0,27,1,256,0.9,215,8,17,759,1043,6144,17,8,2,0,1,Google Tensor,5861,OLED,60,1,WiFi 6,5.0,No,Yes,Yes,Android,18.7,120,80.4,25.2,76.0,1557.49,Flagship,1647.15,0.1,Gamer,4.16,387,81.0,84.7,61.7,0,52986.92,0.1,21552,33567024.48,5.8,24,Online Store,India,No,0
1598,Apple,5977,1,1.4,0,28,0,512,1.0,92,4,88,1110,617,2048,17,7,8,0,1,Apple Bionic,2074,IPS LCD,90,1,WiFi 6,5.2,Yes,No,Yes,iOS,19.1,25,86.0,92.9,93.1,2032.39,Flagship,2035.55,12.24,Gamer,5.0,794,100.0,100.0,87.4,15,106353.82,9.77,52997,91553986.91,3.78,24,Online Store,USA,Yes,1
1599,Vivo,5113,0,1.9,1,1,1,32,0.6,234,6,49,360,1846,4096,10,10,16,0,1,Google Tensor,4039,OLED,60,1,WiFi 5,5.3,Yes,No,No,Android,16.1,45,90.6,64.3,97.4,974.45,Premium,1002.91,9.9,Professional,4.35,484,82.1,85.6,70.5,20,70811.1,7.89,35966,28037654.96,12.11,18,Online Store,India,Yes,1
1600,Apple,3810,1,2.5,0,12,1,128,0.7,158,6,101,1479,888,8192,5,5,17,0,1,Google Tensor,5772,IPS LCD,60,1,WiFi 6,5.0,Yes,Yes,No,iOS,19.9,80,86.7,90.3,88.5,2263.79,Flagship,2205.52,16.87,Gamer,4.56,611,89.8,100.0,73.2,15,22822.58,3.75,28708,55240550.82,1.33,12,Online Store,Germany,No,2
1601,OnePlus,6197,0,1.4,1,11,1,128,0.8,188,10,45,2151,1417,3072,11,4,3,1,0,Google Tensor,2927,OLED,90,1,WiFi 6,5.3,No,No,Yes,Android,13.6,65,95.1,34.0,100.0,1267.89,Flagship,1337.26,7.9,Professional,4.61,1207,92.3,87.8,75.7,0,66716.73,4.49,34493,43733329.77,5.01,24,Telecom Partner,Australia,No,1
1602,Oppo,4078,0,3.4,1,20,1,128,0.4,180,10,22,746,2018,6144,17,9,19,1,1,MediaTek Dimensity,5809,AMOLED,144,0,WiFi 6E,5.1,No,No,Yes,Android,13.0,120,83.1,47.1,100.0,1543.68,Flagship,1513.35,7.28,Professional,4.83,539,96.8,100.0,89.5,0,71078.01,10.1,44956,69397678.08,2.85,24,E-commerce Marketplace,USA,Yes,0
1603,Xiaomi,6432,0,1.8,0,18,1,512,0.6,160,8,14,106,2389,2048,9,7,4,1,0,Exynos,2724,Super AMOLED,60,1,WiFi 6,5.4,Yes,Yes,Yes,Android,14.8,18,87.9,24.2,83.4,1357.13,Flagship,1118.45,3.35,Student,3.76,1493,92.3,60.6,58.0,5,29266.19,8.3,48142,62068204.84,3.32,24,E-commerce Marketplace,Germany,Yes,1
1604,Samsung,4604,0,1.6,0,20,1,64,0.3,212,6,102,570,2226,4096,9,7,20,1,1,Snapdragon,3485,Super AMOLED,90,0,WiFi 6,5.3,No,No,Yes,Android,17.9,25,86.6,88.3,79.7,1120.89,Premium,1277.85,17.0,Gamer,4.95,3236,97.8,89.4,100.0,0,21318.74,6.2,42793,47966245.77,3.11,18,Online Store,Singapore,Yes,0
1605,OnePlus,5565,1,2.9,1,23,1,256,0.1,107,10,66,191,1202,8192,15,6,4,1,0,MediaTek Dimensity,6582,LCD,120,0,WiFi 5,5.0,Yes,Yes,Yes,Android,15.1,65,86.1,78.1,78.5,1733.74,Flagship,1972.15,8.4,Business User,4.32,2176,98.4,100.0,82.0,10,11485.08,5.1,40900,63818969.4,8.41,12,Online Store,Australia,Yes,1
1606,Xiaomi,5867,0,2.8,1,11,1,128,0.5,112,10,30,1755,1860,4096,16,1,10,0,0,MediaTek Dimensity,4439,OLED,120,1,WiFi 6,5.3,No,No,No,Android,17.8,18,92.3,50.5,87.7,1555.36,Flagship,1506.39,14.85,Student,4.31,477,81.2,100.0,67.3,0,43606.26,3.29,19569,30436839.84,2.98,18,E-commerce Marketplace,Germany,No,1
1607,Motorola,5625,0,1.2,0,16,1,16,0.3,118,8,20,1442,880,8192,18,2,2,0,1,Apple Bionic,4772,Super AMOLED,60,1,WiFi 6E,5.4,Yes,Yes,No,Android,14.7,80,90.3,37.4,59.8,1336.81,Flagship,1137.08,13.67,Professional,4.57,322,87.9,92.0,68.4,20,7463.43,7.26,29815,31885592.12,2.89,24,E-commerce Marketplace,Australia,No,1
1608,Xiaomi,3784,0,1.1,1,27,1,512,0.6,104,10,25,971,724,8192,7,11,8,0,0,Google Tensor,5730,LCD,60,0,WiFi 6,5.4,Yes,No,Yes,Android,12.8,33,83.0,56.8,77.0,1664.28,Flagship,1716.3,4.18,Business User,3.46,1797,65.6,82.0,51.4,0,78354.97,6.66,33183,55225803.24,2.52,12,Retail Store,India,No,0
1609,Vivo,4636,1,1.5,1,3,1,512,0.2,165,4,43,500,1191,16384,14,7,19,0,1,Apple Bionic,7057,IPS LCD,120,1,WiFi 5,5.4,Yes,Yes,Yes,Android,14.7,33,94.3,35.4,77.7,2334.83,Flagship,2645.2,8.11,Student,3.9,5586,84.8,72.8,55.4,10,6633.85,5.24,22558,47402185.63,4.64,24,E-commerce Marketplace,Australia,No,2
1610,Xiaomi,3582,1,0.9,1,3,1,64,0.9,146,4,11,1729,1441,8192,12,1,4,0,0,Apple Bionic,3935,OLED,90,1,WiFi 6,5.0,No,Yes,No,Android,13.7,80,82.7,35.3,72.9,1272.42,Flagship,1464.09,9.43,Professional,3.93,4088,76.7,83.1,60.4,15,47958.36,11.47,50829,54974460.75,0.5,12,E-commerce Marketplace,Singapore,Yes,0
1611,Vivo,3624,1,2.0,0,6,1,64,0.9,95,4,71,472,2157,4096,6,5,13,0,1,Snapdragon,2187,IPS LCD,60,1,WiFi 6,5.4,Yes,Yes,Yes,Android,17.0,65,86.4,62.4,69.5,1096.76,Premium,936.87,7.85,Gamer,4.45,7980,98.4,83.7,73.0,15,13802.87,4.97,48887,45574710.2,4.93,12,Retail Store,UAE,Yes,0
1612,Samsung,6284,0,1.2,1,2,1,128,0.6,83,6,32,1413,1054,4096,17,4,8,0,0,Apple Bionic,3079,LCD,144,1,WiFi 6,5.0,No,Yes,No,Android,12.1,80,87.8,49.2,76.1,1273.79,Flagship,1100.98,16.74,Professional,3.7,3393,83.3,100.0,77.0,0,78201.03,10.31,55648,70883865.92,4.45,18,Retail Store,Australia,Yes,1
1613,Motorola,3082,1,1.4,1,6,1,128,0.5,155,8,30,825,1982,6144,6,10,14,0,1,Google Tensor,3561,LCD,120,0,WiFi 5,5.1,Yes,Yes,Yes,Android,14.6,25,93.4,63.2,64.1,1435.43,Flagship,1181.9,4.36,Business User,3.85,1284,63.2,87.8,43.8,5,102372.24,3.63,29240,39873374.54,2.48,18,E-commerce Marketplace,India,No,0
1614,Motorola,3737,1,1.6,1,25,1,128,0.2,105,6,17,483,611,2048,17,8,15,0,0,MediaTek Dimensity,2110,IPS LCD,144,1,WiFi 6,5.2,Yes,No,Yes,Android,16.4,120,83.2,42.4,70.2,1383.64,Flagship,1316.95,6.37,General User,3.95,2112,81.6,100.0,66.1,5,50733.6,13.01,43663,57393179.65,1.26,18,Retail Store,Australia,Yes,0
1615,Oppo,3289,0,1.1,0,14,1,256,0.3,109,8,33,1363,632,8192,7,7,19,1,0,Exynos,4715,IPS LCD,60,1,WiFi 6,5.0,Yes,Yes,Yes,Android,13.8,18,90.2,69.7,52.0,1510.17,Flagship,1379.5,19.17,Gamer,4.67,2145,94.9,87.4,74.4,5,181792.11,5.89,51916,74481886.43,0.5,36,E-commerce Marketplace,UK,Yes,0
1616,OnePlus,5110,1,1.4,1,32,1,16,0.9,97,4,68,1678,1071,6144,13,0,8,1,1,MediaTek Dimensity,3373,LCD,144,0,WiFi 6E,5.4,Yes,No,Yes,Android,15.6,120,99.0,57.5,93.9,1301.33,Flagship,1086.64,13.82,Student,4.27,1047,85.5,75.1,60.3,10,5952.45,1.2,22557,26418690.73,4.96,24,Retail Store,Germany,No,1
1617,Samsung,5204,1,2.8,1,20,1,128,0.5,98,4,79,1540,602,12288,7,1,10,0,0,Apple Bionic,6294,OLED,60,1,WiFi 6,5.2,Yes,Yes,No,Android,12.6,80,92.2,80.1,74.1,1760.61,Flagship,1966.76,18.27,Gamer,4.56,72,99.9,90.2,52.4,10,102470.47,6.93,37117,58813705.23,5.19,24,E-commerce Marketplace,USA,Yes,2
1618,Motorola,5295,0,2.0,0,18,0,32,0.6,168,6,78,683,1080,6144,17,9,20,1,1,Google Tensor,4326,OLED,60,1,WiFi 6,5.1,Yes,Yes,No,Android,18.5,45,82.6,64.0,80.2,1286.45,Flagship,1258.31,6.17,Professional,5.0,951,89.9,100.0,79.5,25,52045.01,6.24,43618,42084282.08,2.73,36,Telecom Partner,India,Yes,1
1619,OnePlus,6712,0,1.6,1,11,1,64,0.6,147,10,103,691,2016,6144,16,4,9,0,1,Snapdragon,4277,LCD,90,1,WiFi 6E,5.3,No,Yes,Yes,Android,12.7,120,94.5,100.0,100.0,1597.72,Flagship,1846.62,6.93,Professional,4.28,1514,97.6,73.0,74.3,15,56630.35,6.44,40499,55000152.94,7.1,36,Telecom Partner,Australia,Yes,1
1620,Google,4138,1,3.0,0,3,1,256,0.9,201,6,39,1253,1461,8192,6,9,5,1,1,Snapdragon,5110,OLED,60,1,WiFi 6E,5.4,Yes,Yes,Yes,Android,12.8,18,73.9,42.5,79.9,1428.11,Flagship,1444.76,6.33,Student,5.0,3444,90.1,100.0,72.0,5,95196.58,7.14,40834,55399671.55,7.74,24,Telecom Partner,Singapore,Yes,0
1621,Apple,6771,1,0.8,1,20,0,128,0.3,126,10,62,1030,743,8192,17,4,14,1,0,Exynos,4937,Super AMOLED,144,1,WiFi 5,5.1,Yes,Yes,Yes,iOS,18.7,45,91.5,33.5,83.1,2060.53,Flagship,2160.6,10.47,Professional,4.56,1893,88.4,98.8,58.0,10,44392.34,7.99,33818,62714703.19,7.71,12,E-commerce Marketplace,USA,No,2
1622,Motorola,5770,0,0.9,0,24,1,32,0.2,166,6,80,839,688,4096,9,0,16,0,1,MediaTek Dimensity,3471,AMOLED,144,0,WiFi 5,5.2,Yes,Yes,Yes,Android,17.4,25,82.4,41.5,85.6,1182.24,Premium,1243.61,2.62,Gamer,3.59,6660,77.6,76.5,70.2,0,23287.13,2.57,30243,35754484.32,5.87,24,E-commerce Marketplace,USA,No,1
1623,Oppo,5693,0,2.8,0,24,0,256,0.4,109,6,75,123,1626,4096,10,1,2,1,0,Exynos,4050,IPS LCD,120,1,WiFi 5,5.0,No,Yes,Yes,Android,15.5,80,87.0,76.0,58.6,1393.47,Flagship,1297.25,5.89,Business User,4.75,963,100.0,79.3,75.8,0,90445.05,5.92,35462,49415233.14,0.5,36,Telecom Partner,Singapore,Yes,1
1624,Realme,5927,0,2.2,1,16,1,128,0.9,135,4,16,106,1702,6144,16,11,15,0,0,Apple Bionic,4067,LCD,144,1,WiFi 6,5.0,Yes,No,Yes,Android,13.7,25,77.4,61.0,61.6,1585.68,Flagship,1559.91,8.64,Student,4.97,1128,99.3,92.2,82.6,10,223205.06,4.7,42700,60937682.4,7.47,18,Telecom Partner,Singapore,Yes,1
1625,Realme,3219,0,1.9,1,30,1,128,0.8,220,6,57,264,843,4096,11,10,15,1,0,MediaTek Dimensity,3122,AMOLED,60,1,WiFi 6E,5.3,Yes,Yes,Yes,Android,18.9,120,79.7,81.0,76.4,1233.84,Flagship,1282.48,4.99,Gamer,4.5,3752,84.9,74.7,69.1,0,92464.03,6.24,36785,45386804.4,7.35,36,Telecom Partner,USA,Yes,0
1626,Motorola,6030,1,2.7,1,26,1,64,0.3,97,6,86,1105,697,6144,8,1,10,0,1,MediaTek Dimensity,4625,OLED,60,1,WiFi 6,5.2,No,Yes,No,Android,18.8,18,87.8,76.7,86.8,1337.09,Flagship,1545.21,7.36,Business User,4.97,5199,90.9,80.3,68.7,20,42379.26,3.39,40166,42964445.55,0.92,12,Retail Store,Australia,Yes,1
1627,Motorola,4368,0,1.1,0,26,1,32,0.8,201,4,47,880,1482,3072,5,1,8,1,1,Google Tensor,2183,IPS LCD,144,1,WiFi 6E,5.2,Yes,Yes,Yes,Android,17.8,65,95.5,51.7,62.9,904.79,Premium,1031.0,6.68,General User,5.0,2316,96.8,100.0,75.1,10,104640.36,3.45,56972,46392926.29,5.18,36,Retail Store,Australia,Yes,0
1628,Motorola,6435,0,1.9,0,19,1,128,0.4,117,6,20,2087,1675,4096,10,8,4,1,0,Snapdragon,3891,IPS LCD,144,1,WiFi 6,5.1,Yes,Yes,Yes,Android,13.0,33,88.6,60.5,60.2,1342.3,Flagship,1573.83,1.08,Business User,4.99,471,100.0,85.4,66.3,20,16139.97,5.25,22849,24536170.16,7.09,12,Retail Store,Singapore,No,1
1629,Motorola,6045,1,2.6,1,2,1,64,0.7,114,10,84,1506,2069,4096,18,10,2,1,1,Google Tensor,4478,Super AMOLED,120,1,WiFi 5,5.3,No,Yes,Yes,Android,16.2,45,84.7,94.4,87.6,1310.62,Flagship,1258.17,9.86,General User,4.23,449,84.4,84.9,77.5,0,95843.98,0.42,38946,51043406.52,1.31,18,Telecom Partner,India,Yes,1
1630,OnePlus,6029,0,3.3,0,27,1,256,0.5,131,4,40,1380,1893,8192,12,3,14,0,0,MediaTek Dimensity,5687,IPS LCD,120,1,WiFi 6,5.1,Yes,Yes,No,Android,16.6,65,94.8,68.9,59.6,1693.57,Flagship,1995.56,11.54,Student,3.82,487,85.2,65.1,67.5,5,187691.0,10.9,49396,79472804.53,3.34,24,Retail Store,Germany,Yes,1
1631,Oppo,5351,0,3.5,1,14,1,128,0.3,107,10,54,2005,1022,16384,14,3,14,1,0,Snapdragon,9561,OLED,144,1,WiFi 6,5.0,Yes,Yes,Yes,Android,12.1,33,81.3,85.6,75.1,2110.32,Flagship,2321.29,7.14,Gamer,4.75,724,100.0,100.0,70.5,20,166738.8,8.21,27488,46406780.93,0.83,36,Retail Store,USA,No,2
1632,OnePlus,2530,1,1.5,1,10,1,64,0.4,206,4,49,2071,1714,8192,11,11,3,1,0,MediaTek Dimensity,3994,LCD,90,1,WiFi 6,5.1,Yes,No,Yes,Android,13.7,33,77.9,51.5,73.3,1313.3,Flagship,1433.01,3.25,Student,4.04,826,91.4,100.0,81.9,0,257273.19,7.68,57586,75627693.8,9.51,36,E-commerce Marketplace,Germany,Yes,0
1633,Realme,2624,1,2.3,0,13,1,128,0.4,240,6,36,618,917,4096,18,5,9,0,0,MediaTek Dimensity,4019,Super AMOLED,144,1,WiFi 6E,5.2,No,Yes,Yes,Android,13.8,45,98.4,58.7,97.3,1511.97,Flagship,1512.38,7.6,General User,4.1,649,90.0,92.5,56.8,5,135745.43,3.68,40690,58445956.34,7.19,12,Retail Store,USA,Yes,0
1634,Xiaomi,3463,1,3.3,0,5,1,128,0.9,93,8,70,1510,1482,4096,13,11,18,0,1,Snapdragon,4241,LCD,120,1,WiFi 5,5.3,No,Yes,Yes,Android,14.8,80,89.7,70.9,90.8,1512.63,Flagship,1472.78,0.49,Student,5.0,236,95.0,79.0,75.9,0,30124.81,8.07,45225,68408691.75,7.31,12,Telecom Partner,UK,Yes,0
1635,Samsung,3125,0,3.2,1,32,0,128,0.6,225,8,106,1552,852,6144,18,5,4,0,0,Apple Bionic,5733,LCD,144,1,WiFi 5,5.4,No,Yes,Yes,Android,14.1,33,83.5,85.2,82.8,1532.76,Flagship,1654.5,9.76,Gamer,5.0,895,95.9,100.0,81.1,20,24992.03,5.13,30251,37094018.21,3.99,36,Online Store,Singapore,No,0
1636,Google,6281,1,0.9,0,14,1,512,0.4,143,10,47,541,845,8192,8,4,20,0,1,Snapdragon,4749,LCD,144,1,WiFi 6E,5.2,Yes,No,Yes,Android,12.0,25,73.3,69.4,87.0,2083.55,Flagship,2107.76,5.94,Student,4.68,3037,94.5,57.0,30.6,15,67484.88,3.44,2588,4583393.29,0.5,24,E-commerce Marketplace,Germany,No,2
1637,Xiaomi,3115,1,0.9,1,5,1,128,0.5,216,4,55,922,681,6144,15,11,4,0,1,Exynos,3900,IPS LCD,90,1,WiFi 5,5.1,Yes,Yes,Yes,Android,15.2,45,90.1,78.7,65.2,1399.94,Flagship,1336.56,4.85,Student,4.66,4668,99.6,100.0,74.6,15,22989.44,4.7,32288,38421073.31,2.16,18,Retail Store,UK,No,0
1638,Apple,4586,1,1.2,0,21,1,128,0.7,93,8,76,1780,1213,16384,14,4,15,1,1,Apple Bionic,7565,LCD,144,1,WiFi 7,5.1,Yes,Yes,Yes,iOS,19.7,45,88.0,87.0,80.3,2431.33,Flagship,2698.29,15.55,Gamer,4.61,3934,95.4,100.0,86.5,25,92003.54,1.14,30639,55870139.9,1.77,12,Telecom Partner,USA,No,2
1639,Xiaomi,3897,0,1.9,1,1,1,128,0.7,195,10,93,1848,518,4096,6,2,9,0,1,Exynos,4431,IPS LCD,60,1,WiFi 6,5.3,Yes,Yes,No,Android,13.6,80,87.3,100.0,83.3,1307.69,Flagship,1083.92,4.78,Professional,5.0,1221,100.0,100.0,61.2,15,94480.55,4.65,30601,34014128.44,0.5,18,Retail Store,UAE,No,0
1640,Oppo,5650,0,2.2,1,28,1,64,0.1,152,4,97,1654,1924,2048,19,8,13,0,0,MediaTek Dimensity,2063,OLED,60,1,WiFi 6,5.2,No,Yes,Yes,Android,16.1,120,89.4,88.3,92.1,1191.07,Premium,1041.07,0.12,Professional,4.77,4868,99.4,84.0,54.7,20,21295.07,6.96,22217,21169601.75,4.44,12,Retail Store,Singapore,No,1
1641,OnePlus,4498,0,2.5,1,26,1,256,0.3,235,4,71,1679,1560,6144,17,11,4,1,0,Google Tensor,4402,LCD,60,1,WiFi 6E,5.0,Yes,Yes,Yes,Android,18.2,18,100.0,51.1,60.6,1450.5,Flagship,1371.05,10.2,Business User,4.03,942,81.1,91.0,71.4,20,26501.3,7.46,37406,43405922.4,6.29,12,Retail Store,UAE,Yes,0
1642,OnePlus,4426,1,2.1,0,30,1,16,0.9,220,4,99,1346,2230,6144,19,4,13,0,0,MediaTek Dimensity,4264,LCD,144,0,WiFi 6E,5.4,No,Yes,Yes,Android,18.4,18,90.2,73.4,78.7,1280.52,Flagship,1343.36,2.37,Student,5.0,1730,92.5,69.1,70.8,20,273836.58,7.32,43715,44782345.44,9.1,36,Telecom Partner,USA,Yes,0
1643,Apple,3221,1,3.3,0,6,1,128,0.8,238,8,27,1019,1127,12288,15,4,15,1,1,Snapdragon,7968,IPS LCD,144,1,WiFi 6,5.2,No,Yes,Yes,iOS,17.4,120,87.9,77.8,48.5,2500.0,Flagship,2608.03,15.92,Professional,5.0,240,100.0,100.0,66.9,20,100381.41,5.59,31061,62122000.0,5.75,24,Telecom Partner,USA,No,2
1644,Apple,5339,0,1.2,1,18,1,256,0.4,136,4,38,1548,1511,4096,8,9,10,0,0,Google Tensor,2607,AMOLED,60,1,WiFi 6E,5.1,Yes,Yes,Yes,iOS,18.8,18,84.7,64.2,86.1,1850.17,Flagship,1879.35,11.87,General User,4.9,608,99.6,95.5,100.0,0,67100.67,4.07,40364,74680261.88,4.92,18,Telecom Partner,Germany,Yes,1
1645,Realme,4993,1,1.4,0,6,1,64,0.3,179,10,81,891,2121,4096,18,7,18,0,1,Exynos,3785,LCD,60,1,WiFi 6E,5.0,Yes,No,Yes,Android,17.4,45,82.5,89.2,79.6,1217.2,Flagship,1102.32,3.19,General User,4.51,1689,91.4,89.0,66.0,5,10725.72,9.17,37547,43417097.98,1.91,24,Telecom Partner,Australia,Yes,1
1646,Samsung,6497,0,1.8,1,2,1,128,0.5,154,10,90,1328,943,6144,7,6,11,1,0,Apple Bionic,4902,IPS LCD,120,1,WiFi 6,5.3,No,Yes,Yes,Android,14.0,120,88.8,100.0,69.0,1613.99,Flagship,1375.5,16.78,Gamer,4.25,304,77.9,77.0,58.7,5,137381.03,0.1,37035,56785413.67,7.14,24,Telecom Partner,Germany,Yes,1
1647,Vivo,2661,1,3.0,0,8,1,64,0.8,228,8,92,1056,2349,6144,18,7,19,1,1,Apple Bionic,5456,IPS LCD,120,1,WiFi 6,5.2,Yes,Yes,Yes,Android,13.9,33,86.4,74.0,83.6,1531.93,Flagship,1418.33,5.62,General User,4.78,181,95.9,92.6,77.2,15,165828.59,5.7,42653,55540198.75,5.2,18,Telecom Partner,UK,Yes,0
1648,Oppo,3709,0,2.1,1,4,0,64,0.8,120,6,30,1466,1475,8192,9,2,5,0,0,Exynos,4594,IPS LCD,90,1,WiFi 6,5.0,Yes,Yes,Yes,Android,14.1,120,91.7,59.2,60.2,1498.02,Flagship,1680.69,13.29,Student,4.08,2270,80.4,100.0,69.5,0,60876.98,10.36,45586,68288739.72,4.96,36,Online Store,USA,Yes,0
1649,Realme,5802,0,2.8,0,10,1,256,0.3,98,4,84,1568,600,6144,14,5,18,1,1,Exynos,4297,LCD,120,1,WiFi 5,5.1,Yes,Yes,Yes,Android,15.1,45,81.4,58.7,77.8,1584.68,Flagship,1655.33,6.85,Business User,4.6,858,95.5,100.0,93.7,10,84279.61,4.3,40890,58317808.68,4.59,12,Retail Store,USA,Yes,1
1650,Oppo,4973,1,1.6,1,31,1,128,0.7,137,10,105,1477,1602,3072,17,11,15,0,1,Google Tensor,2765,AMOLED,144,1,WiFi 6E,5.1,Yes,Yes,No,Android,14.8,18,100.0,90.5,92.9,1471.78,Flagship,1472.98,10.96,Business User,5.0,1047,100.0,95.7,80.5,20,58379.3,4.3,40278,47424283.87,8.41,12,Retail Store,Singapore,Yes,1
1651,Motorola,3156,1,0.9,0,2,1,128,0.8,201,6,74,1673,823,6144,7,10,2,0,1,Exynos,3927,IPS LCD,144,1,WiFi 6,5.1,Yes,Yes,Yes,Android,17.1,45,76.9,62.0,80.5,1344.13,Flagship,1313.55,6.23,Professional,4.58,3721,85.9,83.8,57.6,5,30544.45,9.16,47878,61136543.33,4.6,12,Online Store,UK,Yes,0
1652,OnePlus,4865,0,1.7,0,24,1,256,0.6,106,8,76,1838,2102,12288,10,4,3,1,1,Google Tensor,5913,LCD,60,1,WiFi 6,5.0,Yes,No,Yes,Android,13.0,18,92.8,74.9,100.0,2016.76,Flagship,2050.37,5.14,Business User,5.0,1108,99.9,97.5,71.7,5,30465.23,7.62,56071,107427662.5,5.02,18,E-commerce Marketplace,Singapore,Yes,2
1653,Apple,5339,0,3.5,1,0,1,32,0.9,92,10,29,215,807,6144,16,1,8,0,1,Snapdragon,5913,AMOLED,144,1,WiFi 5,5.3,No,Yes,Yes,iOS,19.7,25,79.7,33.2,100.0,1852.58,Flagship,1822.33,18.43,Gamer,3.94,4708,78.8,71.7,55.4,10,47212.38,2.06,32461,54122939.44,0.58,36,E-commerce Marketplace,UAE,No,1
1654,Xiaomi,2880,1,3.1,0,9,1,128,0.5,116,8,53,1284,2125,6144,19,4,7,0,1,MediaTek Dimensity,5487,IPS LCD,120,1,WiFi 6,5.2,Yes,Yes,Yes,Android,17.4,80,92.4,89.3,70.3,1342.25,Flagship,1141.1,5.09,General User,4.6,3247,94.8,68.1,100.0,10,39214.15,4.82,35366,42723012.15,0.5,12,Telecom Partner,USA,Yes,0
1655,Realme,3891,0,1.8,0,7,1,128,0.8,162,4,25,2140,2253,16384,13,6,19,1,1,Apple Bionic,8203,LCD,144,0,WiFi 6,5.2,Yes,Yes,Yes,Android,16.6,33,87.2,20.0,62.4,1757.12,Flagship,1725.59,6.05,Gamer,4.19,1389,96.9,100.0,73.0,25,297004.0,7.3,57969,76393866.96,5.97,18,E-commerce Marketplace,USA,Yes,2
1656,Motorola,3865,0,3.4,1,1,1,32,0.4,173,6,28,1767,1250,8192,11,2,17,1,0,MediaTek Dimensity,6010,OLED,120,1,WiFi 6E,5.0,No,Yes,Yes,Android,13.7,33,84.9,48.7,77.5,1336.27,Flagship,1123.19,7.61,Gamer,4.2,841,87.3,78.7,47.6,15,39579.15,4.85,26364,29945008.94,3.51,24,Online Store,UK,No,0
1657,Samsung,5190,0,3.0,0,23,1,32,0.6,183,8,18,1060,1295,3072,19,11,17,0,1,Snapdragon,4260,Super AMOLED,90,1,WiFi 6,5.3,Yes,Yes,Yes,Android,13.8,120,81.7,55.1,94.5,1341.34,Flagship,1236.47,19.3,Gamer,4.6,752,99.7,82.4,74.7,20,50763.01,2.43,37771,40531002.51,5.4,18,Telecom Partner,Germany,Yes,1
1658,Google,2521,0,1.8,0,19,1,256,0.5,143,10,65,1893,1038,4096,14,8,17,0,1,Google Tensor,3293,IPS LCD,90,1,WiFi 6,5.3,Yes,Yes,Yes,Android,16.6,33,79.5,64.7,72.8,1478.13,Flagship,1242.2,2.22,Business User,4.24,6805,89.0,80.6,37.2,25,45597.18,3.7,17797,19729709.71,1.91,18,Online Store,India,No,0
1659,Realme,4242,0,1.0,0,27,1,256,0.3,136,8,15,786,1739,4096,15,8,20,1,0,MediaTek Dimensity,2675,LCD,120,1,WiFi 5,5.2,Yes,No,Yes,Android,17.8,120,98.9,58.3,61.3,1509.36,Flagship,1441.56,8.25,Gamer,4.17,13027,82.2,100.0,95.0,0,60212.91,7.08,47862,72240988.32,6.12,12,E-commerce Marketplace,UK,Yes,0
1660,Google,3272,0,2.0,0,19,1,128,1.0,81,4,81,1202,1565,4096,15,6,13,1,1,MediaTek Dimensity,3313,OLED,90,1,WiFi 5,5.1,Yes,No,Yes,Android,13.8,120,86.4,47.0,67.7,1127.77,Premium,1107.86,8.05,Gamer,4.62,640,97.9,100.0,64.0,10,12918.41,9.68,48374,49099271.38,4.62,12,Telecom Partner,USA,Yes,0
1661,Apple,3087,0,3.0,1,10,0,32,0.2,160,6,19,355,1575,6144,8,7,16,1,0,Apple Bionic,4988,OLED,60,1,WiFi 6,5.0,No,Yes,Yes,iOS,17.0,120,80.4,47.2,71.2,1631.15,Flagship,1657.29,18.99,Gamer,4.4,4993,91.8,90.8,85.1,0,31191.83,5.06,42147,68748079.05,6.57,12,Online Store,Singapore,Yes,0
1662,OnePlus,2573,1,1.4,0,14,1,64,0.5,229,4,108,2159,1827,12288,10,8,13,1,0,Exynos,5710,AMOLED,120,1,WiFi 6,5.2,No,Yes,Yes,Android,13.2,25,96.5,100.0,79.2,1724.02,Flagship,1637.55,9.86,Student,5.0,5647,100.0,100.0,85.1,15,217375.18,6.52,50780,74413875.26,4.31,24,E-commerce Marketplace,Germany,Yes,2
1663,Motorola,3870,0,2.3,1,2,1,256,0.6,201,6,104,1779,1975,4096,11,3,5,1,1,MediaTek Dimensity,4281,OLED,60,1,WiFi 6,5.2,Yes,Yes,Yes,Android,13.0,120,93.8,88.1,100.0,1661.15,Flagship,1415.97,7.75,Business User,4.78,985,99.6,78.9,52.3,0,34738.05,7.87,37856,62884494.4,5.04,36,Telecom Partner,India,Yes,0
1664,Oppo,4577,0,1.0,0,24,1,256,0.9,207,4,87,1183,1731,6144,13,2,17,0,0,Snapdragon,3313,IPS LCD,120,1,WiFi 5,5.2,No,Yes,Yes,Android,15.8,25,99.5,93.2,81.5,1497.42,Flagship,1697.63,0.35,Business User,4.46,3713,95.0,89.9,55.3,0,50680.67,0.88,8350,12503457.0,7.05,36,Online Store,Germany,No,0
1665,Motorola,2634,1,1.7,0,12,1,256,0.7,126,10,20,956,1432,4096,15,4,7,0,0,Exynos,4238,LCD,120,1,WiFi 6E,5.3,Yes,Yes,Yes,Android,19.0,18,82.1,46.9,81.9,1097.62,Premium,1145.31,2.75,General User,5.0,249,100.0,79.7,64.2,0,26220.03,10.63,37242,40877564.04,0.88,36,Telecom Partner,UK,Yes,0
1666,Realme,4609,1,1.7,1,18,1,128,0.8,124,8,66,203,771,6144,13,2,14,1,1,Exynos,4343,LCD,90,1,WiFi 6,5.4,Yes,No,Yes,Android,12.6,25,88.2,59.4,66.3,1455.98,Flagship,1635.51,9.74,Student,4.53,5578,86.2,100.0,63.2,5,84140.11,7.3,22977,31781349.84,4.0,24,Online Store,Germany,No,0
1667,Motorola,4739,1,2.5,1,10,1,16,0.1,192,8,52,413,2306,8192,12,0,15,1,0,MediaTek Dimensity,5860,Super AMOLED,90,0,WiFi 5,5.1,Yes,Yes,Yes,Android,14.8,65,81.7,70.0,86.7,1462.1,Flagship,1472.89,7.05,Professional,4.75,5973,85.3,86.3,64.4,5,42601.14,9.28,43171,59964303.14,4.97,18,Online Store,Singapore,Yes,0
1668,Vivo,4402,1,0.8,1,19,1,64,0.5,132,8,20,121,595,8192,10,0,20,1,0,Apple Bionic,3999,Super AMOLED,90,1,WiFi 7,5.3,No,Yes,Yes,Android,12.5,45,83.1,25.0,76.9,1385.53,Flagship,1336.82,12.52,Professional,4.56,1225,91.8,100.0,97.4,15,19009.88,4.65,35662,41999155.23,1.75,12,Telecom Partner,Australia,Yes,0
1669,Samsung,6430,1,1.0,1,7,1,256,0.2,134,6,62,828,1931,3072,13,4,15,1,0,Exynos,2879,LCD,144,1,WiFi 7,5.3,No,No,Yes,Android,16.7,45,91.0,65.8,75.3,1382.29,Flagship,1241.72,18.73,Gamer,4.28,731,91.5,100.0,69.1,15,46739.9,7.52,29819,35035729.68,6.46,18,Retail Store,Singapore,No,1
1670,OnePlus,4582,1,3.5,0,32,0,16,1.0,142,4,99,668,1001,2048,8,0,10,1,1,MediaTek Dimensity,2982,Super AMOLED,144,1,WiFi 6E,5.0,Yes,Yes,No,Android,18.4,33,100.0,39.7,96.1,1028.16,Premium,1055.78,2.61,Professional,4.56,6393,98.7,89.6,76.1,10,216184.68,11.2,34356,31791118.46,4.1,24,Online Store,USA,No,0
1671,Google,4010,0,2.7,0,23,1,128,0.6,231,4,104,321,1061,4096,10,10,14,1,0,MediaTek Dimensity,3527,LCD,120,1,WiFi 7,5.2,Yes,Yes,Yes,Android,13.8,45,85.7,82.7,72.5,1345.44,Flagship,1378.87,9.93,Student,4.97,877,93.4,91.0,79.8,10,29281.01,7.08,33897,41045741.71,4.4,24,E-commerce Marketplace,UAE,No,0
1672,OnePlus,3807,1,1.9,0,22,1,128,0.2,119,4,108,576,1581,8192,7,8,18,1,1,Apple Bionic,4691,Super AMOLED,60,1,WiFi 6,5.4,No,Yes,Yes,Android,12.6,65,84.2,86.5,74.1,1503.07,Flagship,1594.76,8.76,Gamer,5.0,3081,91.2,80.6,77.5,15,69984.92,3.41,35302,45102170.57,10.26,24,E-commerce Marketplace,UK,Yes,0
1673,Xiaomi,5881,1,2.2,1,12,1,128,0.3,139,6,10,2156,1247,6144,8,3,13,0,0,Google Tensor,4688,Super AMOLED,120,1,WiFi 6E,5.2,Yes,Yes,Yes,Android,15.1,120,95.0,25.0,66.0,1248.29,Flagship,1033.23,6.65,General User,4.48,1985,96.7,50.3,57.5,5,61734.16,6.01,42108,49934845.55,3.59,24,Telecom Partner,India,Yes,1
1674,Apple,6875,1,1.1,1,22,1,128,0.5,132,10,65,1196,704,8192,19,4,11,0,0,Apple Bionic,5420,Super AMOLED,60,0,WiFi 5,5.1,Yes,Yes,No,iOS,16.7,18,94.1,47.7,82.7,1667.08,Flagship,1373.74,13.33,Professional,4.16,9635,91.9,78.3,87.6,10,17076.04,6.17,39488,59246689.54,3.99,18,E-commerce Marketplace,Singapore,Yes,1
1675,OnePlus,6018,1,1.5,0,6,1,16,0.9,148,8,41,396,2007,6144,18,6,20,0,0,Snapdragon,4367,OLED,120,1,WiFi 5,5.3,No,Yes,Yes,Android,18.0,45,100.0,72.0,79.3,1350.28,Flagship,1551.97,4.09,General User,4.29,3774,95.2,59.2,75.8,0,47184.97,5.84,34571,46680529.88,4.84,36,Online Store,Germany,No,1
1676,Samsung,5131,0,1.0,0,23,1,256,0.2,180,4,27,1728,2374,8192,17,2,9,1,0,Apple Bionic,4409,LCD,120,1,WiFi 6E,5.3,Yes,Yes,No,Android,12.5,18,83.7,46.5,71.0,1628.9,Flagship,1900.37,13.88,Student,4.25,2658,80.0,77.9,57.6,15,32792.21,4.43,28927,40051311.76,5.53,12,E-commerce Marketplace,UK,No,1
1677,Realme,3380,0,1.3,1,32,1,128,0.8,239,8,50,729,1042,2048,5,4,16,0,1,Apple Bionic,2387,Super AMOLED,120,0,WiFi 5,5.2,Yes,Yes,Yes,Android,12.9,33,81.2,65.3,92.2,1259.97,Flagship,1200.17,5.21,Professional,3.6,793,80.5,77.1,51.3,10,30320.2,9.47,35152,39861418.9,4.72,12,Telecom Partner,India,Yes,0
1678,Xiaomi,4509,0,2.6,0,20,1,256,0.7,115,6,32,1807,1137,3072,19,10,17,1,0,Snapdragon,3546,AMOLED,90,1,WiFi 6,5.2,Yes,Yes,Yes,Android,13.3,65,89.7,71.0,90.3,1468.15,Flagship,1627.07,4.37,Professional,4.43,894,93.6,92.5,80.3,5,88496.05,5.38,26056,36341410.58,1.17,12,E-commerce Marketplace,UAE,No,0
1679,Motorola,4459,1,1.2,1,8,1,128,0.5,234,10,79,1090,1009,4096,16,8,4,1,0,Snapdragon,4614,Super AMOLED,144,1,WiFi 6E,5.4,Yes,No,No,Android,17.4,25,82.0,62.4,84.2,1250.99,Flagship,1201.92,3.76,General User,3.67,8316,77.7,85.1,69.8,0,39853.56,5.09,32487,40640912.13,2.69,18,E-commerce Marketplace,Singapore,No,0
1680,Samsung,6889,0,2.7,1,24,1,256,0.5,164,4,47,858,1458,6144,7,2,4,1,0,Snapdragon,3833,OLED,60,0,WiFi 6,5.2,No,Yes,Yes,Android,12.3,45,96.3,61.6,79.3,1421.41,Flagship,1273.07,19.47,Professional,4.61,1377,90.7,84.8,56.4,20,146871.68,2.62,21927,24933805.66,5.43,36,Online Store,UK,No,1
1681,Vivo,4772,0,0.9,1,21,1,512,0.6,139,4,98,2017,1747,4096,11,6,19,0,0,MediaTek Dimensity,2593,LCD,144,0,WiFi 5,5.4,No,Yes,Yes,Android,17.9,33,98.6,100.0,73.2,1774.0,Flagship,1742.93,9.04,Gamer,4.85,244,100.0,80.1,76.1,25,18608.93,3.18,35720,47525460.0,1.06,12,Retail Store,UAE,Yes,1
1682,Vivo,3826,0,2.9,0,29,1,64,0.6,121,10,67,1983,1180,8192,8,4,20,0,1,Snapdragon,6025,AMOLED,144,1,WiFi 6,5.3,No,Yes,Yes,Android,14.8,18,95.3,87.9,94.0,1769.44,Flagship,1544.6,5.13,General User,3.85,3966,72.5,73.4,80.6,15,46675.07,7.71,41057,61750713.37,6.18,18,E-commerce Marketplace,Australia,Yes,0
1683,Oppo,5572,0,1.0,0,3,0,64,0.5,195,10,107,1155,2015,8192,17,11,2,0,1,MediaTek Dimensity,5112,AMOLED,90,1,WiFi 6E,5.3,No,Yes,Yes,Android,18.0,18,86.6,98.1,66.5,1598.77,Flagship,1457.18,8.52,Business User,5.0,1903,100.0,83.8,54.3,5,138876.04,10.68,45940,69775119.11,6.1,24,Telecom Partner,Singapore,Yes,1
1684,Google,2631,1,3.3,1,16,1,128,0.6,97,8,89,158,1893,4096,9,10,2,0,0,Google Tensor,5061,IPS LCD,90,1,WiFi 6,5.4,Yes,Yes,Yes,Android,12.0,33,76.9,77.0,80.5,1254.75,Flagship,1310.9,13.3,Business User,4.98,2075,100.0,86.1,77.0,10,272385.43,8.82,59428,67110554.7,4.93,24,E-commerce Marketplace,UK,Yes,0
1685,Apple,6535,0,3.4,0,4,1,128,0.3,229,8,24,1398,942,2048,10,4,10,0,0,Google Tensor,4026,IPS LCD,60,1,WiFi 5,5.3,No,Yes,Yes,iOS,19.2,25,86.8,56.5,65.3,1287.86,Flagship,1377.38,14.46,Student,3.79,917,86.3,100.0,100.0,0,59193.81,4.68,42080,54193148.8,6.03,18,Retail Store,Germany,Yes,1
1686,Xiaomi,2512,1,3.2,1,25,1,256,0.9,151,10,102,1655,2041,8192,16,3,9,1,1,Exynos,6378,LCD,120,1,WiFi 6E,5.3,Yes,Yes,Yes,Android,12.6,18,90.6,100.0,87.2,1838.34,Flagship,1638.37,9.85,Student,4.77,9794,79.9,99.8,95.7,10,90104.55,4.03,40154,66435033.92,0.5,18,E-commerce Marketplace,UK,Yes,0
1687,Samsung,5637,0,2.9,1,10,1,256,0.7,95,8,77,330,2160,4096,8,2,18,0,1,MediaTek Dimensity,4196,LCD,120,1,WiFi 7,5.3,Yes,Yes,No,Android,14.9,18,89.7,100.0,83.8,1615.79,Flagship,1827.39,12.91,Business User,4.21,870,86.8,50.2,54.3,20,50680.67,0.1,13729,17746544.73,4.32,24,E-commerce Marketplace,USA,No,1
1688,Samsung,5527,1,2.4,0,24,1,16,0.2,151,8,67,1077,612,8192,18,8,9,1,0,Apple Bionic,6055,IPS LCD,144,1,WiFi 5,5.0,Yes,Yes,Yes,Android,14.7,45,80.3,52.4,72.7,1557.01,Flagship,1639.04,8.21,Student,4.85,3238,100.0,92.9,70.4,10,61463.8,9.13,50471,70725466.54,0.73,24,Retail Store,Singapore,Yes,1
1689,Oppo,3620,0,2.6,1,3,1,32,0.9,123,6,25,1353,2306,6144,13,5,13,0,1,Snapdragon,4501,OLED,60,1,WiFi 6,5.4,Yes,Yes,Yes,Android,15.3,65,90.2,35.6,77.2,1157.97,Premium,998.37,0.92,Professional,4.54,96,96.4,100.0,68.5,20,48460.47,9.37,34694,32139688.94,3.18,18,Telecom Partner,Singapore,No,0
1690,Oppo,6414,0,1.0,0,17,1,128,0.2,100,6,48,842,826,4096,8,1,20,1,0,Snapdragon,2396,OLED,144,0,WiFi 5,5.3,Yes,Yes,No,Android,14.2,18,88.2,66.5,70.3,1041.67,Premium,1024.29,1.14,General User,5.0,461,100.0,82.7,73.1,10,5000.0,5.78,37253,34924799.26,2.4,24,E-commerce Marketplace,Germany,Yes,1
1691,Samsung,6381,1,3.2,0,13,1,128,0.5,155,6,51,525,674,3072,15,1,17,0,0,Google Tensor,3556,LCD,60,1,WiFi 6,5.3,No,Yes,Yes,Android,16.5,45,77.1,41.9,83.9,1160.17,Premium,1323.4,19.34,Business User,3.75,823,71.1,93.2,61.9,20,240884.38,12.02,58221,54037006.06,5.41,24,Telecom Partner,India,Yes,1
1692,Google,4277,0,1.3,0,5,1,32,0.7,100,10,48,187,2311,6144,18,7,20,1,1,Exynos,4753,IPS LCD,120,1,WiFi 5,5.4,Yes,Yes,Yes,Android,18.7,18,95.5,79.8,86.2,1405.67,Flagship,1298.47,13.05,General User,4.79,316,95.7,100.0,87.2,15,70481.39,6.73,48211,57603442.91,4.69,12,E-commerce Marketplace,UAE,Yes,0
1693,Realme,2823,0,2.1,1,12,1,256,0.2,162,8,33,539,563,4096,19,8,16,1,0,Exynos,4477,Super AMOLED,60,1,WiFi 7,5.3,Yes,Yes,Yes,Android,12.9,120,81.6,62.8,79.7,1723.01,Flagship,1554.87,2.79,General User,4.81,2331,97.0,100.0,83.6,0,101253.42,9.0,51809,89267425.09,8.69,18,Telecom Partner,Australia,Yes,0
1694,Google,4286,0,1.7,1,27,1,128,0.4,203,6,49,2014,1464,6144,9,8,14,0,1,MediaTek Dimensity,3901,IPS LCD,60,1,WiFi 6E,5.1,Yes,Yes,Yes,Android,17.6,80,82.4,62.9,93.4,1288.12,Flagship,1197.13,2.24,Professional,4.3,606,100.0,57.4,61.0,15,60475.3,7.59,34914,38227408.43,2.57,18,Telecom Partner,UAE,No,0
1695,Apple,5710,1,1.4,1,8,1,512,0.3,149,10,23,1319,814,6144,10,7,13,1,0,Exynos,4540,LCD,144,0,WiFi 6E,5.0,Yes,No,Yes,iOS,17.1,33,92.4,40.7,64.6,2223.77,Flagship,1950.11,24.46,Business User,4.55,1841,91.4,88.2,75.0,5,82281.78,7.34,39812,84106094.68,6.12,12,Telecom Partner,Australia,Yes,2
1696,Motorola,5372,0,3.3,0,11,1,32,0.6,101,6,61,1828,1882,6144,11,9,16,0,0,Exynos,5377,IPS LCD,90,1,WiFi 6E,5.2,Yes,Yes,No,Android,13.7,80,88.9,26.4,70.8,1213.85,Flagship,1005.97,13.63,Student,4.28,1754,74.7,100.0,77.9,5,21384.58,5.27,41757,48152397.73,5.55,24,Online Store,India,Yes,1
1697,Oppo,4727,0,2.7,1,22,1,128,0.1,235,4,83,397,2273,4096,18,7,17,1,0,Apple Bionic,2824,AMOLED,120,1,WiFi 6E,5.0,Yes,Yes,Yes,Android,14.9,18,98.9,62.3,84.5,1319.6,Flagship,1315.37,7.09,Student,4.44,1197,82.0,100.0,73.4,10,70676.21,4.83,32220,38265760.8,9.17,24,Online Store,Germany,No,0
1698,Oppo,6184,0,3.2,0,14,1,128,0.3,168,8,84,2105,1771,3072,12,9,19,1,1,Exynos,3763,OLED,60,1,WiFi 5,5.0,Yes,Yes,Yes,Android,18.6,80,80.9,87.5,64.2,1309.63,Flagship,1101.73,10.42,Student,5.0,1885,90.6,97.1,88.1,5,41721.36,10.49,48402,60219275.7,1.27,36,Retail Store,Singapore,Yes,1
1699,Vivo,3455,0,3.3,1,25,1,64,0.9,207,4,36,1364,1393,12288,9,2,3,0,0,MediaTek Dimensity,6931,AMOLED,144,1,WiFi 6,5.2,Yes,Yes,Yes,Android,16.6,33,87.2,44.8,81.9,1408.44,Flagship,1526.69,2.25,Business User,4.25,659,88.3,100.0,63.4,10,30238.13,3.19,14856,18831406.18,8.68,36,Online Store,UAE,No,0
1700,Motorola,2616,0,3.4,0,9,0,128,0.9,119,8,91,509,1934,12288,18,4,4,1,0,Google Tensor,6795,IPS LCD,144,1,WiFi 6,5.0,No,No,No,Android,12.9,65,93.4,74.2,80.3,1995.05,Flagship,2108.56,3.38,Gamer,4.18,452,86.4,83.5,60.6,5,7148.22,11.15,26406,50047225.78,10.03,36,Telecom Partner,Germany,No,2
1701,Samsung,3569,1,2.7,1,5,1,16,0.9,132,4,59,730,1410,6144,5,10,9,1,0,Apple Bionic,4540,LCD,60,1,WiFi 6,5.0,No,Yes,No,Android,17.9,65,86.2,61.4,70.2,1169.13,Premium,1234.66,17.35,Student,4.05,416,80.4,78.6,48.8,15,324662.17,8.7,53678,53343076.12,10.18,18,Telecom Partner,Singapore,Yes,0
1702,Oppo,2528,0,1.1,0,18,1,64,0.3,106,6,77,1794,1115,3072,18,10,13,0,0,Exynos,2465,OLED,120,1,WiFi 6,5.3,Yes,Yes,Yes,Android,16.7,120,98.3,88.2,92.4,1330.34,Flagship,1253.67,10.6,Business User,5.0,1682,100.0,100.0,63.9,15,40450.98,10.74,35517,40162232.91,9.9,24,E-commerce Marketplace,UAE,Yes,0
1703,Realme,5048,1,0.9,1,29,1,128,0.2,145,6,31,908,2169,12288,6,6,6,0,0,Snapdragon,6466,OLED,90,1,WiFi 6,5.3,Yes,No,Yes,Android,16.6,33,95.7,46.5,91.9,1506.86,Flagship,1289.03,3.86,Gamer,4.22,1685,75.4,100.0,68.8,10,84529.58,7.27,30473,41326690.3,9.04,24,Retail Store,India,No,2
1704,Vivo,4521,1,1.9,1,18,1,128,0.7,230,10,34,2177,755,8192,16,9,20,0,1,MediaTek Dimensity,5783,AMOLED,90,1,WiFi 5,5.0,No,Yes,Yes,Android,13.8,33,94.7,39.7,96.1,1347.94,Flagship,1328.21,9.84,Student,5.0,1273,98.8,100.0,89.6,5,87158.39,4.61,36573,46833299.14,0.93,24,E-commerce Marketplace,India,Yes,0
1705,Apple,6416,1,2.9,1,13,1,256,0.2,150,10,73,1382,671,8192,18,8,10,1,1,Apple Bionic,6539,LCD,120,1,WiFi 6,5.1,Yes,Yes,Yes,iOS,16.3,33,81.3,71.9,83.7,2422.42,Flagship,2022.52,12.74,Professional,4.35,1623,84.8,100.0,90.5,15,31142.81,8.08,49542,102009801.9,2.49,18,Telecom Partner,India,Yes,2
1706,Xiaomi,5821,0,3.4,1,0,1,256,0.5,140,6,54,853,1838,6144,12,4,9,0,0,Snapdragon,5009,OLED,144,1,WiFi 6,5.2,No,No,Yes,Android,16.4,18,80.4,96.1,66.1,1758.18,Flagship,1804.48,9.12,General User,4.56,166,77.1,83.1,59.4,20,72000.01,5.77,25467,35820456.05,0.62,18,Retail Store,Australia,No,1
1707,Xiaomi,4043,1,2.0,0,5,1,256,0.2,130,8,25,1940,603,4096,9,8,8,0,0,Apple Bionic,3344,AMOLED,90,1,WiFi 5,5.0,Yes,Yes,Yes,Android,17.6,80,88.7,40.8,74.6,1345.49,Flagship,1328.45,0.1,Professional,4.2,1240,85.6,82.7,48.9,5,23765.85,5.5,32685,41778473.62,5.65,36,Online Store,India,No,0
1708,Oppo,6460,1,1.2,1,19,1,256,0.9,143,6,64,1219,1880,6144,7,7,15,0,1,Apple Bionic,4210,LCD,90,1,WiFi 7,5.2,No,Yes,Yes,Android,12.1,33,93.6,56.5,85.1,1367.84,Flagship,1372.27,8.25,Student,5.0,2436,99.1,100.0,93.1,5,117180.37,6.95,32113,41729173.62,6.92,36,Online Store,Germany,No,1
1709,Apple,2548,1,0.9,1,10,1,64,0.5,147,6,12,639,1242,6144,17,5,5,0,1,Exynos,3770,LCD,120,0,WiFi 6,5.2,Yes,Yes,Yes,iOS,18.5,45,93.4,48.3,77.3,1689.81,Flagship,1717.77,17.75,Student,4.11,19174,77.6,77.3,66.5,20,50680.67,4.9,25893,35003400.26,4.83,18,Telecom Partner,UAE,No,0
1710,Vivo,5177,1,2.1,1,3,1,128,1.0,173,10,18,1804,1101,2048,5,9,11,0,0,MediaTek Dimensity,3283,OLED,90,1,WiFi 6E,5.3,No,Yes,Yes,Android,17.1,33,92.2,34.2,82.1,1069.53,Premium,949.14,10.27,Gamer,4.45,3919,86.1,88.2,56.2,5,102138.67,10.06,48225,48999180.04,4.62,24,Telecom Partner,UK,Yes,1
1711,Realme,3579,0,1.6,1,3,0,128,0.2,107,10,98,1208,1798,8192,15,8,20,0,0,Apple Bionic,5940,OLED,120,0,WiFi 6E,5.4,No,Yes,No,Android,16.4,18,78.8,100.0,93.9,1685.91,Flagship,1770.71,10.89,General User,4.79,1649,89.1,90.6,86.5,5,12891.54,2.2,17021,27261080.4,6.6,18,Retail Store,Singapore,No,0
1712,Realme,4788,1,1.5,0,24,1,128,0.4,91,8,36,749,1066,6144,7,8,13,1,1,MediaTek Dimensity,4422,AMOLED,120,1,WiFi 7,5.2,Yes,No,No,Android,17.3,80,88.2,36.7,86.3,1214.43,Flagship,1294.5,11.6,General User,4.34,841,92.2,100.0,82.7,25,60935.3,5.2,33022,30077180.6,1.33,36,Online Store,UAE,No,0
1713,OnePlus,5968,0,3.3,0,6,1,256,0.9,185,8,104,769,1173,4096,6,1,7,1,0,Snapdragon,5086,IPS LCD,120,1,WiFi 6,5.2,Yes,Yes,Yes,Android,18.9,33,94.2,91.2,70.7,1637.55,Flagship,1551.75,9.57,Professional,5.0,1155,100.0,100.0,59.5,25,402182.67,8.07,50164,61609543.65,2.22,24,Telecom Partner,Germany,Yes,1
1714,Google,2754,0,1.2,0,25,1,256,0.3,173,10,94,1898,2145,8192,11,2,9,0,0,Snapdragon,5060,LCD,90,1,WiFi 6E,5.4,Yes,Yes,Yes,Android,16.0,80,76.6,91.9,85.0,1985.39,Flagship,1636.92,12.26,Gamer,5.0,1475,100.0,93.6,80.8,20,29008.46,7.39,37173,59042321.98,4.17,36,E-commerce Marketplace,Australia,Yes,2
1715,Samsung,6178,1,1.7,0,29,1,128,0.3,140,8,22,1900,888,6144,8,0,20,0,0,Google Tensor,5242,IPS LCD,60,1,WiFi 6,5.3,No,Yes,Yes,Android,14.6,18,91.8,74.9,73.8,1351.73,Flagship,1357.84,13.79,Professional,3.46,532,66.4,98.6,77.3,10,110400.0,8.77,43967,53488361.62,2.49,36,Telecom Partner,Germany,Yes,1
1716,Samsung,5058,0,1.9,1,26,1,128,0.3,177,6,20,317,1180,4096,12,2,6,1,1,Apple Bionic,3215,AMOLED,144,1,WiFi 6,5.4,Yes,Yes,Yes,Android,18.2,33,82.8,43.1,62.5,1385.72,Flagship,1227.18,13.52,General User,4.47,14421,99.8,98.1,67.6,25,552759.84,3.8,53505,55607211.45,6.71,36,Telecom Partner,USA,Yes,1
1717,OnePlus,3301,1,1.7,1,27,1,128,0.8,132,4,24,1293,1199,3072,9,1,13,0,0,Apple Bionic,2679,LCD,90,1,WiFi 6E,5.0,No,Yes,Yes,Android,15.9,80,88.0,49.2,77.1,1246.49,Flagship,1138.79,9.59,Business User,4.15,4446,75.4,87.0,55.0,0,62177.05,2.02,25268,31496309.32,8.08,12,E-commerce Marketplace,UAE,No,0
1718,Samsung,6772,1,2.8,1,20,1,128,0.6,112,10,25,2126,854,4096,12,4,12,1,1,Snapdragon,5000,IPS LCD,144,1,WiFi 6,5.0,Yes,Yes,No,Android,17.5,80,87.0,36.9,77.2,1353.59,Flagship,1405.06,20.5,Business User,4.56,1521,96.1,100.0,73.5,25,69381.5,5.75,40455,41069612.59,5.02,24,E-commerce Marketplace,Germany,Yes,1
1719,Oppo,2908,0,3.5,0,13,1,128,0.3,138,4,43,631,1790,8192,18,10,11,0,0,Exynos,5193,IPS LCD,90,1,WiFi 5,5.2,Yes,Yes,Yes,Android,13.8,80,88.7,89.7,81.8,1634.24,Flagship,1923.15,1.13,Business User,4.94,1233,100.0,100.0,62.4,0,50680.67,4.79,37953,62024310.72,5.28,24,Online Store,India,Yes,0
1720,Motorola,4433,0,3.1,1,27,1,256,0.4,218,10,94,770,827,3072,6,1,4,0,0,MediaTek Dimensity,4257,AMOLED,120,1,WiFi 7,5.4,Yes,No,Yes,Android,13.1,33,85.5,93.3,100.0,1472.99,Flagship,1415.52,4.4,Gamer,5.0,861,100.0,84.3,72.8,10,292526.25,9.24,57794,76616985.65,7.17,24,Telecom Partner,UAE,Yes,0
1721,OnePlus,5551,1,1.1,1,19,1,32,0.6,230,6,54,662,1650,12288,12,0,15,1,0,MediaTek Dimensity,5883,IPS LCD,120,1,WiFi 7,5.1,No,No,Yes,Android,16.0,120,93.3,77.1,78.9,1830.29,Flagship,1629.18,9.82,Professional,4.54,1610,81.6,93.4,63.7,0,110432.09,5.48,29425,53856283.25,1.49,36,Telecom Partner,UK,No,2
1722,Oppo,5586,1,1.1,1,31,1,128,0.7,81,8,25,1063,1323,6144,8,10,17,0,0,Exynos,4727,OLED,90,1,WiFi 6,5.1,Yes,Yes,Yes,Android,12.0,65,92.6,45.4,77.5,1437.51,Flagship,1567.05,9.92,Business User,4.75,493,88.8,80.7,78.5,0,13029.26,4.19,42037,60428607.87,9.94,36,E-commerce Marketplace,Singapore,Yes,1
1723,Xiaomi,3498,1,1.0,0,10,1,512,0.9,123,10,42,2130,584,2048,17,9,13,0,1,MediaTek Dimensity,2764,IPS LCD,60,1,WiFi 6,5.2,Yes,Yes,Yes,Android,12.8,65,90.7,75.6,82.6,1779.69,Flagship,1756.78,9.3,General User,4.84,2414,93.4,85.5,74.1,20,36999.31,3.18,31173,44382621.1,3.61,24,Telecom Partner,India,No,0
1724,Apple,6094,0,1.2,0,1,1,256,0.1,213,10,59,574,1053,6144,13,8,17,1,0,Google Tensor,4677,LCD,90,1,WiFi 7,5.1,Yes,Yes,Yes,iOS,18.6,45,82.5,41.6,73.9,2003.0,Flagship,1651.84,13.39,Student,5.0,775,100.0,83.4,65.5,10,36616.99,7.59,36081,65043218.7,5.79,18,E-commerce Marketplace,UK,Yes,1
1725,OnePlus,6940,1,1.7,1,10,1,128,0.7,105,8,53,780,1091,4096,14,8,15,0,0,Exynos,3608,AMOLED,90,1,WiFi 6E,5.2,Yes,Yes,Yes,Android,16.6,18,92.3,80.7,98.0,1154.92,Premium,1187.58,8.46,Business User,4.81,1286,100.0,85.9,61.8,5,16151.2,6.86,50622,55541142.23,9.31,36,E-commerce Marketplace,Australia,Yes,1
1726,Apple,5790,0,3.2,0,29,1,64,0.3,150,10,85,1331,1182,4096,8,8,3,1,1,Google Tensor,5488,AMOLED,120,1,WiFi 6,5.2,No,Yes,Yes,iOS,18.4,65,95.7,94.9,78.5,1909.19,Flagship,2065.74,12.61,Professional,5.0,873,94.6,91.7,62.7,10,36372.53,3.96,37772,64902532.21,4.81,12,Online Store,India,Yes,1
1727,Samsung,4441,0,1.5,1,3,1,64,0.3,169,4,57,445,1546,12288,9,5,5,1,1,Snapdragon,5316,LCD,90,1,WiFi 5,5.2,No,Yes,No,Android,16.7,18,78.3,48.2,84.0,1379.16,Flagship,1137.3,23.04,Gamer,4.45,3436,97.7,100.0,94.6,5,722709.24,12.64,81803,107178454.2,4.01,12,E-commerce Marketplace,Germany,Yes,2
1728,Google,6556,1,2.3,1,7,1,512,0.4,118,4,28,1170,1256,6144,8,1,20,0,0,Google Tensor,3583,IPS LCD,120,1,WiFi 5,5.3,Yes,Yes,Yes,Android,15.1,33,95.8,55.5,75.0,1910.17,Flagship,1740.83,8.25,Professional,4.23,5114,90.1,100.0,65.6,10,104250.47,5.81,30045,51651951.88,0.63,24,Retail Store,USA,No,1
1729,Samsung,4608,1,3.0,1,30,1,128,0.9,213,4,85,1679,1506,16384,18,2,10,1,1,Google Tensor,7457,IPS LCD,90,1,WiFi 6,5.4,Yes,No,No,Android,14.2,80,84.5,89.8,76.6,2055.85,Flagship,2088.59,7.21,Gamer,5.0,3074,98.8,100.0,73.5,10,20654.45,7.3,29303,54218315.29,0.82,18,E-commerce Marketplace,UAE,No,2
1730,Apple,5692,0,1.2,0,10,0,64,0.8,224,4,87,1450,1408,2048,5,9,6,0,1,Google Tensor,1823,IPS LCD,144,1,WiFi 6,5.2,Yes,Yes,Yes,iOS,16.1,80,91.4,80.7,69.5,1558.15,Flagship,1749.3,14.83,Gamer,4.54,2368,87.3,84.0,75.5,0,65458.32,2.98,26019,40541504.85,0.5,24,E-commerce Marketplace,Australia,No,1
1731,Vivo,2842,0,1.1,1,13,1,512,0.6,222,8,57,1989,1663,12288,5,8,14,0,1,Apple Bionic,6594,IPS LCD,90,1,WiFi 6,5.2,Yes,Yes,Yes,Android,15.1,120,82.5,85.9,86.9,2457.05,Flagship,2338.3,13.76,Business User,4.31,258,80.7,98.0,69.5,25,68384.15,3.8,24419,44999027.96,5.45,12,E-commerce Marketplace,USA,No,2
1732,Vivo,3721,0,1.7,1,25,0,32,0.5,163,4,43,939,2231,4096,6,1,4,0,1,Snapdragon,3027,LCD,60,1,WiFi 6E,5.0,Yes,No,Yes,Android,16.9,25,79.8,41.8,65.3,1008.66,Premium,895.27,4.55,Business User,4.7,1886,91.0,64.9,61.0,0,10044.29,5.94,24612,24825139.92,2.56,12,Online Store,UK,No,0
1733,Google,3134,0,3.5,1,29,1,256,1.0,113,4,62,1826,2237,4096,18,5,17,0,1,Snapdragon,3462,IPS LCD,144,1,WiFi 5,5.3,Yes,Yes,Yes,Android,15.3,25,94.1,85.7,67.7,1534.3,Flagship,1611.51,0.55,Professional,4.84,2311,87.0,97.7,87.7,15,99912.63,6.24,54818,71491168.79,3.28,36,E-commerce Marketplace,UAE,Yes,0
1734,OnePlus,4805,1,1.3,0,7,0,128,0.6,202,4,57,1340,586,6144,16,5,18,1,0,MediaTek Dimensity,4186,AMOLED,120,1,WiFi 6E,5.3,Yes,Yes,Yes,Android,18.1,25,83.5,57.4,84.8,1303.69,Flagship,1321.63,13.91,Business User,4.47,332,88.4,100.0,64.1,5,496939.42,12.38,55475,68706092.61,8.01,36,Online Store,UAE,Yes,0
1735,Samsung,3580,0,2.9,1,30,1,512,0.3,211,10,42,1152,1477,12288,19,11,19,0,1,Google Tensor,8487,OLED,120,1,WiFi 6,5.4,No,Yes,Yes,Android,16.4,80,92.1,64.5,90.4,2434.05,Flagship,2561.22,9.38,Business User,4.53,6874,89.4,80.3,76.0,20,20757.74,9.88,24017,46766863.08,7.12,36,Telecom Partner,Germany,No,2
1736,Oppo,6216,0,1.6,0,31,1,128,0.4,223,6,75,325,781,4096,8,7,20,0,1,Exynos,3236,OLED,90,1,WiFi 6,5.2,Yes,No,Yes,Android,18.6,18,83.8,68.6,81.2,1071.42,Premium,1147.95,15.46,Student,4.12,1219,85.2,86.0,60.1,10,54560.37,9.76,33957,32743988.05,7.89,36,Retail Store,India,No,1
1737,Vivo,6975,0,1.0,1,27,1,256,0.3,95,10,61,2177,969,8192,5,0,14,1,0,Google Tensor,5048,AMOLED,90,0,WiFi 7,5.0,Yes,Yes,No,Android,16.9,120,87.0,74.8,68.1,1776.77,Flagship,1935.5,11.54,General User,5.0,2412,90.8,88.1,66.7,5,55592.69,7.01,38801,65493430.13,2.78,24,Retail Store,UK,Yes,1
1738,Google,5592,1,1.4,1,20,1,512,0.7,103,10,81,1015,1985,6144,18,2,20,1,0,Apple Bionic,4845,Super AMOLED,144,1,WiFi 6E,5.0,No,Yes,Yes,Android,13.3,25,92.2,86.4,78.7,2258.77,Flagship,1964.58,9.11,Professional,5.0,1418,100.0,100.0,88.7,0,91085.76,7.29,39244,88643169.88,3.76,12,Telecom Partner,Australia,Yes,2
1739,Motorola,4940,0,3.1,0,0,1,128,0.1,182,8,54,1506,603,8192,18,9,12,0,0,Google Tensor,5868,Super AMOLED,120,0,WiFi 6,5.2,Yes,Yes,Yes,Android,14.4,45,91.2,76.0,69.9,1393.25,Flagship,1267.35,9.18,Student,4.79,419,100.0,92.3,77.5,0,9772.41,4.99,28736,40036432.0,8.03,12,Online Store,USA,No,1
1740,Vivo,4543,1,1.5,1,18,1,128,0.2,151,10,50,1671,1378,4096,7,2,11,1,0,Apple Bionic,3853,Super AMOLED,120,1,WiFi 5,5.3,Yes,Yes,Yes,Android,13.9,45,100.0,71.4,79.4,972.73,Premium,1090.42,2.63,Student,4.22,422,84.5,100.0,66.1,0,169409.15,5.35,31242,30390030.66,5.02,36,E-commerce Marketplace,Australia,No,0
1741,OnePlus,6006,1,3.5,1,10,1,128,0.4,224,10,34,1391,663,2048,9,7,19,1,0,Apple Bionic,3883,LCD,90,0,WiFi 6E,5.1,No,Yes,Yes,Android,14.0,80,84.0,53.1,85.6,1213.08,Flagship,1427.49,8.25,Student,4.57,1876,98.6,96.4,86.3,5,37794.16,6.9,39275,45261531.15,8.35,12,Telecom Partner,Singapore,Yes,1
1742,Google,6752,1,0.9,1,28,0,16,0.1,213,10,61,530,1129,16384,10,6,10,0,0,Exynos,7668,OLED,120,1,WiFi 6,5.4,No,Yes,Yes,Android,18.6,80,82.6,95.1,76.8,2097.39,Flagship,2118.63,0.96,Student,4.8,1004,92.4,100.0,57.5,15,119469.82,8.01,39901,71134764.63,5.8,24,Telecom Partner,UAE,Yes,2
1743,Realme,4726,0,3.3,0,15,1,64,0.2,220,8,27,779,821,16384,17,11,9,1,1,Apple Bionic,8468,OLED,60,1,WiFi 6E,5.4,Yes,Yes,Yes,Android,15.5,65,83.8,43.3,78.3,1735.25,Flagship,1744.28,11.83,Gamer,4.32,5547,93.0,95.6,61.7,5,415850.78,6.21,52979,87335219.26,4.16,36,Retail Store,UK,Yes,2
1744,Samsung,2936,0,1.2,0,10,1,512,0.7,198,6,33,1190,2241,12288,12,9,17,1,0,MediaTek Dimensity,6638,IPS LCD,120,1,WiFi 6,5.4,Yes,Yes,No,Android,16.4,18,91.2,67.7,72.6,2171.56,Flagship,2064.08,11.65,Gamer,5.0,12410,95.8,100.0,75.8,25,150948.3,6.82,34828,56723318.76,6.01,24,Retail Store,UK,No,2
1745,Apple,5298,0,1.4,1,19,1,64,0.9,129,10,96,2129,1438,12288,5,2,15,1,0,MediaTek Dimensity,6870,IPS LCD,90,0,WiFi 5,5.1,Yes,Yes,Yes,iOS,18.5,33,94.4,100.0,78.2,1942.34,Flagship,1621.3,17.31,Professional,4.78,580,100.0,61.6,66.7,0,11537.38,5.44,28224,54820604.16,5.35,12,E-commerce Marketplace,UK,No,2
1746,Google,4365,1,1.7,1,12,1,256,0.2,141,4,107,2199,1755,6144,8,7,18,0,1,Snapdragon,3475,LCD,90,1,WiFi 6,5.3,Yes,Yes,Yes,Android,15.4,45,82.4,100.0,60.0,1682.63,Flagship,1673.17,6.99,Business User,5.0,2825,100.0,100.0,92.4,20,54587.65,3.12,32556,43823761.82,3.45,12,Online Store,Germany,No,0
1747,Realme,5346,1,3.4,0,3,1,256,0.9,240,4,107,932,1935,6144,8,1,8,1,1,Exynos,4546,IPS LCD,60,0,WiFi 5,5.4,No,Yes,Yes,Android,16.3,18,90.4,94.5,78.4,1353.6,Flagship,1284.54,4.46,Student,4.61,1746,93.6,100.0,79.4,10,5621.97,4.58,37806,46056781.44,5.22,24,Telecom Partner,UK,Yes,1
1748,Apple,3909,0,2.5,0,1,1,256,0.9,222,10,108,2072,1924,8192,9,7,19,0,1,Snapdragon,6302,LCD,120,1,WiFi 6E,5.2,No,Yes,No,iOS,18.1,45,88.6,94.4,50.4,2208.62,Flagship,2136.03,12.47,General User,4.48,1397,87.0,99.3,70.8,5,116346.85,6.18,49961,104827620.6,5.44,12,Online Store,Germany,Yes,2
1749,Realme,3073,0,2.1,1,12,1,32,0.5,117,4,35,472,1151,8192,16,5,3,0,1,Exynos,4115,LCD,144,1,WiFi 6,5.4,Yes,Yes,No,Android,16.3,65,90.2,83.1,69.3,1433.98,Flagship,1430.61,3.28,Professional,4.29,224,85.4,100.0,59.2,0,57477.78,0.1,19293,27665776.14,4.92,36,E-commerce Marketplace,Germany,No,0
1750,Vivo,6926,1,2.8,0,29,1,256,0.4,223,8,82,380,2139,8192,19,9,8,0,0,Snapdragon,5691,AMOLED,120,1,WiFi 6E,5.3,Yes,Yes,Yes,Android,16.8,18,98.0,71.9,91.5,1703.05,Flagship,1420.46,1.78,Gamer,4.39,143,84.2,81.6,74.7,15,10908.14,8.58,42979,62216078.06,4.22,18,Retail Store,Singapore,Yes,1
1751,Oppo,4890,1,0.8,1,18,1,128,0.9,236,10,44,643,1880,6144,11,10,20,1,1,Google Tensor,4021,AMOLED,60,1,WiFi 5,5.0,Yes,Yes,Yes,Android,15.9,120,82.5,60.4,81.9,1380.12,Flagship,1498.92,8.38,Gamer,4.03,1208,85.1,62.1,55.5,5,234220.39,8.72,51057,66941547.5,8.89,36,Online Store,Australia,Yes,1
1752,Vivo,4226,1,1.8,1,14,1,64,0.9,183,6,44,1562,824,6144,13,11,4,1,1,MediaTek Dimensity,3636,Super AMOLED,120,0,WiFi 6,5.2,No,Yes,Yes,Android,13.0,18,84.7,59.1,90.1,1341.51,Flagship,1354.39,0.1,Business User,4.25,4066,87.5,100.0,70.4,10,21197.17,5.18,18601,22458084.76,8.92,36,Telecom Partner,India,No,0
1753,Apple,3293,0,2.8,1,26,1,128,0.9,110,10,15,2150,2074,2048,15,2,9,1,0,Snapdragon,3801,OLED,90,1,WiFi 6E,5.4,Yes,Yes,Yes,iOS,18.7,45,92.5,37.5,76.7,1564.99,Flagship,1300.15,13.87,Business User,4.29,4343,92.9,99.0,97.9,0,165201.75,7.33,37764,59100282.36,3.12,24,Telecom Partner,UK,Yes,0
1754,Xiaomi,2689,1,1.6,1,20,1,128,0.8,135,4,49,1424,1167,6144,9,9,9,1,0,Snapdragon,4196,Super AMOLED,90,1,WiFi 5,5.3,No,Yes,Yes,Android,18.6,25,83.4,49.9,79.0,1445.01,Flagship,1602.07,6.21,Professional,4.0,10927,83.5,89.1,70.9,5,33348.81,7.49,35118,48208568.12,8.2,18,Online Store,Singapore,Yes,0
1755,Realme,3784,0,3.3,0,24,1,256,0.9,161,4,71,1391,2063,8192,10,11,2,1,1,Apple Bionic,5458,Super AMOLED,120,1,WiFi 6E,5.3,Yes,No,Yes,Android,13.5,65,91.6,37.5,69.6,1545.72,Flagship,1768.52,1.42,Student,3.81,26078,75.8,72.6,45.7,0,36369.72,5.08,17536,27105745.92,4.08,36,Retail Store,Singapore,No,0
1756,Oppo,3703,0,3.1,0,4,1,256,0.2,166,4,22,236,1256,12288,7,9,5,0,1,Google Tensor,6580,IPS LCD,144,1,WiFi 6E,5.2,Yes,Yes,Yes,Android,13.8,33,79.8,68.9,64.7,1985.99,Flagship,1889.93,6.46,Professional,4.08,427,83.6,92.3,52.4,10,222935.57,6.92,47479,84863537.29,2.47,12,Telecom Partner,Australia,Yes,2
1757,Oppo,4826,0,1.0,0,17,1,256,0.8,161,10,46,528,2260,12288,6,5,13,1,0,Google Tensor,6342,Super AMOLED,90,1,WiFi 6,5.3,No,Yes,Yes,Android,17.1,33,88.4,86.8,91.0,1955.66,Flagship,1798.97,8.64,Business User,4.57,377,99.5,72.7,77.9,0,35765.79,7.08,36859,72083671.94,7.93,24,E-commerce Marketplace,Germany,Yes,2
1758,Samsung,4933,0,0.9,0,28,1,128,0.3,230,10,81,2198,1842,3072,16,3,12,0,0,Google Tensor,3934,AMOLED,90,1,WiFi 6E,5.3,Yes,Yes,Yes,Android,17.9,33,96.5,100.0,72.5,1338.61,Flagship,1308.02,18.09,Gamer,5.0,316,96.7,95.5,95.4,10,38693.94,5.39,46559,56091908.69,3.96,24,Online Store,UK,Yes,1
1759,Samsung,5712,1,3.0,0,18,1,32,0.7,236,10,21,708,1735,6144,10,1,20,1,0,Exynos,5158,Super AMOLED,120,1,WiFi 6,5.1,Yes,Yes,Yes,Android,13.3,33,88.3,40.9,94.0,1310.4,Flagship,1289.98,8.54,Gamer,4.62,6810,92.5,78.8,88.3,20,16475.03,9.52,46420,48663014.4,7.22,36,Telecom Partner,India,Yes,1
1760,Realme,4654,1,1.6,0,9,1,256,0.6,96,6,71,257,2240,12288,12,5,14,1,1,Apple Bionic,6382,IPS LCD,60,1,WiFi 6E,5.4,No,No,Yes,Android,13.8,65,93.1,68.9,75.3,1948.22,Flagship,2065.58,4.85,Student,4.28,6237,90.8,49.4,66.4,10,42888.47,6.25,26903,47171666.39,4.74,12,Online Store,USA,No,2
1761,Motorola,5105,1,3.2,1,14,1,32,0.9,163,4,105,433,2262,12288,15,10,11,1,0,Google Tensor,5459,IPS LCD,120,0,WiFi 5,5.4,Yes,Yes,Yes,Android,17.2,45,76.4,100.0,85.6,1602.06,Flagship,1321.73,6.35,Gamer,4.88,644,97.7,89.5,81.4,25,15856.0,3.71,46998,56470211.91,3.79,18,Online Store,Australia,Yes,2
1762,OnePlus,5620,1,2.5,1,32,1,64,0.2,107,4,38,1299,767,4096,17,8,14,0,0,Google Tensor,3220,Super AMOLED,120,1,WiFi 6,5.0,Yes,Yes,Yes,Android,13.1,45,76.0,51.2,88.2,1129.87,Premium,1319.2,5.79,Student,4.37,2415,81.8,85.2,58.7,15,100359.95,2.57,24129,23173238.25,0.5,12,E-commerce Marketplace,USA,No,1
1763,OnePlus,4248,1,2.7,0,18,1,64,0.4,209,8,63,1979,2354,12288,7,9,20,0,0,Google Tensor,7268,Super AMOLED,60,1,WiFi 6E,5.3,Yes,Yes,Yes,Android,12.5,18,84.5,86.0,75.8,1614.39,Flagship,1568.75,13.96,Business User,4.84,797,95.1,92.1,68.3,0,111778.87,5.22,30166,48699688.74,2.31,18,Retail Store,Singapore,No,2
1764,Vivo,5285,1,3.1,0,17,1,128,0.7,145,4,35,207,843,6144,14,5,9,1,1,MediaTek Dimensity,4780,LCD,144,1,WiFi 6E,5.0,Yes,Yes,Yes,Android,16.6,25,93.8,47.6,69.5,1423.6,Flagship,1222.84,5.39,General User,5.0,216,100.0,100.0,86.7,10,25054.72,1.96,30115,38584542.6,0.5,24,Retail Store,USA,No,1
1765,Google,4274,1,2.5,0,12,1,256,0.5,218,6,37,185,1675,8192,14,7,6,0,1,Snapdragon,4864,Super AMOLED,144,1,WiFi 5,5.3,No,Yes,Yes,Android,15.6,25,83.3,23.1,99.2,1422.43,Flagship,1466.36,9.68,Professional,4.1,1343,79.6,100.0,66.9,20,42212.9,3.04,25708,29254264.35,5.77,36,Online Store,USA,No,0
1766,Vivo,4178,1,3.2,1,9,1,64,0.8,212,4,67,1591,1143,6144,12,3,19,0,1,Google Tensor,4639,LCD,60,1,WiFi 5,5.0,Yes,Yes,Yes,Android,13.7,33,83.0,72.9,71.4,1049.0,Premium,983.26,10.14,Student,4.85,1036,100.0,63.9,65.7,0,5375.75,7.48,31875,33436875.0,7.05,18,Telecom Partner,UAE,No,0
1767,Oppo,4692,0,3.3,0,22,1,256,0.1,153,6,37,258,1601,12288,7,2,15,0,0,Google Tensor,7070,OLED,120,1,WiFi 6,5.3,Yes,No,Yes,Android,17.5,45,88.3,37.0,87.0,2030.31,Flagship,2106.33,6.46,Professional,3.75,2204,81.5,100.0,100.0,10,80747.9,5.61,45742,83583396.02,7.55,36,E-commerce Marketplace,Germany,Yes,2
1768,Google,6683,1,2.7,1,23,1,64,0.2,153,10,59,1134,1418,6144,14,3,17,0,1,Exynos,4427,IPS LCD,90,1,WiFi 6,5.3,Yes,Yes,Yes,Android,17.4,33,87.4,56.7,72.6,1405.25,Flagship,1322.99,7.92,General User,4.33,3422,94.3,81.9,66.1,0,17920.76,8.07,28971,40711497.75,6.41,18,E-commerce Marketplace,India,No,1
1769,Google,4890,1,1.7,1,20,1,128,0.3,234,10,32,1874,1172,3072,17,4,12,0,1,Apple Bionic,3277,Super AMOLED,120,1,WiFi 6,5.0,Yes,Yes,Yes,Android,14.7,120,87.7,53.0,76.6,1331.91,Flagship,1105.16,9.28,Professional,4.33,443,96.6,95.5,56.5,5,102900.95,7.18,37449,47384762.71,2.45,24,Online Store,India,Yes,1
1770,OnePlus,5882,0,2.5,1,28,1,64,0.3,208,6,16,773,2352,12288,16,9,16,0,1,Google Tensor,6685,IPS LCD,60,1,WiFi 5,5.1,Yes,Yes,Yes,Android,18.8,80,89.6,20.0,74.1,1542.45,Flagship,1296.29,2.77,General User,4.25,518,82.5,100.0,70.1,5,51426.37,1.51,7900,11576087.25,3.33,12,Retail Store,India,No,2
1771,Samsung,5730,1,2.0,1,2,1,64,0.4,98,4,15,1803,1419,8192,14,9,9,1,0,Google Tensor,4215,OLED,60,1,WiFi 6E,5.0,Yes,Yes,Yes,Android,14.6,45,92.5,54.6,89.4,1688.36,Flagship,1806.44,15.2,Business User,4.36,5446,98.1,82.8,64.9,0,10555.68,7.44,32084,54169342.24,7.66,36,Online Store,USA,No,1
1772,Oppo,5046,1,2.9,1,27,1,128,0.4,193,4,15,1136,2230,12288,14,6,18,0,0,MediaTek Dimensity,6369,Super AMOLED,60,1,WiFi 6E,5.3,Yes,Yes,No,Android,12.5,18,89.0,45.5,81.7,1647.51,Flagship,1911.11,4.43,Gamer,4.37,1159,78.0,98.8,60.9,10,112720.63,5.57,40188,59589118.69,2.89,36,E-commerce Marketplace,Singapore,Yes,2
1773,Realme,3852,0,2.5,0,5,1,32,0.6,106,4,107,2137,2057,2048,6,10,6,0,1,Snapdragon,2783,OLED,144,0,WiFi 6,5.2,No,Yes,Yes,Android,16.8,65,85.8,98.9,85.6,1222.75,Flagship,1399.81,11.48,Student,4.67,758,97.8,96.9,74.6,5,495346.8,5.69,59625,69261145.31,1.05,12,E-commerce Marketplace,India,Yes,0
1774,Samsung,6399,0,1.3,1,31,1,128,0.7,159,10,8,1081,1771,3072,13,3,16,1,1,Snapdragon,4009,AMOLED,90,0,WiFi 6,5.3,No,Yes,Yes,Android,17.2,33,80.4,30.9,80.9,1093.32,Premium,1176.4,9.12,Gamer,4.35,1138,92.6,93.1,88.9,0,60376.46,7.12,41693,45583790.76,3.53,36,Retail Store,India,Yes,1
1775,Xiaomi,5856,0,2.9,1,31,1,128,0.7,139,10,35,618,2001,12288,8,7,14,1,1,Exynos,7498,OLED,60,1,WiFi 6,5.4,Yes,Yes,No,Android,14.3,45,84.6,95.0,77.6,1721.06,Flagship,1954.06,7.23,Business User,4.54,1104,84.4,100.0,74.5,15,46172.29,9.99,37939,55501001.04,1.66,12,Telecom Partner,UAE,Yes,2
1776,Apple,6535,0,1.8,1,22,1,256,0.2,239,6,6,848,549,6144,12,1,5,0,0,Apple Bionic,4209,Super AMOLED,90,1,WiFi 6,5.2,Yes,No,Yes,iOS,16.6,25,95.8,35.5,89.0,2028.36,Flagship,2003.56,21.22,Business User,3.62,4793,79.0,95.9,84.6,15,22252.16,4.72,23545,40594075.77,9.55,36,Telecom Partner,UAE,No,1
1777,Google,4039,1,1.8,0,30,1,256,0.7,152,6,23,1799,1571,4096,13,3,4,1,0,Apple Bionic,3286,OLED,144,1,WiFi 6,5.2,Yes,Yes,Yes,Android,14.4,25,87.4,34.2,89.5,1516.52,Flagship,1379.11,2.26,Student,4.4,6887,82.9,100.0,64.6,0,92516.27,0.93,38176,57894667.52,6.58,36,Online Store,UAE,Yes,0
1778,Samsung,3194,0,2.0,0,9,1,128,0.2,99,8,15,839,1809,6144,9,6,19,0,0,Google Tensor,4618,OLED,60,1,WiFi 6E,5.3,Yes,Yes,No,Android,15.5,18,85.3,57.0,100.0,1312.77,Flagship,1502.88,17.85,Professional,4.0,1448,87.1,100.0,92.1,15,100844.6,5.62,51386,57339299.34,4.74,12,Telecom Partner,UAE,Yes,0
1779,Google,3225,0,2.2,0,17,1,64,0.8,203,4,21,1144,902,6144,6,1,17,1,1,Google Tensor,4206,OLED,144,1,WiFi 6,5.4,No,Yes,Yes,Android,18.7,18,91.3,44.7,74.9,1209.72,Flagship,1144.87,4.73,Business User,4.08,1680,81.4,85.3,67.2,20,58053.27,10.36,49833,48227181.41,5.18,18,E-commerce Marketplace,UAE,Yes,0
1780,Xiaomi,3133,0,2.4,0,13,1,128,0.4,107,6,32,1631,2171,4096,13,10,15,0,0,Apple Bionic,3235,Super AMOLED,60,1,WiFi 5,5.2,Yes,Yes,Yes,Android,12.1,45,80.5,54.9,74.7,1271.39,Flagship,1457.99,8.44,Gamer,4.43,14681,92.3,89.7,64.0,20,141408.22,2.49,26785,27243344.92,5.82,36,E-commerce Marketplace,India,No,0
1781,Oppo,6817,0,1.7,0,5,1,512,0.7,138,8,59,1410,1994,12288,17,0,17,1,0,Google Tensor,6513,AMOLED,144,1,WiFi 6E,5.2,No,No,Yes,Android,15.6,18,85.9,67.1,96.2,2311.6,Flagship,2177.24,12.59,General User,4.85,364,85.0,100.0,83.9,15,11561.13,4.6,35012,68793678.32,5.9,12,Retail Store,USA,Yes,2
1782,Samsung,3124,1,2.9,1,7,1,256,0.1,232,4,7,1952,1625,16384,8,11,14,1,0,Google Tensor,7209,AMOLED,90,1,WiFi 5,5.0,Yes,Yes,Yes,Android,15.8,65,74.2,24.7,78.4,2108.12,Flagship,2039.25,20.3,Student,4.4,237,98.3,100.0,80.2,15,123112.95,6.46,32813,58797680.33,6.79,24,Online Store,India,No,2
1783,Apple,2654,1,1.3,0,26,0,256,0.2,199,4,27,1293,1865,6144,14,4,9,1,1,Apple Bionic,3189,AMOLED,120,1,WiFi 6,5.1,Yes,No,Yes,iOS,16.3,120,86.0,57.2,84.1,2176.46,Flagship,2334.72,23.01,Professional,5.0,184,92.3,99.6,87.4,10,87757.72,9.47,36702,71892391.43,7.68,12,E-commerce Marketplace,Germany,Yes,0
1784,Apple,3220,1,2.7,1,4,1,256,0.7,219,10,13,2058,645,4096,18,0,5,1,0,MediaTek Dimensity,4740,AMOLED,144,1,WiFi 7,5.1,Yes,Yes,Yes,iOS,17.8,25,92.0,31.3,84.3,1952.8,Flagship,2195.03,10.09,General User,4.72,402,92.3,63.2,74.2,10,147021.67,7.49,43115,75775474.8,0.6,24,Retail Store,India,Yes,0
1785,Google,4739,0,2.3,0,24,1,64,0.9,236,10,96,245,1650,4096,5,5,19,1,1,MediaTek Dimensity,5267,OLED,144,1,WiFi 6,5.1,Yes,No,Yes,Android,12.1,45,86.7,94.2,86.4,1547.17,Flagship,1818.59,10.17,Gamer,5.0,3968,100.0,100.0,63.7,20,47887.7,2.78,23651,29273694.14,0.76,12,Online Store,Australia,No,0
1786,Oppo,6953,1,2.9,1,20,1,64,0.5,184,6,94,592,1667,6144,12,5,17,1,1,Snapdragon,4583,OLED,90,1,WiFi 6,5.1,Yes,Yes,Yes,Android,12.4,65,89.0,74.1,65.4,1462.64,Flagship,1620.4,1.49,General User,4.43,694,95.2,100.0,59.5,15,214450.21,6.91,48055,59744090.42,6.55,36,Retail Store,UAE,Yes,1
1787,Oppo,3088,0,0.8,0,5,1,512,0.8,139,4,48,1046,1916,4096,13,8,10,1,0,Snapdragon,2153,OLED,144,1,WiFi 5,5.3,No,No,Yes,Android,13.7,33,96.8,66.0,55.4,1698.5,Flagship,1812.98,12.59,General User,4.57,4049,86.9,100.0,64.5,15,7690.52,2.51,27928,40320351.8,6.88,18,Telecom Partner,USA,No,0
1788,Motorola,5173,0,1.6,0,19,1,64,0.7,159,8,12,1246,676,8192,9,2,13,0,1,Exynos,5156,OLED,144,1,WiFi 6,5.0,Yes,Yes,No,Android,12.2,33,91.8,55.9,97.3,1501.08,Flagship,1593.43,9.31,Gamer,4.98,1749,100.0,100.0,66.1,20,94173.49,5.74,39649,47613056.74,6.2,18,E-commerce Marketplace,UK,Yes,1
1789,Vivo,2684,1,3.0,1,10,1,512,0.6,227,10,73,1249,1082,6144,15,7,18,0,1,Exynos,4996,AMOLED,120,1,WiFi 7,5.2,Yes,Yes,Yes,Android,13.5,120,90.1,47.1,100.0,1905.83,Flagship,1642.76,10.36,Professional,4.27,2942,81.8,97.2,86.9,25,40683.87,14.93,50098,71608703.5,6.58,12,Online Store,Germany,Yes,0
1790,Apple,5268,0,0.8,0,16,1,256,1.0,125,4,7,1635,760,12288,10,2,6,1,1,MediaTek Dimensity,5527,Super AMOLED,60,1,WiFi 6,5.4,Yes,Yes,No,iOS,20.0,80,99.3,36.0,86.4,2370.61,Flagship,2042.1,17.07,Business User,4.29,3999,83.1,93.6,46.2,10,16665.46,3.94,23315,49743694.94,6.11,18,E-commerce Marketplace,USA,No,2
1791,Realme,4416,0,2.7,0,11,1,32,0.6,195,10,9,1162,2002,8192,11,3,12,1,1,Apple Bionic,6740,IPS LCD,90,0,WiFi 5,5.0,Yes,No,Yes,Android,14.8,120,89.1,37.9,79.4,1436.05,Flagship,1441.09,8.83,Business User,4.41,1982,97.0,100.0,81.1,5,46304.26,6.19,44858,61197414.36,6.41,24,Retail Store,UK,Yes,0
1792,Xiaomi,3987,1,1.7,1,6,1,32,0.9,138,4,47,117,1120,12288,10,11,10,1,1,Apple Bionic,6236,AMOLED,120,0,WiFi 6,5.0,No,Yes,Yes,Android,16.7,33,86.7,53.2,81.1,1443.21,Flagship,1225.86,4.41,Business User,4.29,1919,87.0,84.5,68.9,5,47560.99,2.48,30106,41276816.25,7.04,12,E-commerce Marketplace,UK,No,2
1793,Samsung,2918,1,0.8,0,4,1,128,0.4,240,6,27,1668,574,12288,9,3,12,0,0,Exynos,5849,Super AMOLED,90,1,WiFi 6E,5.3,No,Yes,Yes,Android,17.3,18,81.0,59.3,73.2,1586.84,Flagship,1692.37,13.67,General User,4.38,82,92.5,100.0,85.3,25,21321.22,5.13,38752,46119917.76,7.2,18,E-commerce Marketplace,Singapore,Yes,2
1794,Samsung,3486,1,3.4,1,27,1,256,0.2,237,8,57,153,1401,2048,13,11,2,0,1,Snapdragon,3738,IPS LCD,60,1,WiFi 6,5.0,Yes,No,Yes,Android,15.2,120,77.3,69.3,72.1,1336.12,Flagship,1391.62,13.63,Student,4.29,7737,91.2,92.5,80.6,10,120925.92,0.1,26767,32187531.64,4.31,36,Telecom Partner,Australia,No,0
1795,Google,5563,1,2.4,1,16,1,512,0.2,217,8,100,195,2266,8192,16,0,4,1,0,MediaTek Dimensity,5395,OLED,144,1,WiFi 6,5.4,No,Yes,Yes,Android,18.7,33,98.1,100.0,81.7,2244.9,Flagship,2072.65,7.05,General User,4.89,1678,96.3,83.7,75.7,15,11636.46,4.38,28956,55252825.74,0.5,36,Retail Store,Singapore,No,2
1796,Vivo,3237,0,2.1,0,9,1,256,0.9,88,8,17,2148,1483,12288,15,5,18,0,1,Google Tensor,6668,OLED,144,1,WiFi 5,5.3,Yes,Yes,Yes,Android,18.7,45,98.4,49.4,68.4,1962.5,Flagship,1672.29,8.53,Student,3.83,6817,72.8,85.2,58.2,0,53252.23,6.92,25269,49590412.5,5.23,18,Online Store,Germany,No,2
1797,Xiaomi,5851,0,3.3,1,9,1,128,0.5,121,4,106,2108,1368,2048,8,10,17,0,1,Snapdragon,2780,LCD,120,1,WiFi 6,5.2,No,Yes,No,Android,13.5,80,100.0,100.0,81.7,1476.89,Flagship,1305.9,0.1,Business User,4.73,850,100.0,100.0,75.2,10,141677.28,7.78,44355,58956710.36,5.26,36,Online Store,USA,Yes,1
1798,Oppo,3624,0,3.4,1,10,1,256,0.4,125,6,41,797,2383,12288,9,10,2,1,1,Google Tensor,7823,Super AMOLED,60,0,WiFi 5,5.2,Yes,Yes,Yes,Android,14.1,120,94.7,47.1,72.9,1910.7,Flagship,2241.55,6.29,Gamer,4.45,4569,97.0,94.7,80.7,10,135900.44,2.55,26252,45143726.76,1.16,12,E-commerce Marketplace,Germany,No,2
1799,Apple,3994,0,2.7,1,1,1,16,0.6,104,8,82,1936,1596,12288,16,1,13,0,1,Google Tensor,7652,IPS LCD,144,0,WiFi 6,5.1,Yes,No,No,iOS,16.1,33,95.9,74.7,89.8,2098.4,Flagship,1938.98,12.19,General User,4.69,3879,100.0,100.0,64.8,15,85615.34,8.74,34920,62284708.8,5.26,18,E-commerce Marketplace,UK,No,2
1800,OnePlus,3306,1,2.1,1,11,1,128,0.1,128,6,13,2200,1371,6144,14,2,3,0,1,Google Tensor,4399,AMOLED,144,1,WiFi 5,5.1,No,Yes,Yes,Android,17.2,25,90.2,31.2,87.6,1431.38,Flagship,1488.93,3.08,Professional,4.07,2613,91.7,57.6,80.9,0,15483.57,5.34,27843,39853913.34,4.64,36,Telecom Partner,Singapore,No,0
1801,Apple,5924,0,1.0,0,11,1,512,0.3,125,4,44,1843,1035,3072,8,11,18,0,1,Google Tensor,2568,AMOLED,90,1,WiFi 6,5.2,No,Yes,Yes,iOS,16.8,25,90.7,69.6,66.0,2173.9,Flagship,1967.79,3.63,Student,4.73,1378,100.0,77.1,68.9,10,24395.32,6.35,28858,56460965.58,5.5,36,Telecom Partner,Germany,No,1
1802,Xiaomi,3732,0,1.6,1,4,0,512,0.3,100,10,48,2141,2311,16384,16,6,5,1,0,MediaTek Dimensity,8337,OLED,120,1,WiFi 6,5.3,Yes,No,Yes,Android,14.2,25,80.8,52.3,72.7,2497.41,Flagship,2794.1,6.39,Gamer,4.45,119,100.0,85.3,72.0,15,76216.96,9.38,42682,90605285.58,5.9,36,E-commerce Marketplace,UK,Yes,2
1803,OnePlus,4041,0,3.4,1,15,1,256,0.1,136,4,89,1980,1892,2048,7,2,5,1,1,Apple Bionic,3477,IPS LCD,120,1,WiFi 5,5.0,Yes,Yes,Yes,Android,12.9,65,77.9,85.5,77.7,1776.51,Flagship,1747.5,10.06,General User,4.95,571,95.8,100.0,83.7,10,104759.73,2.37,30619,48955463.72,4.16,24,Retail Store,India,No,0
1804,Xiaomi,5933,0,2.3,0,26,1,256,0.7,135,6,44,1124,1358,3072,15,8,16,1,0,Exynos,3171,AMOLED,90,1,WiFi 6,5.4,Yes,No,Yes,Android,18.3,120,85.8,58.9,82.5,1302.06,Flagship,1436.56,10.03,Business User,4.51,1733,94.8,71.7,68.9,10,36911.8,4.83,24135,28282696.29,6.54,36,Retail Store,Germany,No,1
1805,Vivo,6022,1,3.0,1,30,1,128,0.7,84,8,55,637,684,3072,17,6,6,1,0,Google Tensor,3892,IPS LCD,120,1,WiFi 5,5.1,Yes,No,Yes,Android,16.9,33,100.0,61.2,61.6,1122.78,Premium,1216.54,5.5,General User,5.0,1940,95.1,100.0,68.1,10,16834.44,3.6,35145,35514092.79,2.1,12,Telecom Partner,India,Yes,1
1806,Apple,6649,0,1.6,1,16,1,256,0.6,169,4,83,994,1067,16384,5,1,16,1,1,Apple Bionic,7587,Super AMOLED,60,1,WiFi 6,5.2,No,Yes,Yes,iOS,20.0,18,93.2,77.6,80.1,2500.0,Flagship,2444.79,10.81,Professional,3.93,743,88.5,94.6,54.8,0,54060.23,10.0,36681,91702500.0,0.77,18,Telecom Partner,Germany,Yes,2
1807,Xiaomi,5743,0,2.1,1,14,1,128,0.3,207,4,59,1242,2127,4096,19,10,3,1,1,Apple Bionic,2717,Super AMOLED,120,1,WiFi 5,5.0,Yes,No,Yes,Android,12.0,18,82.7,76.5,100.0,1535.92,Flagship,1395.49,0.67,Student,4.08,326,86.3,63.1,71.1,10,91623.22,1.16,18429,25474922.71,8.04,12,Online Store,Germany,No,1
1808,Oppo,3128,0,3.3,1,26,1,128,0.3,136,8,23,311,1075,3072,18,3,4,1,0,MediaTek Dimensity,4997,AMOLED,120,1,WiFi 5,5.3,No,Yes,No,Android,12.2,120,78.1,32.6,91.3,1258.58,Flagship,1331.73,5.97,Gamer,4.15,13065,79.4,81.5,51.3,20,12311.89,3.68,26382,26563086.05,3.42,18,Online Store,Germany,No,0
1809,OnePlus,6276,1,2.7,0,14,1,256,0.2,192,4,92,313,1341,12288,6,1,2,1,1,Apple Bionic,6422,LCD,120,1,WiFi 6,5.0,No,Yes,No,Android,14.9,25,89.7,95.8,73.4,2172.84,Flagship,2277.23,7.2,Student,4.32,2191,87.1,77.3,57.9,20,20239.76,6.38,28004,48678569.09,3.9,18,Telecom Partner,UAE,No,2
1810,Oppo,4785,1,2.9,0,19,1,256,1.0,239,4,73,2038,1048,8192,13,0,16,0,0,Exynos,5744,IPS LCD,120,1,WiFi 6,5.0,Yes,Yes,No,Android,15.7,65,79.6,74.9,69.9,1731.06,Flagship,1604.58,1.86,Student,3.54,2591,87.9,83.4,58.4,10,63849.69,13.18,45546,70958572.88,6.63,18,Telecom Partner,Australia,Yes,2
1811,Samsung,2530,1,1.8,1,20,1,64,0.6,124,4,52,2163,2061,8192,14,9,18,0,0,Snapdragon,4047,OLED,90,1,WiFi 5,5.1,Yes,No,Yes,Android,16.5,25,91.9,66.9,66.4,1339.67,Flagship,1484.23,12.17,Student,3.66,14548,79.5,80.1,61.3,10,35206.31,7.25,32518,39207050.15,4.95,12,Online Store,UK,No,0
1812,Google,6935,0,2.3,0,31,0,32,0.8,157,8,71,208,535,6144,9,6,12,0,1,Google Tensor,4473,AMOLED,120,1,WiFi 6,5.4,Yes,Yes,Yes,Android,13.8,25,86.4,57.4,71.0,1298.52,Flagship,1413.18,2.7,Gamer,4.95,1109,100.0,100.0,82.9,0,38234.56,1.2,35407,45976697.64,6.21,24,Online Store,India,Yes,1
1813,Realme,6203,1,1.7,0,28,1,512,0.9,206,8,93,579,1680,3072,14,7,13,1,1,MediaTek Dimensity,3915,AMOLED,60,1,WiFi 7,5.0,No,Yes,No,Android,17.4,65,90.1,100.0,100.0,1926.73,Flagship,1855.91,8.16,Student,4.49,1913,96.6,100.0,73.9,10,22740.56,13.28,49014,84993069.8,7.16,36,Online Store,UK,Yes,1
1814,Apple,6198,0,1.8,1,6,1,256,1.0,189,10,29,477,1861,6144,11,9,2,0,0,MediaTek Dimensity,4676,IPS LCD,120,1,WiFi 6,5.2,No,Yes,Yes,iOS,19.2,18,87.0,39.4,81.7,1952.12,Flagship,1772.86,18.79,General User,3.19,2768,69.1,75.9,65.4,0,30686.62,2.74,20814,40631425.68,1.81,12,Telecom Partner,Germany,No,1
1815,Realme,3094,1,1.6,0,8,1,64,0.5,199,4,23,747,1905,8192,17,7,6,0,0,MediaTek Dimensity,4498,OLED,144,0,WiFi 5,5.0,Yes,Yes,Yes,Android,16.5,45,80.9,50.7,76.5,1319.22,Flagship,1191.26,7.27,Professional,4.74,5528,98.2,100.0,82.1,0,15167.15,4.27,33578,44296769.16,9.12,18,Telecom Partner,India,No,0
1816,Motorola,5901,0,1.6,0,28,1,128,0.1,88,10,71,746,2126,6144,14,3,17,0,0,Exynos,4199,Super AMOLED,60,1,WiFi 6,5.1,No,No,Yes,Android,17.5,18,86.3,100.0,84.7,1250.67,Flagship,1055.01,6.52,Professional,4.04,9318,82.2,100.0,57.5,5,67917.64,7.83,43031,51126701.73,3.25,36,Online Store,USA,Yes,1
1817,Vivo,2545,1,3.3,1,15,1,128,0.5,110,8,66,1678,1819,6144,12,9,12,1,0,Apple Bionic,4761,IPS LCD,144,1,WiFi 6,5.2,Yes,No,Yes,Android,15.9,33,84.9,96.9,61.3,1466.13,Flagship,1217.52,3.42,Professional,3.6,43201,76.8,83.9,65.9,15,394403.53,9.33,76633,95500849.25,5.84,12,Online Store,UAE,Yes,0
1818,Google,4191,0,1.6,1,26,1,256,0.6,214,10,43,1461,1949,2048,5,5,11,1,1,Snapdragon,3242,Super AMOLED,144,1,WiFi 5,5.1,Yes,No,Yes,Android,18.8,25,94.9,63.1,90.2,1520.13,Flagship,1554.31,6.05,Student,4.99,4875,92.3,82.9,81.0,0,42887.92,8.09,43992,66873558.96,5.26,24,E-commerce Marketplace,India,Yes,0
1819,Samsung,3805,0,3.2,1,10,1,64,0.3,154,4,98,115,1953,16384,17,10,18,0,0,Exynos,7733,IPS LCD,144,1,WiFi 5,5.4,No,Yes,Yes,Android,12.3,80,87.7,100.0,79.1,1983.42,Flagship,1842.68,5.42,Business User,4.85,2737,90.0,97.1,72.9,10,178140.4,3.94,38110,68029322.58,2.42,12,Online Store,Australia,Yes,2
1820,Apple,6009,1,1.7,0,14,1,64,0.6,137,4,17,1022,2153,8192,6,7,6,0,0,Apple Bionic,4291,Super AMOLED,120,1,WiFi 6,5.3,Yes,No,No,iOS,18.3,45,79.8,21.6,66.5,1944.52,Flagship,2247.6,15.04,General User,4.25,4470,85.8,97.5,62.9,0,33919.57,0.99,22588,43922817.76,4.33,24,E-commerce Marketplace,Australia,No,2
1821,Samsung,4602,0,1.1,0,1,1,64,0.2,110,4,42,1593,2209,3072,12,0,7,0,0,MediaTek Dimensity,2509,OLED,60,1,WiFi 5,5.2,Yes,Yes,Yes,Android,15.9,18,89.7,48.9,75.3,903.4,Premium,992.18,15.81,Business User,5.0,15603,95.7,100.0,90.6,15,148508.75,4.36,33449,25685152.61,5.25,36,E-commerce Marketplace,Germany,No,0
1822,Vivo,5666,0,2.9,1,11,1,256,0.7,187,10,99,494,1883,8192,8,7,2,0,0,Google Tensor,6775,AMOLED,60,0,WiFi 6E,5.2,No,No,Yes,Android,16.0,33,95.0,100.0,76.5,1588.73,Flagship,1827.65,11.08,Gamer,5.0,1855,94.2,89.9,50.5,0,35386.48,2.55,15290,24291681.7,2.94,18,Online Store,Germany,No,1
1823,Samsung,5599,0,1.7,1,30,1,256,0.4,172,8,5,1146,794,12288,9,4,18,0,0,Google Tensor,6762,LCD,144,1,WiFi 5,5.3,No,Yes,Yes,Android,14.8,65,88.1,20.0,81.2,2042.36,Flagship,1738.96,17.91,Gamer,4.22,1016,92.1,82.3,76.5,20,53266.2,6.1,25309,41352071.39,8.0,24,Retail Store,USA,No,2
1824,Apple,2708,1,2.3,0,28,1,128,0.6,207,4,105,1024,1068,4096,18,1,10,1,0,MediaTek Dimensity,3227,OLED,60,1,WiFi 6,5.4,Yes,Yes,Yes,iOS,16.8,80,97.0,73.1,87.1,1645.09,Flagship,1644.19,10.36,Professional,5.0,1388,98.8,100.0,57.1,5,79542.79,1.43,5776,9026937.85,1.83,18,Online Store,UK,No,0
1825,OnePlus,2815,1,1.2,1,21,1,128,0.4,115,10,105,114,675,16384,14,8,10,0,1,Google Tensor,7387,LCD,144,1,WiFi 6E,5.3,No,Yes,Yes,Android,16.8,120,90.5,83.2,72.0,2088.23,Flagship,1982.04,5.34,Professional,4.99,8337,100.0,89.6,58.1,20,92075.75,4.14,32702,54631437.97,1.8,18,Telecom Partner,USA,No,2
1826,Oppo,4287,0,2.0,0,6,1,128,0.9,119,10,63,2089,507,8192,5,5,14,0,1,Snapdragon,6244,AMOLED,60,1,WiFi 6,5.1,Yes,Yes,Yes,Android,16.7,45,67.5,85.2,79.7,1380.18,Flagship,1205.54,11.14,General User,4.78,775,93.5,88.0,72.8,15,23706.04,6.84,40213,47176001.59,7.23,24,E-commerce Marketplace,UAE,Yes,0
1827,Xiaomi,6649,0,2.6,1,26,1,128,0.7,109,8,103,324,2391,4096,9,11,8,0,0,Exynos,4606,OLED,144,1,WiFi 6,5.1,Yes,Yes,Yes,Android,14.6,45,81.5,77.1,86.6,1383.32,Flagship,1376.76,3.2,General User,4.34,12453,97.5,92.8,79.6,5,22142.01,3.38,31854,41861061.52,3.4,18,Retail Store,Singapore,No,1
1828,Motorola,4616,1,1.4,1,9,1,256,0.9,173,6,92,842,2152,6144,7,3,5,1,1,Google Tensor,4518,AMOLED,144,1,WiFi 6E,5.1,No,Yes,Yes,Android,15.5,80,99.0,100.0,81.5,1685.66,Flagship,1939.54,0.44,Student,5.0,1469,96.7,100.0,64.9,5,5027.37,4.28,30583,48974912.79,8.1,36,Retail Store,India,No,0
1829,Google,4647,1,3.1,1,20,0,128,0.4,214,8,59,121,1538,12288,11,3,13,0,0,Google Tensor,7532,Super AMOLED,120,1,WiFi 6,5.0,Yes,Yes,Yes,Android,17.6,45,83.2,59.3,100.0,1681.85,Flagship,1622.57,8.52,Student,4.7,185,85.9,99.5,69.2,10,50680.67,4.53,32365,48989767.72,5.68,24,Retail Store,UAE,No,2
1830,Realme,3022,1,0.8,0,15,1,64,0.6,132,6,44,1131,690,8192,19,3,20,0,0,Apple Bionic,4228,Super AMOLED,144,1,WiFi 5,5.2,Yes,Yes,Yes,Android,14.2,33,94.7,57.8,90.1,1597.71,Flagship,1881.61,10.85,Professional,4.03,2727,70.2,95.1,63.7,10,96080.34,0.1,16652,23944560.23,7.45,24,Retail Store,Singapore,No,0
1831,Motorola,5356,1,1.5,1,3,1,32,0.4,235,8,26,108,1627,8192,11,11,18,0,1,Apple Bionic,4538,Super AMOLED,120,1,WiFi 6E,5.2,Yes,Yes,Yes,Android,12.4,80,85.9,35.2,90.0,1357.7,Flagship,1169.93,9.38,Business User,3.91,4638,75.4,94.1,62.6,15,48378.57,5.17,35376,40825495.92,7.56,24,Telecom Partner,UK,Yes,1
1832,OnePlus,5789,1,2.5,1,20,1,16,0.7,223,6,66,1173,874,12288,12,2,3,1,0,Snapdragon,5426,Super AMOLED,60,1,WiFi 6,5.2,Yes,Yes,Yes,Android,17.6,120,92.0,59.9,80.5,1421.0,Flagship,1638.37,4.61,Business User,4.62,2328,100.0,61.0,75.3,0,295854.74,8.58,49683,70599543.0,2.58,18,E-commerce Marketplace,Australia,Yes,2
1833,Motorola,5194,1,1.4,1,8,1,64,0.7,98,10,59,1575,1691,4096,7,9,12,0,0,Apple Bionic,3737,IPS LCD,60,0,WiFi 7,5.2,Yes,No,Yes,Android,17.8,18,83.3,58.5,69.9,890.02,Premium,783.3,3.92,Business User,3.68,13128,87.0,82.1,76.8,0,104671.09,4.66,44934,39992158.68,8.25,24,Telecom Partner,Germany,Yes,1
1834,Vivo,6895,1,1.2,1,7,1,64,0.6,229,8,25,1569,1059,6144,6,11,2,1,0,MediaTek Dimensity,3826,IPS LCD,90,1,WiFi 6E,5.3,No,Yes,Yes,Android,18.3,120,83.5,51.4,56.1,1462.34,Flagship,1240.12,9.71,General User,4.33,1109,76.9,100.0,73.4,10,48133.23,2.99,26275,34580685.15,8.45,12,E-commerce Marketplace,Australia,No,1
1835,OnePlus,5769,0,2.8,1,8,1,256,0.5,144,8,95,213,1562,6144,16,10,13,0,0,Snapdragon,4866,LCD,144,1,WiFi 6E,5.3,No,Yes,Yes,Android,18.3,45,84.5,98.6,87.3,1920.74,Flagship,1767.69,9.57,Business User,5.0,984,100.0,100.0,74.1,10,77763.18,7.64,37324,64520729.78,7.92,24,Online Store,USA,Yes,1
1836,Apple,5289,1,2.9,1,9,1,128,0.5,238,10,47,729,635,4096,12,4,6,0,1,Snapdragon,4594,IPS LCD,144,1,WiFi 6,5.4,Yes,Yes,No,iOS,18.8,33,81.0,74.8,81.1,1762.98,Flagship,1679.49,8.25,Business User,5.0,1333,92.5,100.0,75.8,15,358859.3,8.38,54583,81794426.74,5.87,24,Telecom Partner,UK,Yes,1
1837,Samsung,6422,0,0.9,0,31,1,16,0.2,104,8,51,859,2137,8192,14,3,16,0,0,Snapdragon,4345,AMOLED,60,1,WiFi 6,5.2,Yes,Yes,Yes,Android,15.1,120,93.1,57.7,74.1,1593.02,Flagship,1343.84,15.8,Business User,4.85,27806,100.0,100.0,87.4,15,9003.92,0.5,23622,31985770.67,6.49,18,Online Store,Germany,No,1
1838,Oppo,4496,1,2.3,0,28,1,32,0.5,167,10,79,258,2302,6144,19,5,13,0,1,Exynos,5091,OLED,60,1,WiFi 6,5.3,No,Yes,Yes,Android,17.1,33,83.3,62.8,89.3,1272.74,Flagship,1188.26,8.73,Student,3.77,577,77.4,78.0,68.2,0,31541.14,11.25,48797,62105893.78,4.01,36,E-commerce Marketplace,UK,Yes,0
1839,Vivo,2604,1,2.5,1,1,1,128,0.9,170,6,10,503,537,6144,17,10,4,1,0,Exynos,4686,LCD,60,1,WiFi 6,5.0,Yes,Yes,Yes,Android,15.9,120,87.6,33.5,64.7,1224.95,Flagship,1427.36,1.87,General User,3.76,6194,81.9,55.5,53.2,20,41110.58,10.21,29072,28489397.12,4.36,36,Online Store,UAE,No,0
1840,Oppo,6676,0,3.0,1,9,1,128,0.4,228,10,100,637,894,6144,15,0,10,1,0,Snapdragon,5102,Super AMOLED,120,0,WiFi 6E,5.4,Yes,Yes,Yes,Android,14.0,45,86.2,100.0,85.5,1412.13,Flagship,1495.09,5.96,General User,4.34,59830,85.4,94.8,63.9,0,34859.9,10.36,51706,73015593.78,6.78,24,Telecom Partner,India,Yes,1
1841,Motorola,2855,1,2.6,1,0,1,64,0.1,195,4,18,1251,1461,4096,8,4,8,0,1,Snapdragon,3128,AMOLED,60,1,WiFi 6E,5.3,Yes,Yes,Yes,Android,15.4,80,83.1,24.6,72.7,1024.07,Premium,1150.34,11.65,Student,4.71,2307,92.3,91.6,51.7,0,20202.55,5.28,20899,21402038.93,4.19,24,Online Store,Singapore,No,0
1842,Xiaomi,2749,1,0.9,1,18,1,512,0.5,227,6,104,221,1471,4096,5,2,19,1,1,Apple Bionic,2648,OLED,144,1,WiFi 6E,5.3,Yes,Yes,Yes,Android,17.8,25,87.7,85.3,72.8,2039.78,Flagship,2304.19,0.1,General User,4.67,1851,84.5,71.5,62.4,20,9441.9,10.56,34386,56111900.06,5.17,24,Online Store,Australia,No,0
1843,Vivo,3471,1,2.9,0,7,1,256,0.3,137,4,39,1357,729,6144,6,3,20,0,0,Apple Bionic,4513,IPS LCD,120,0,WiFi 6,5.2,No,No,Yes,Android,16.4,120,84.3,69.5,71.7,1579.77,Flagship,1440.67,6.31,Gamer,4.57,315,100.0,62.4,64.1,10,189626.35,3.37,25905,36831547.67,3.02,18,Online Store,USA,No,0
1844,Xiaomi,3841,0,1.6,1,14,1,256,0.8,159,4,29,221,1145,2048,16,9,19,0,0,Exynos,2723,LCD,120,0,WiFi 5,5.0,Yes,Yes,Yes,Android,18.6,18,100.0,57.2,60.9,1027.76,Premium,1075.74,8.66,General User,3.94,2316,88.8,96.0,74.2,10,16706.09,4.79,32676,30224777.18,6.26,36,E-commerce Marketplace,Germany,No,0
1845,Samsung,2603,0,0.8,1,28,1,128,0.4,194,4,97,388,1036,12288,19,11,16,0,1,MediaTek Dimensity,4405,OLED,120,1,WiFi 5,5.3,Yes,Yes,Yes,Android,14.7,33,82.2,100.0,89.7,1874.55,Flagship,1851.95,11.4,Student,4.48,542,93.6,91.7,67.3,5,39102.05,4.44,31863,56742347.32,4.35,12,E-commerce Marketplace,Australia,No,2
1846,Realme,4922,1,1.0,1,13,1,256,0.8,239,4,31,1399,1504,4096,11,2,19,0,1,Apple Bionic,2742,AMOLED,144,1,WiFi 5,5.3,No,Yes,Yes,Android,15.2,120,78.6,52.3,91.6,1592.4,Flagship,1779.22,0.1,Professional,4.95,391,100.0,100.0,79.9,10,123771.42,10.05,36551,52383431.16,5.54,24,E-commerce Marketplace,Singapore,Yes,1
1847,Apple,6609,0,2.7,0,19,1,128,0.5,180,4,67,273,751,6144,8,2,2,0,0,MediaTek Dimensity,4291,IPS LCD,60,1,WiFi 7,5.4,No,Yes,Yes,iOS,17.1,80,92.0,53.9,71.9,1677.88,Flagship,1465.9,19.46,Student,4.21,1863,89.0,100.0,86.1,10,110220.51,0.1,33770,50995806.84,0.5,36,Retail Store,Australia,No,1
1848,Xiaomi,2980,0,1.9,0,21,1,256,0.6,131,4,12,1730,705,8192,19,11,17,1,1,Exynos,5120,Super AMOLED,120,1,WiFi 6,5.3,Yes,Yes,Yes,Android,14.5,33,93.4,41.2,76.3,1500.81,Flagship,1584.51,4.38,Student,4.45,7430,88.6,77.5,69.9,25,13383.76,11.66,46670,52532102.03,5.43,12,Retail Store,Singapore,Yes,0
1849,OnePlus,5389,1,1.4,0,6,1,128,0.5,160,10,49,2083,1185,16384,10,6,14,1,0,Exynos,8485,AMOLED,120,1,WiFi 6,5.4,No,Yes,Yes,Android,12.9,18,83.9,51.2,95.4,2045.06,Flagship,1986.66,7.96,Business User,4.28,14415,87.1,82.8,51.4,10,59305.46,8.61,29272,53876696.69,10.29,12,Retail Store,UK,No,2
1850,Xiaomi,3458,0,2.7,0,5,1,32,0.1,233,6,35,1192,658,6144,19,1,18,1,0,Snapdragon,4261,LCD,120,0,WiFi 6,5.0,Yes,Yes,Yes,Android,14.5,80,87.2,44.9,81.7,1078.71,Premium,1131.44,6.1,Professional,3.83,1583,92.3,91.4,62.5,15,39772.8,3.67,33742,30938157.9,2.95,36,Retail Store,UAE,No,0
1851,Xiaomi,4804,0,2.5,0,25,1,128,0.2,181,6,19,1953,907,6144,5,3,17,1,1,Snapdragon,4415,Super AMOLED,60,1,WiFi 6,5.4,Yes,No,Yes,Android,18.1,45,100.0,34.6,62.9,1254.18,Flagship,1176.62,2.73,Student,3.91,995,84.9,71.8,47.0,5,125526.18,12.27,34139,40675628.47,5.28,36,Telecom Partner,USA,No,0
1852,Apple,4276,0,2.2,1,10,1,128,0.2,173,8,30,1214,1863,6144,13,3,16,0,1,Apple Bionic,5024,IPS LCD,144,0,WiFi 6,5.4,Yes,Yes,Yes,iOS,18.3,80,83.9,58.5,92.0,1918.15,Flagship,2175.83,11.77,Gamer,4.2,397,86.3,100.0,70.8,20,46944.03,2.04,31559,48427916.68,4.73,36,Retail Store,Germany,No,0
1853,Xiaomi,3566,0,1.2,1,17,1,256,0.2,155,8,97,1953,921,4096,18,0,18,0,1,Apple Bionic,3132,LCD,90,1,WiFi 5,5.3,No,No,No,Android,14.5,120,81.9,100.0,80.5,1657.06,Flagship,1952.61,2.29,Professional,5.0,1576,100.0,75.5,75.4,15,57350.4,9.16,41143,57949956.64,12.4,18,Online Store,Singapore,Yes,0
1854,Xiaomi,4323,0,1.3,1,14,1,128,0.9,152,8,61,1635,907,4096,16,0,11,1,0,Apple Bionic,3339,IPS LCD,144,1,WiFi 7,5.4,No,No,Yes,Android,17.0,25,91.3,71.3,73.9,1629.49,Flagship,1677.34,7.89,General User,5.0,6703,100.0,63.8,62.3,20,27740.11,8.28,36438,47500285.3,0.5,24,Telecom Partner,UK,Yes,0
1855,Oppo,3325,0,1.6,0,0,1,128,1.0,231,10,19,483,1505,4096,11,6,15,0,1,MediaTek Dimensity,4525,AMOLED,120,0,WiFi 6,5.2,Yes,Yes,Yes,Android,14.3,120,88.8,39.3,93.4,1368.79,Flagship,1307.4,5.35,Professional,3.88,467,78.6,100.0,80.3,20,137553.74,3.62,43815,47978827.08,7.18,18,Retail Store,UAE,Yes,0
1856,Google,4717,0,1.4,1,17,1,512,0.6,130,10,97,1894,1217,8192,18,4,13,0,1,Apple Bionic,4946,OLED,90,0,WiFi 6E,5.2,Yes,Yes,No,Android,12.2,80,96.5,83.3,78.7,1913.2,Flagship,1961.44,3.8,Student,4.37,596,90.8,84.0,79.8,0,70530.7,9.69,34898,66766853.6,7.38,12,Retail Store,Singapore,No,2
1857,OnePlus,5881,0,2.4,0,32,1,512,0.4,92,10,5,1051,2036,16384,11,3,10,1,1,Exynos,8632,OLED,90,1,WiFi 6,5.0,No,Yes,No,Android,18.6,120,93.0,25.3,80.7,2500.0,Flagship,2396.15,6.54,Business User,3.53,2176,69.5,59.9,42.7,0,170011.66,9.82,36914,92285000.0,2.06,36,Online Store,UK,Yes,2
1858,Samsung,6356,1,1.1,0,5,1,256,0.3,209,4,54,1269,2000,6144,11,10,19,1,0,Exynos,2507,IPS LCD,120,0,WiFi 6,5.2,Yes,Yes,Yes,Android,15.1,65,81.3,60.0,71.2,1496.77,Flagship,1520.77,20.65,Professional,3.33,3021,78.5,80.4,43.0,0,63339.54,4.02,37737,56483609.49,10.16,18,Online Store,Australia,Yes,1
1859,Motorola,6802,1,2.3,0,10,1,512,0.5,226,4,98,1196,855,6144,12,7,5,0,1,Exynos,4233,OLED,120,1,WiFi 5,5.3,No,Yes,Yes,Android,12.6,80,64.6,88.6,91.2,2054.32,Flagship,2368.74,2.07,Gamer,4.66,709,95.2,60.3,71.5,25,106448.88,4.12,41311,63649510.14,6.14,18,Retail Store,India,Yes,1
1860,OnePlus,5354,0,1.3,1,30,1,128,0.7,172,8,73,1593,1685,6144,12,2,19,0,0,MediaTek Dimensity,3600,IPS LCD,144,1,WiFi 6,5.4,Yes,No,Yes,Android,14.8,33,89.5,75.7,78.2,1513.37,Flagship,1400.41,5.46,Professional,4.42,774,90.9,86.5,70.8,15,44582.72,3.72,39696,51063525.19,6.4,12,Retail Store,UAE,Yes,1
1861,Motorola,5596,0,1.6,1,14,1,128,0.2,191,8,100,618,2109,8192,7,11,16,0,1,Exynos,5112,AMOLED,144,0,WiFi 5,5.4,Yes,No,Yes,Android,14.7,25,78.4,97.6,95.9,1349.61,Flagship,1559.1,9.03,Student,4.29,5642,92.0,100.0,56.6,10,15692.02,2.9,13349,16214349.5,1.16,12,Telecom Partner,Singapore,No,1
1862,Realme,5298,0,3.4,0,12,1,64,0.7,139,10,64,1518,669,12288,19,5,6,0,1,Exynos,7448,LCD,90,1,WiFi 6,5.2,Yes,Yes,No,Android,16.1,25,86.4,80.6,65.5,1704.79,Flagship,1701.95,2.49,Professional,4.31,3600,85.4,75.0,50.9,20,119355.93,6.04,32340,44106326.88,2.16,36,Retail Store,Singapore,No,2
1863,Apple,6087,1,1.9,1,3,1,128,0.3,85,6,76,1999,2044,8192,6,5,10,0,0,Snapdragon,4921,AMOLED,60,1,WiFi 5,5.2,Yes,Yes,Yes,iOS,16.8,25,97.0,86.8,86.3,2052.35,Flagship,1818.9,17.28,Gamer,5.0,762,100.0,100.0,69.6,0,28472.86,2.71,24163,49590933.05,4.6,24,Online Store,Germany,No,2
1864,OnePlus,2864,0,2.3,0,14,1,64,0.2,187,6,70,2127,986,8192,17,3,10,1,0,Exynos,4480,OLED,120,1,WiFi 6,5.2,Yes,Yes,No,Android,18.7,25,87.1,85.9,64.4,1505.7,Flagship,1617.78,11.2,General User,4.55,3261,85.4,96.7,83.4,15,1000000.0,16.53,112109,143482143.1,5.41,12,Retail Store,Australia,Yes,0
1865,Samsung,6169,1,2.4,0,24,1,64,0.6,150,8,29,1997,1797,12288,17,9,18,1,1,Exynos,7930,AMOLED,60,0,WiFi 6,5.2,Yes,Yes,No,Android,13.1,120,90.3,62.8,91.9,1764.26,Flagship,1708.36,9.51,General User,5.0,4359,100.0,65.0,79.1,0,9416.42,4.52,29253,51609897.78,5.2,36,E-commerce Marketplace,Singapore,No,2
1866,Samsung,4627,1,2.3,1,11,1,128,0.9,137,10,97,515,2200,4096,7,5,9,1,1,Exynos,4396,Super AMOLED,144,1,WiFi 6,5.0,No,Yes,Yes,Android,18.3,18,84.0,74.4,100.0,1509.19,Flagship,1627.23,9.68,Gamer,5.0,986,100.0,79.6,61.8,20,72889.06,6.42,42134,50870569.17,2.18,12,E-commerce Marketplace,USA,Yes,0
1867,Samsung,4889,1,1.3,0,32,1,128,0.4,226,10,33,1854,1469,6144,16,9,19,0,1,MediaTek Dimensity,3864,OLED,60,1,WiFi 6,5.2,Yes,Yes,No,Android,16.1,120,80.9,72.1,77.7,1440.15,Flagship,1546.16,18.77,General User,4.45,457,87.6,75.9,67.9,5,80956.25,10.59,46116,63093259.53,6.44,12,Retail Store,UAE,Yes,1
1868,Apple,3671,1,1.8,0,0,1,512,0.3,218,4,35,1755,1977,8192,17,3,12,0,0,Exynos,4687,AMOLED,144,1,WiFi 6,5.0,Yes,Yes,Yes,iOS,19.7,80,84.4,44.1,65.4,2500.0,Flagship,2523.7,20.23,Student,3.92,300,84.7,96.0,87.0,5,50680.67,7.3,33047,78486625.0,5.87,12,Telecom Partner,Germany,No,2
1869,Xiaomi,6073,0,1.6,1,0,1,256,0.4,194,4,97,2067,1303,6144,18,6,17,1,1,Exynos,3436,LCD,60,1,WiFi 5,5.1,Yes,Yes,Yes,Android,15.0,25,89.8,73.7,77.1,1447.55,Flagship,1439.03,7.41,General User,4.25,1915,80.0,100.0,55.7,20,164521.83,7.49,32627,37783371.08,1.57,36,Online Store,Australia,No,1
1870,Samsung,5588,1,2.3,0,14,1,128,0.4,151,6,41,1755,1250,3072,17,9,14,0,1,Snapdragon,2959,Super AMOLED,144,1,WiFi 6,5.1,No,Yes,Yes,Android,14.1,18,75.6,62.5,84.8,1313.69,Flagship,1220.35,15.56,Gamer,4.42,470,85.2,87.0,72.0,15,41507.72,7.43,25579,28562445.03,3.53,12,Online Store,Singapore,No,1
1871,Apple,5529,0,3.1,1,26,1,512,0.4,102,6,86,678,1925,2048,9,2,9,1,0,MediaTek Dimensity,3610,Super AMOLED,90,1,WiFi 6,5.4,Yes,No,Yes,iOS,16.5,33,87.5,91.6,84.6,2294.63,Flagship,2259.01,22.74,Gamer,4.31,352,83.4,73.2,59.8,0,29440.4,7.72,28301,64940323.63,7.49,18,E-commerce Marketplace,Germany,No,1
1872,Realme,4823,1,2.8,0,32,1,32,0.5,182,8,36,1785,897,6144,14,8,15,0,0,Google Tensor,5596,OLED,90,1,WiFi 5,5.2,Yes,Yes,Yes,Android,16.1,33,96.9,41.9,76.8,1120.73,Premium,965.77,8.25,Gamer,4.06,146,92.9,91.0,82.7,20,93635.95,3.96,40392,36214820.93,3.27,18,Telecom Partner,Germany,Yes,0
1873,Xiaomi,4931,0,2.5,0,29,1,128,0.8,131,4,27,456,775,4096,19,4,11,0,0,Apple Bionic,3038,Super AMOLED,60,1,WiFi 6E,5.0,Yes,Yes,Yes,Android,16.7,80,82.5,49.9,83.2,1156.48,Premium,997.83,2.98,Gamer,4.49,1550,92.6,89.6,76.9,5,115214.08,4.78,45026,49468085.06,5.2,12,E-commerce Marketplace,India,Yes,1
1874,Google,5337,0,1.0,1,1,1,128,0.3,96,10,45,2045,1308,12288,19,11,19,0,1,Google Tensor,6676,AMOLED,60,1,WiFi 5,5.4,No,Yes,Yes,Android,14.1,120,100.0,65.5,84.4,1727.28,Flagship,1807.45,3.26,General User,5.0,7112,100.0,94.9,100.0,0,184023.24,7.83,57845,99914511.6,0.69,36,Retail Store,Germany,Yes,2
1875,Vivo,2503,1,1.5,1,12,1,32,0.7,231,4,74,429,2169,12288,13,10,4,0,0,Exynos,5390,IPS LCD,60,1,WiFi 7,5.1,Yes,Yes,No,Android,17.2,80,89.3,64.4,77.9,1789.05,Flagship,1584.13,7.87,Gamer,4.52,301,100.0,100.0,74.9,10,26009.38,7.51,25053,40338962.68,7.91,12,Online Store,Germany,No,2
1876,OnePlus,4152,0,3.1,1,4,1,64,0.4,137,4,43,586,1623,12288,7,3,16,1,0,Snapdragon,5984,AMOLED,90,1,WiFi 6,5.3,No,Yes,Yes,Android,16.3,120,76.8,75.8,81.0,1805.04,Flagship,2100.31,2.15,Professional,4.49,1843,94.8,100.0,83.5,15,19791.67,3.56,43271,66390002.96,5.09,36,Online Store,USA,Yes,2
1877,Google,3261,1,2.6,0,20,1,128,0.3,195,10,82,965,1537,12288,11,4,2,1,1,Apple Bionic,7055,AMOLED,60,0,WiFi 6,5.3,No,No,Yes,Android,13.8,45,91.1,88.0,97.6,1737.48,Flagship,1587.51,3.57,Student,5.0,1454,100.0,100.0,62.5,0,48447.43,2.06,32772,56940694.56,0.5,12,E-commerce Marketplace,UK,No,2
1878,OnePlus,6916,1,2.5,0,30,1,512,0.1,192,8,20,615,1291,8192,6,10,5,1,0,Google Tensor,5679,Super AMOLED,60,1,WiFi 5,5.1,No,Yes,Yes,Android,16.6,18,92.2,63.1,76.0,2082.06,Flagship,2069.8,6.68,Business User,4.96,2156,100.0,96.9,94.3,15,141403.59,8.66,48622,86048833.12,4.9,12,Telecom Partner,UAE,Yes,2
1879,Xiaomi,3549,0,3.3,0,21,1,128,0.6,115,6,88,1768,1692,4096,14,5,11,1,0,Apple Bionic,4568,LCD,120,0,WiFi 6,5.0,Yes,No,No,Android,13.6,65,90.5,59.5,84.8,1236.87,Flagship,1221.79,17.13,Gamer,3.99,852,72.7,74.5,66.2,15,108777.61,9.54,42011,44167823.73,7.6,36,Telecom Partner,UK,Yes,0
1880,Oppo,4976,1,2.4,0,15,1,64,0.6,177,10,108,1186,780,4096,11,10,7,1,0,Snapdragon,4177,OLED,60,1,WiFi 6,5.0,Yes,Yes,Yes,Android,16.5,65,93.3,91.6,94.9,1317.79,Flagship,1167.31,7.78,Professional,4.86,983,94.7,92.4,80.6,0,49438.12,7.64,39037,51442568.23,4.76,12,Telecom Partner,India,Yes,1
1881,Apple,4419,1,1.2,1,27,1,128,0.3,141,10,93,1656,616,4096,19,10,6,0,0,Apple Bionic,3986,LCD,144,1,WiFi 6,5.1,Yes,Yes,No,iOS,16.6,25,94.9,96.9,79.8,1885.1,Flagship,1699.91,16.13,Professional,5.0,807,97.9,100.0,98.5,10,89811.38,10.55,56097,95173609.23,0.5,18,E-commerce Marketplace,UK,Yes,0
1882,Apple,2828,0,2.0,0,31,1,128,0.3,185,8,10,925,1318,6144,12,6,8,1,0,Exynos,4490,OLED,120,1,WiFi 6,5.1,No,Yes,Yes,iOS,18.9,25,86.5,22.2,88.7,1519.03,Flagship,1700.64,11.26,Gamer,3.69,1353,76.1,88.8,50.6,10,69207.71,7.0,25884,35386715.27,5.03,36,Online Store,Singapore,No,0
1883,OnePlus,3940,1,2.5,1,10,1,64,0.3,193,4,69,562,1774,12288,16,5,7,0,1,Exynos,6433,IPS LCD,144,1,WiFi 6,5.1,Yes,Yes,Yes,Android,15.2,65,91.6,73.3,71.5,1570.84,Flagship,1423.84,8.65,Student,4.59,4373,100.0,78.5,68.9,10,51661.55,5.04,39155,55355616.18,0.84,12,Retail Store,UAE,Yes,2
1884,Motorola,2663,1,1.5,0,27,1,512,0.1,208,4,19,1298,1489,4096,7,8,20,0,1,Google Tensor,3607,IPS LCD,144,1,WiFi 5,5.1,No,Yes,Yes,Android,17.4,25,92.2,47.6,79.5,1712.13,Flagship,1947.98,11.11,Student,4.92,778,100.0,90.4,85.9,20,19770.52,2.59,35810,49049100.24,0.5,12,E-commerce Marketplace,UK,Yes,0
1885,Realme,3463,0,2.4,1,2,1,256,0.6,163,8,52,1036,2089,6144,10,11,15,1,0,Google Tensor,4889,LCD,90,1,WiFi 7,5.4,No,Yes,Yes,Android,12.9,18,83.7,62.6,75.8,1756.59,Flagship,1522.32,12.49,General User,4.36,1816,99.5,92.0,60.7,10,75898.34,8.49,43962,69500888.62,6.46,24,Telecom Partner,Australia,Yes,0
1886,OnePlus,5848,1,2.7,0,20,1,256,0.5,98,4,34,1847,1476,6144,10,10,4,1,1,MediaTek Dimensity,4736,LCD,90,1,WiFi 5,5.0,Yes,Yes,Yes,Android,16.2,65,86.0,50.4,79.7,1289.58,Flagship,1197.95,0.1,Gamer,3.85,867,74.0,76.9,75.5,15,28310.63,2.59,29271,32085201.75,5.09,12,Online Store,Germany,No,1
1887,OnePlus,6203,0,2.6,1,11,1,64,0.8,220,6,78,681,1726,6144,5,6,13,1,0,Apple Bionic,3984,OLED,144,1,WiFi 5,5.1,Yes,Yes,Yes,Android,16.3,18,91.2,74.1,89.6,1302.8,Flagship,1285.61,7.14,Business User,5.0,2173,100.0,89.2,100.0,10,218832.21,8.18,52753,61853947.56,8.6,12,E-commerce Marketplace,UAE,Yes,1
1888,Google,3420,1,1.2,1,32,1,512,0.2,180,4,93,744,1598,4096,18,3,3,0,1,Apple Bionic,2964,Super AMOLED,90,1,WiFi 6,5.4,Yes,Yes,Yes,Android,13.7,65,90.2,86.1,88.8,1949.1,Flagship,1865.61,6.03,Business User,4.71,3312,92.0,93.8,80.9,10,15770.72,2.65,32325,56704191.75,3.33,24,Online Store,Australia,No,0
1889,Xiaomi,6186,0,1.0,0,10,1,64,0.6,212,8,107,157,2085,12288,15,0,11,0,1,Apple Bionic,5940,IPS LCD,90,1,WiFi 6,5.1,Yes,Yes,Yes,Android,12.2,120,76.3,89.9,85.7,1751.7,Flagship,1931.98,1.01,Professional,4.72,810,87.7,100.0,77.0,0,27754.98,10.02,49955,87506173.5,5.74,36,Online Store,Singapore,Yes,2
1890,OnePlus,5805,0,3.3,0,19,1,64,0.5,182,6,14,1605,1188,6144,10,0,10,0,0,MediaTek Dimensity,3902,AMOLED,60,1,WiFi 6,5.3,Yes,No,Yes,Android,18.8,45,87.2,20.0,71.5,1248.8,Flagship,1381.99,6.73,Business User,3.68,901,69.9,83.0,67.8,20,214193.89,3.25,40390,40351225.6,11.74,18,Online Store,USA,Yes,1
1891,Xiaomi,5299,1,2.2,1,9,1,16,0.5,99,6,67,856,1790,4096,6,9,4,0,0,Snapdragon,2934,AMOLED,120,1,WiFi 6,5.2,Yes,Yes,Yes,Android,16.7,33,89.2,78.1,100.0,1049.01,Premium,1028.08,12.12,Student,5.0,194,100.0,96.9,77.7,10,77499.5,8.61,42700,40313454.3,4.03,36,Online Store,UK,Yes,1
1892,OnePlus,6090,1,3.2,0,15,1,256,0.8,107,6,94,1653,1746,8192,19,10,13,1,0,Exynos,5862,IPS LCD,60,0,WiFi 6,5.2,Yes,Yes,No,Android,12.6,80,84.4,89.6,70.5,1747.39,Flagship,1640.47,6.64,Gamer,5.0,4715,93.8,74.5,67.1,0,111526.08,8.16,40503,70774537.17,6.07,12,Telecom Partner,India,Yes,1
1893,OnePlus,5815,1,2.1,1,9,1,128,0.8,191,4,91,501,635,8192,17,3,7,1,1,MediaTek Dimensity,4940,AMOLED,120,1,WiFi 6,5.2,No,Yes,Yes,Android,15.9,65,87.1,73.1,100.0,1558.09,Flagship,1534.33,10.33,General User,4.95,583,100.0,83.6,79.1,0,155370.54,4.62,36350,56636571.5,5.86,12,Online Store,UAE,Yes,1
1894,Apple,2752,1,1.2,0,24,1,64,0.3,110,6,18,1219,2115,3072,6,9,4,0,1,MediaTek Dimensity,3084,AMOLED,90,1,WiFi 6,5.1,Yes,Yes,Yes,iOS,18.5,80,83.5,31.6,62.7,1479.38,Flagship,1241.74,19.01,Student,3.85,1594,83.3,99.9,65.2,15,52175.22,9.23,32650,41056493.45,7.6,36,Retail Store,USA,No,0
1895,Samsung,4076,0,3.1,0,15,1,128,0.3,153,10,99,1775,590,8192,13,3,2,1,0,Google Tensor,6108,IPS LCD,144,1,WiFi 5,5.2,No,Yes,Yes,Android,13.8,120,80.8,86.0,85.4,1736.71,Flagship,1748.95,15.88,Gamer,4.45,343,92.8,92.8,58.2,15,47837.07,6.85,30136,44486868.68,4.17,36,Retail Store,Germany,No,0
1896,Vivo,4167,0,2.0,1,15,1,512,0.7,150,6,10,809,579,4096,10,5,19,0,1,MediaTek Dimensity,3508,OLED,120,1,WiFi 6,5.3,Yes,Yes,Yes,Android,13.2,25,85.0,32.4,79.6,1697.47,Flagship,1502.34,7.6,Student,4.38,1786,92.7,56.2,50.5,10,462816.25,9.64,47774,72985438.6,0.5,18,Telecom Partner,UK,Yes,0
1897,Google,5961,0,2.5,1,1,1,512,0.7,156,10,25,1680,1830,3072,12,6,14,1,0,Apple Bionic,4154,Super AMOLED,120,1,WiFi 6,5.4,Yes,Yes,Yes,Android,15.9,80,90.5,61.0,82.9,1754.77,Flagship,1725.48,7.71,Gamer,4.92,4315,100.0,93.8,70.5,10,120786.84,1.51,24824,39204369.43,1.74,36,E-commerce Marketplace,Germany,No,1
1898,Vivo,5378,0,2.9,1,24,1,256,0.5,128,10,50,1514,2196,8192,13,8,19,0,1,MediaTek Dimensity,6004,Super AMOLED,60,1,WiFi 6,5.0,Yes,Yes,Yes,Android,18.9,45,94.6,58.1,91.0,1709.67,Flagship,1891.24,2.58,General User,4.55,909,85.0,93.4,84.8,0,13859.94,10.31,45797,78297756.99,0.5,24,Online Store,USA,Yes,1
1899,Motorola,3674,1,2.0,0,23,1,256,0.7,218,4,40,1638,969,4096,17,5,6,1,1,Exynos,2924,OLED,120,1,WiFi 5,5.1,No,Yes,Yes,Android,12.4,45,79.1,51.5,68.0,1350.49,Flagship,1480.18,6.54,Gamer,3.59,2058,76.3,100.0,74.8,20,64896.13,5.98,35786,38662908.11,5.39,12,Telecom Partner,Australia,Yes,0
1900,Apple,2511,0,1.8,0,19,1,256,0.2,134,6,50,312,1940,3072,12,3,9,1,1,Exynos,2622,LCD,60,1,WiFi 6E,5.4,Yes,Yes,Yes,iOS,18.6,18,75.7,60.5,68.2,1797.47,Flagship,2076.54,13.06,Business User,4.53,1958,96.8,93.1,74.0,0,7512.32,6.49,32987,59293142.89,0.86,36,E-commerce Marketplace,UAE,No,0
1901,Xiaomi,4275,1,1.5,0,21,1,128,0.3,173,6,52,782,1006,6144,18,6,6,0,1,Exynos,3724,IPS LCD,60,1,WiFi 7,5.0,Yes,No,No,Android,12.1,65,100.0,87.8,84.5,1372.88,Flagship,1252.01,0.1,Professional,4.86,202,100.0,67.8,99.6,10,5000.0,4.48,39729,49088834.57,7.93,18,Retail Store,India,Yes,0
1902,Realme,4390,0,0.9,1,7,1,32,0.2,172,4,53,974,1062,4096,16,6,10,1,0,Apple Bionic,1842,LCD,120,1,WiFi 5,5.2,Yes,No,Yes,Android,13.0,120,79.1,47.0,90.6,1280.32,Flagship,1471.5,4.37,Business User,3.75,3360,73.5,84.8,79.7,15,36748.52,4.98,28189,30677299.41,7.89,36,Telecom Partner,Australia,No,0
1903,Xiaomi,2569,0,2.3,0,18,1,256,0.6,148,8,16,1582,2118,8192,10,6,3,1,0,Apple Bionic,5651,Super AMOLED,120,1,WiFi 7,5.4,No,Yes,Yes,Android,14.1,120,77.6,51.4,78.1,1599.8,Flagship,1688.7,12.44,Business User,4.05,5434,78.6,67.8,68.9,0,35187.58,4.75,46837,74929832.6,4.22,36,Telecom Partner,India,Yes,0
1904,Oppo,6572,1,3.4,1,27,1,32,0.3,151,6,6,1378,1006,8192,6,5,12,1,0,Apple Bionic,5953,AMOLED,120,0,WiFi 5,5.3,Yes,No,Yes,Android,12.3,120,92.3,44.5,78.5,1257.98,Flagship,1208.13,1.8,Student,4.04,842,79.1,83.8,78.5,10,43366.44,2.94,29512,33412955.18,9.54,18,Retail Store,UK,No,1
1905,Vivo,4421,1,2.7,1,2,1,256,0.4,192,8,87,1616,1641,3072,6,11,12,1,0,Google Tensor,3638,Super AMOLED,144,1,WiFi 6,5.4,No,Yes,Yes,Android,15.7,18,99.9,100.0,79.9,1725.18,Flagship,1505.54,7.12,Gamer,5.0,147,95.6,94.8,75.6,5,53812.6,4.68,43079,70603077.76,8.92,18,E-commerce Marketplace,Singapore,Yes,0
1906,Apple,3893,1,3.2,0,9,0,64,0.8,117,8,91,1708,2160,4096,8,11,15,0,1,MediaTek Dimensity,4787,AMOLED,144,1,WiFi 5,5.0,Yes,No,Yes,iOS,19.4,33,92.9,82.4,76.7,1842.88,Flagship,2098.68,13.81,Business User,4.37,7577,85.5,100.0,73.5,0,20360.16,7.09,34954,64416027.52,8.57,18,Online Store,USA,No,0
1907,Vivo,4331,0,3.3,0,6,1,64,0.2,140,6,11,1576,613,6144,5,4,19,0,0,MediaTek Dimensity,4623,OLED,120,0,WiFi 5,5.2,No,Yes,No,Android,18.5,45,77.3,23.9,81.2,1118.3,Premium,1055.35,6.68,General User,3.68,866,75.8,86.0,46.5,10,30587.9,7.46,30233,30428607.51,10.64,36,Online Store,Australia,No,0
1908,Oppo,3871,0,3.3,0,19,1,512,0.5,132,4,62,695,1012,6144,18,11,18,0,0,Snapdragon,4421,OLED,60,0,WiFi 6,5.3,Yes,Yes,Yes,Android,18.0,33,82.3,82.4,86.1,1927.13,Flagship,1988.73,8.95,General User,4.68,354,100.0,76.3,85.3,0,31083.06,8.39,40126,77328018.38,10.28,36,E-commerce Marketplace,Australia,Yes,0
1909,Motorola,2725,0,3.2,1,10,1,32,1.0,96,6,95,581,1280,8192,10,2,7,1,0,Snapdragon,5737,AMOLED,90,0,WiFi 6E,5.0,No,Yes,Yes,Android,17.3,18,85.8,79.7,79.1,1376.06,Flagship,1514.65,8.25,Gamer,4.88,2383,100.0,100.0,89.3,0,106351.39,11.5,36412,50105096.72,6.42,12,Online Store,UAE,Yes,0
1910,Google,4872,1,3.1,1,17,1,32,0.4,94,10,48,949,658,12288,8,0,3,0,0,Snapdragon,7613,Super AMOLED,60,1,WiFi 5,5.2,Yes,Yes,No,Android,12.4,45,92.0,76.8,74.0,1651.34,Flagship,1385.58,6.17,Professional,4.56,3570,87.1,70.4,61.1,5,5000.0,8.75,31677,49694022.32,1.5,24,E-commerce Marketplace,Germany,No,2
1911,Xiaomi,4067,1,3.2,1,8,1,128,0.3,200,8,41,2166,2096,8192,9,11,15,1,0,MediaTek Dimensity,5069,LCD,90,1,WiFi 7,5.0,No,Yes,Yes,Android,16.5,25,93.2,60.7,86.8,1471.33,Flagship,1278.53,9.51,Professional,3.74,2086,85.7,77.1,85.5,10,69199.06,6.8,29649,39261116.85,5.48,18,E-commerce Marketplace,Germany,No,0
1912,Xiaomi,3641,1,1.2,0,25,0,512,0.5,84,8,44,791,1129,4096,17,7,9,0,0,MediaTek Dimensity,3389,IPS LCD,120,0,WiFi 7,5.1,Yes,No,No,Android,17.0,45,86.1,49.2,71.6,1645.22,Flagship,1534.5,5.53,Professional,4.48,1642,85.3,90.8,53.5,0,128091.34,5.83,36981,60841880.82,6.83,18,Retail Store,Australia,Yes,0
1913,Samsung,5559,0,1.9,1,24,1,128,0.8,88,10,73,1099,1536,4096,15,9,11,0,0,Exynos,4644,OLED,90,1,WiFi 6E,5.0,Yes,Yes,No,Android,12.0,120,90.4,86.1,83.9,1061.95,Premium,1240.61,19.24,Student,4.67,3127,92.3,100.0,77.9,10,95785.76,5.36,24064,22999288.32,6.03,12,E-commerce Marketplace,Australia,No,1
1914,Google,4822,1,0.9,1,16,1,32,0.2,230,8,76,292,1577,8192,9,6,16,0,0,Apple Bionic,4599,OLED,144,1,WiFi 6,5.2,No,Yes,Yes,Android,15.6,80,99.9,93.8,80.5,1768.28,Flagship,1752.03,4.54,General User,5.0,850,100.0,96.0,82.4,0,140390.46,3.13,23303,41206228.84,5.88,12,E-commerce Marketplace,USA,No,2
1915,Motorola,5490,1,2.6,0,23,1,32,0.7,145,4,82,825,1855,4096,6,0,18,0,1,Exynos,3560,OLED,90,0,WiFi 6,5.0,No,Yes,No,Android,13.6,65,99.2,73.2,66.5,1156.01,Premium,1045.35,0.1,Student,4.23,2543,85.8,55.5,68.3,10,56648.27,4.61,34334,35721402.61,10.55,24,Online Store,Australia,No,1
1916,Vivo,6561,0,1.7,1,2,1,64,0.4,201,8,10,1949,588,4096,19,10,3,1,0,Snapdragon,2772,AMOLED,144,0,WiFi 6E,5.0,No,No,Yes,Android,16.1,80,84.1,52.2,85.2,1117.84,Premium,998.08,7.36,General User,4.71,1794,99.5,56.9,73.5,10,885224.73,9.16,89534,90076217.9,3.3,18,E-commerce Marketplace,Australia,Yes,1
1917,Realme,5034,0,3.2,0,11,1,256,0.9,155,6,14,871,1960,3072,16,11,16,0,0,Apple Bionic,3456,Super AMOLED,120,1,WiFi 6,5.4,Yes,Yes,Yes,Android,13.2,25,92.6,55.7,89.7,1442.57,Flagship,1561.73,6.91,Student,5.0,1420,98.3,85.7,71.8,20,73248.32,4.26,33779,38982857.62,7.61,24,Telecom Partner,UAE,No,1
1918,Samsung,5689,0,2.1,0,3,1,64,0.2,147,4,48,1024,950,3072,14,5,5,0,0,Exynos,2985,IPS LCD,90,1,WiFi 6E,5.0,Yes,No,Yes,Android,18.7,33,86.3,84.6,79.4,1207.23,Flagship,1011.59,8.25,Professional,5.0,122,100.0,87.5,65.8,0,47030.01,5.78,43515,52532613.45,2.89,24,Telecom Partner,India,Yes,1
1919,Oppo,2937,0,2.8,0,2,1,64,0.9,178,6,21,1227,1363,3072,5,3,19,1,1,MediaTek Dimensity,3241,Super AMOLED,60,1,WiFi 7,5.2,Yes,Yes,Yes,Android,17.7,45,84.2,68.8,92.8,1152.07,Premium,1205.59,1.16,Professional,5.0,1328,92.4,100.0,89.4,5,111923.72,9.32,43056,47123349.62,0.5,36,Retail Store,Singapore,Yes,0
1920,Google,3881,1,1.4,0,24,1,128,0.1,154,10,104,759,2089,6144,17,10,11,0,0,Exynos,4191,LCD,144,1,WiFi 5,5.4,Yes,Yes,Yes,Android,18.1,120,81.9,82.1,89.7,1711.82,Flagship,1717.27,9.69,Professional,5.0,558,100.0,100.0,57.9,5,57282.43,6.07,22852,37162585.11,1.22,12,Telecom Partner,India,No,0
1921,Vivo,3908,0,2.6,1,1,1,128,0.3,196,6,108,1503,1755,12288,16,8,17,1,1,Google Tensor,6333,AMOLED,60,1,WiFi 6,5.2,No,Yes,Yes,Android,17.8,45,91.2,92.4,98.9,1754.37,Flagship,1640.11,0.93,General User,3.69,500,82.9,66.7,82.3,0,32322.19,3.08,40440,70946722.8,2.0,12,Retail Store,Australia,Yes,2
1922,Samsung,2639,1,0.9,0,29,1,512,0.5,132,10,41,497,1804,8192,7,2,10,0,0,Exynos,4798,Super AMOLED,60,1,WiFi 6E,5.1,Yes,Yes,Yes,Android,17.1,33,87.9,34.4,100.0,2015.1,Flagship,1903.78,16.37,Gamer,4.5,6666,85.9,98.6,82.3,0,18450.89,5.63,38577,77736512.7,2.35,18,E-commerce Marketplace,Singapore,Yes,2
1923,Realme,5144,1,1.3,0,24,1,128,1.0,150,10,64,942,1898,6144,10,10,20,0,1,Exynos,4594,IPS LCD,144,1,WiFi 6E,5.1,Yes,Yes,No,Android,14.3,45,88.4,93.0,65.5,1309.88,Flagship,1152.54,8.89,Professional,4.24,1726,80.4,100.0,69.4,20,69821.47,7.85,47727,50013314.21,1.61,18,Retail Store,Singapore,Yes,1
1924,Vivo,3172,0,1.3,1,1,1,128,1.0,150,8,79,1208,1566,8192,15,9,3,1,1,Exynos,5277,IPS LCD,120,1,WiFi 6,5.4,Yes,No,Yes,Android,15.0,45,84.2,72.2,76.5,1477.53,Flagship,1464.96,13.77,Business User,4.56,6763,100.0,100.0,76.6,0,63716.85,8.86,44566,65847601.98,1.95,36,E-commerce Marketplace,Australia,Yes,0
1925,OnePlus,5022,1,1.0,0,4,1,128,0.9,215,6,96,1891,1803,6144,6,2,10,1,0,Google Tensor,3863,OLED,144,1,WiFi 5,5.3,Yes,Yes,Yes,Android,14.1,80,80.8,70.4,87.4,1439.47,Flagship,1223.83,1.91,Student,5.0,4702,100.0,82.6,52.7,5,26651.43,4.04,33335,45585495.83,5.15,36,E-commerce Marketplace,UAE,No,1
1926,Samsung,3642,1,3.0,1,2,0,256,0.3,130,10,9,2185,1757,6144,11,5,2,0,0,Google Tensor,5226,OLED,144,1,WiFi 7,5.4,Yes,Yes,Yes,Android,14.4,18,86.9,41.2,73.9,1422.28,Flagship,1532.48,10.57,Business User,4.66,5578,90.6,100.0,69.3,20,81592.76,0.72,21746,24743120.7,5.56,36,Telecom Partner,UK,No,0
1927,Samsung,6196,0,2.9,0,5,1,256,0.5,195,4,69,408,2082,12288,9,11,2,0,1,Exynos,6463,AMOLED,144,1,WiFi 5,5.4,Yes,Yes,Yes,Android,12.2,33,92.5,74.0,93.3,1975.31,Flagship,2195.31,14.93,Student,4.68,6071,95.8,100.0,71.3,0,30220.94,8.41,44249,87405492.19,6.03,36,E-commerce Marketplace,Singapore,Yes,2
1928,Realme,3901,1,0.9,0,9,1,64,0.7,155,10,16,660,725,6144,8,1,2,0,1,Google Tensor,4512,OLED,60,1,WiFi 7,5.4,Yes,Yes,Yes,Android,16.7,25,84.1,43.4,95.8,1311.8,Flagship,1285.04,0.1,Gamer,4.29,3090,93.6,94.1,71.9,25,42021.73,7.57,41304,40636940.4,6.59,24,Online Store,UAE,Yes,0
1929,Oppo,2550,1,2.9,1,20,1,64,0.1,153,10,56,782,1319,6144,17,5,15,1,1,MediaTek Dimensity,5263,IPS LCD,120,1,WiFi 6,5.1,Yes,Yes,Yes,Android,15.1,45,86.9,55.1,75.9,1315.22,Flagship,1247.38,5.12,Professional,3.92,1964,79.9,92.6,79.6,5,152270.56,2.98,35755,44674406.54,8.3,18,Online Store,Singapore,Yes,0
1930,Google,2828,0,2.7,1,18,1,256,0.9,184,4,44,2103,1504,3072,15,8,16,1,1,MediaTek Dimensity,3847,Super AMOLED,120,1,WiFi 6E,5.4,Yes,Yes,Yes,Android,12.6,33,87.9,39.5,78.6,1364.97,Flagship,1319.46,0.1,Gamer,4.56,131,80.6,96.6,64.8,15,18421.36,7.91,22786,26436875.46,7.33,12,Telecom Partner,USA,No,0
1931,Vivo,3202,0,1.7,0,9,1,256,0.4,185,8,73,1502,2137,8192,7,2,16,1,0,Google Tensor,5146,OLED,120,1,WiFi 5,5.2,No,Yes,No,Android,15.4,65,92.0,71.0,100.0,1766.82,Flagship,1864.68,1.71,Business User,4.83,1193,100.0,79.2,59.8,20,71183.78,8.8,28026,39613517.86,4.18,24,Online Store,Singapore,No,0
1932,Xiaomi,5836,1,3.5,1,16,1,32,0.2,92,4,30,107,856,16384,6,0,2,1,0,Google Tensor,9266,AMOLED,120,1,WiFi 5,5.1,Yes,Yes,Yes,Android,15.6,80,91.3,71.0,63.4,2039.32,Flagship,1752.46,14.53,Student,4.1,9073,82.4,87.6,55.0,15,50286.63,4.1,32087,55620311.71,4.94,12,E-commerce Marketplace,UK,No,2
1933,Apple,6277,0,1.8,1,32,1,512,0.6,222,10,63,700,1974,8192,19,8,13,1,0,Snapdragon,5738,IPS LCD,144,1,WiFi 6,5.1,Yes,Yes,Yes,iOS,17.2,120,90.2,84.4,73.7,2500.0,Flagship,2096.65,4.55,Professional,5.0,1976,100.0,74.5,83.6,5,5000.0,5.67,42556,101070500.0,0.5,18,Online Store,USA,Yes,2
1934,Motorola,4124,0,1.9,1,19,1,128,0.9,189,8,62,1229,1580,4096,6,2,2,1,1,Apple Bionic,3551,OLED,144,1,WiFi 6,5.0,Yes,Yes,Yes,Android,13.0,33,79.6,53.2,70.6,1487.76,Flagship,1446.91,3.7,Student,4.28,263,93.4,100.0,79.2,25,27431.67,4.36,27310,30473044.2,7.18,24,Online Store,UAE,No,0
1935,Apple,6607,1,2.5,1,22,1,32,0.1,187,6,34,1733,1510,6144,7,7,13,0,0,Exynos,4415,AMOLED,90,1,WiFi 6E,5.2,No,Yes,Yes,iOS,18.7,25,89.0,92.6,81.6,1886.57,Flagship,1994.36,15.83,Business User,3.83,1204,68.6,92.6,59.1,15,60122.65,6.23,37812,60634737.11,5.33,36,Online Store,Germany,Yes,1
1936,OnePlus,6505,1,1.2,1,31,1,64,0.8,98,6,18,1223,1095,8192,19,1,19,1,1,Google Tensor,3911,AMOLED,60,1,WiFi 6E,5.2,No,No,Yes,Android,15.2,65,93.7,60.3,100.0,1310.14,Flagship,1110.21,3.3,General User,4.93,5561,95.7,61.5,92.4,10,9872.56,6.04,39270,46304278.02,6.5,24,Online Store,UAE,Yes,1
1937,Vivo,3480,0,1.4,1,28,1,128,0.6,110,6,102,126,1936,6144,19,2,16,1,1,Exynos,3565,OLED,144,1,WiFi 6,5.3,Yes,Yes,Yes,Android,18.0,45,100.0,56.1,67.1,1460.09,Flagship,1668.67,8.53,Student,4.05,834,92.3,96.9,59.6,0,105181.61,4.78,48648,71030458.32,16.22,18,Telecom Partner,India,Yes,0
1938,Xiaomi,6933,1,0.9,1,9,1,256,0.7,96,4,91,273,606,12288,12,8,3,1,0,MediaTek Dimensity,5243,OLED,60,1,WiFi 6,5.4,Yes,Yes,Yes,Android,14.4,120,96.1,99.4,76.7,2038.85,Flagship,1901.75,5.94,Gamer,4.48,6094,96.3,86.3,85.8,0,28710.96,6.55,44228,90174257.8,8.23,18,Retail Store,UAE,Yes,2
1939,Realme,6926,0,3.5,0,32,1,32,0.3,200,8,89,652,1095,6144,12,10,11,0,1,MediaTek Dimensity,5248,LCD,144,0,WiFi 6,5.4,Yes,No,Yes,Android,15.8,45,93.7,87.9,54.0,1349.7,Flagship,1371.02,4.43,Gamer,4.56,1332,90.6,72.6,73.6,5,70105.62,4.45,27323,35033960.44,1.21,24,Retail Store,Australia,No,1
1940,Realme,5880,1,2.8,0,10,1,256,0.6,165,10,16,1887,2058,3072,8,10,10,1,1,Google Tensor,5180,Super AMOLED,60,1,WiFi 6E,5.0,Yes,Yes,Yes,Android,14.7,33,77.2,41.6,90.9,1473.55,Flagship,1313.87,5.22,General User,4.98,629,91.4,97.8,77.5,15,166189.78,5.21,17367,21752471.42,5.02,24,Retail Store,Australia,No,1
1941,Oppo,3157,1,1.9,1,4,1,512,0.3,156,4,64,2012,1603,12288,9,6,16,1,1,Google Tensor,6220,OLED,60,1,WiFi 6,5.2,Yes,No,Yes,Android,13.5,45,88.2,63.9,95.6,2194.42,Flagship,2142.5,5.45,Business User,4.77,893,89.3,100.0,63.2,0,77475.76,5.56,38162,83743456.04,4.25,18,Telecom Partner,India,Yes,2
1942,Realme,3537,1,3.3,1,30,1,64,0.7,134,6,53,1748,863,4096,17,10,9,1,1,Google Tensor,3310,AMOLED,120,1,WiFi 6,5.2,Yes,Yes,Yes,Android,17.6,25,93.1,75.7,91.3,1335.49,Flagship,1244.07,7.82,Gamer,5.0,12848,100.0,100.0,73.9,10,33147.74,10.2,48495,58288128.8,1.51,36,Telecom Partner,USA,Yes,0
1943,Oppo,4599,1,3.2,1,8,1,512,0.2,101,8,7,1699,2284,3072,6,11,19,1,1,Snapdragon,4365,Super AMOLED,90,1,WiFi 5,5.4,No,Yes,Yes,Android,14.7,25,76.3,35.7,58.5,1822.3,Flagship,2041.45,4.69,Student,4.77,1881,96.5,91.5,100.0,10,59944.74,3.68,30266,49638358.62,9.15,18,Telecom Partner,UK,No,0
1944,Xiaomi,3728,0,1.9,0,31,1,128,0.6,96,10,43,118,1692,2048,10,5,10,1,1,Google Tensor,4083,AMOLED,60,1,WiFi 6,5.1,No,Yes,Yes,Android,18.3,33,96.1,48.8,77.2,1033.95,Premium,1165.88,9.59,Business User,3.87,5159,82.4,100.0,78.4,15,110883.16,10.0,66310,58277040.82,9.1,24,Online Store,USA,Yes,0
1945,Google,4392,1,2.1,1,23,1,128,0.6,127,8,35,236,1038,6144,12,6,5,0,1,Exynos,5275,IPS LCD,144,1,WiFi 6,5.0,Yes,Yes,No,Android,17.7,65,80.6,35.6,76.7,1429.42,Flagship,1322.02,7.86,General User,4.18,4946,81.0,76.6,73.7,5,16950.32,4.77,41673,56589808.68,4.76,36,E-commerce Marketplace,USA,Yes,0
1946,Oppo,4666,1,1.2,1,28,1,512,0.9,177,10,26,689,1786,8192,10,4,11,0,0,Snapdragon,5647,OLED,60,1,WiFi 6,5.3,No,Yes,No,Android,13.7,80,89.0,43.7,93.0,2065.79,Flagship,2430.22,3.67,Professional,4.27,937,83.6,53.2,60.3,10,54365.13,5.67,31393,58366210.92,6.68,12,Online Store,Germany,No,2
1947,Google,3615,1,1.9,0,13,1,256,0.7,140,8,87,1234,1753,6144,16,0,3,1,1,Google Tensor,4747,Super AMOLED,120,1,WiFi 5,5.4,Yes,Yes,Yes,Android,15.7,65,84.1,98.0,80.7,1763.08,Flagship,1767.44,2.46,Professional,4.96,1242,99.4,100.0,71.3,10,15387.79,8.19,35559,56424025.55,8.63,12,Retail Store,UAE,Yes,0
1948,Motorola,5490,0,2.1,1,20,1,64,0.8,114,6,20,441,604,8192,16,8,15,0,0,Google Tensor,4444,AMOLED,90,1,WiFi 6,5.4,No,No,Yes,Android,12.1,120,95.7,54.3,79.8,1456.47,Flagship,1613.07,0.1,Professional,4.1,2812,77.2,95.6,98.7,10,69556.43,3.04,45542,59697501.07,1.8,18,Retail Store,Singapore,Yes,1
1949,Google,6810,1,2.9,1,26,1,128,0.5,100,4,66,612,1429,6144,12,7,15,0,0,Snapdragon,4172,AMOLED,60,1,WiFi 6,5.4,Yes,Yes,Yes,Android,16.9,33,100.0,68.1,98.9,1220.52,Flagship,1331.27,9.14,Professional,4.53,439,100.0,81.9,76.4,20,52914.76,4.42,40647,39688381.15,1.23,36,Retail Store,USA,Yes,1
1950,Google,4533,0,3.0,0,12,1,64,0.6,154,6,31,140,1113,8192,15,11,14,0,0,MediaTek Dimensity,6015,Super AMOLED,144,1,WiFi 6,5.3,Yes,No,Yes,Android,14.9,25,89.7,34.2,85.3,1439.15,Flagship,1412.74,14.0,Gamer,4.57,2489,87.1,100.0,74.7,5,190531.81,8.84,46353,63373473.95,3.06,18,Telecom Partner,Singapore,Yes,0
1951,Motorola,6031,0,2.6,1,21,1,128,0.1,231,6,73,1977,526,8192,15,8,17,0,0,Apple Bionic,5172,Super AMOLED,60,1,WiFi 6,5.3,Yes,Yes,Yes,Android,12.5,120,100.0,66.6,90.5,1489.72,Flagship,1345.76,5.59,Business User,5.0,1473,100.0,100.0,53.8,5,112300.29,5.72,26187,37060732.76,4.45,24,Online Store,Germany,No,1
1952,Realme,2801,1,1.4,0,14,1,128,0.6,168,8,31,129,1667,8192,17,1,12,1,1,Exynos,4864,Super AMOLED,120,1,WiFi 6,5.2,No,No,No,Android,17.8,120,78.2,59.3,91.4,1736.01,Flagship,1462.57,9.72,General User,4.79,2645,89.6,100.0,52.9,5,60524.84,7.16,38024,62709542.03,0.51,24,Retail Store,UK,Yes,0
1953,Oppo,4571,0,1.6,1,28,0,16,0.8,149,4,61,1918,1301,12288,8,2,9,0,0,MediaTek Dimensity,5387,OLED,90,0,WiFi 6,5.4,Yes,No,Yes,Android,15.7,45,89.6,46.6,72.8,1502.42,Flagship,1435.41,5.35,Student,4.86,1331,100.0,94.8,60.0,15,94286.76,4.12,31384,40079156.89,1.59,36,Retail Store,India,No,2
1954,Realme,4877,1,2.2,0,25,1,256,0.3,94,8,75,724,1957,3072,15,5,8,1,0,Exynos,3918,AMOLED,90,1,WiFi 6E,5.1,No,Yes,Yes,Android,17.6,120,76.7,100.0,67.0,1608.88,Flagship,1631.35,9.06,Professional,5.0,5112,95.1,96.9,67.1,20,115604.33,5.29,39227,50489228.61,1.81,18,Retail Store,UK,Yes,1
1955,Motorola,3645,0,1.1,1,25,1,128,0.4,159,8,23,2147,2287,4096,8,11,4,1,1,MediaTek Dimensity,3503,AMOLED,144,1,WiFi 5,5.1,No,Yes,Yes,Android,17.2,18,82.0,56.8,96.5,1351.29,Flagship,1544.16,10.29,Gamer,4.22,5485,89.7,100.0,53.9,20,13074.02,5.84,38945,42100791.24,11.8,36,Online Store,UAE,Yes,0
1956,Apple,5638,0,2.6,1,15,1,128,0.8,141,10,91,1210,880,6144,16,6,9,1,0,Exynos,5168,OLED,60,1,WiFi 5,5.0,Yes,Yes,Yes,iOS,16.5,33,94.0,66.4,70.0,1819.02,Flagship,1864.32,21.54,Business User,4.67,436,88.7,100.0,72.8,15,45540.33,4.02,41211,63719088.24,9.2,36,E-commerce Marketplace,USA,Yes,1
1957,Xiaomi,5029,1,1.1,1,32,1,128,0.3,102,6,65,1886,551,6144,19,3,9,0,1,Apple Bionic,3669,IPS LCD,90,1,WiFi 6,5.0,Yes,Yes,Yes,Android,18.5,25,88.8,70.5,79.5,1227.78,Flagship,1310.9,4.84,Professional,4.03,3065,72.8,61.7,56.1,10,44911.66,4.96,21016,23222722.03,6.87,36,Online Store,Germany,No,1
1958,Realme,5804,0,1.9,1,20,1,128,0.5,109,4,67,582,1583,6144,10,8,20,1,1,Snapdragon,3940,OLED,120,0,WiFi 5,5.2,Yes,No,No,Android,18.4,65,84.3,79.4,77.1,1712.83,Flagship,1808.09,1.55,Professional,4.94,1016,100.0,100.0,76.4,0,33288.46,4.47,40022,68550882.26,9.63,24,Retail Store,Singapore,Yes,1
1959,Oppo,3258,0,1.0,1,14,1,128,0.5,226,6,20,966,2180,4096,5,2,19,0,1,Apple Bionic,2348,OLED,90,1,WiFi 6,5.1,Yes,Yes,Yes,Android,13.9,33,86.8,27.3,79.6,1231.77,Flagship,1093.17,7.22,Business User,4.69,1183,99.7,76.0,82.0,5,29424.32,5.66,47830,55969781.14,6.5,36,E-commerce Marketplace,USA,Yes,0
1960,Vivo,4606,1,3.2,1,13,1,64,1.0,82,4,11,2178,673,3072,19,8,2,0,1,MediaTek Dimensity,2937,Super AMOLED,90,1,WiFi 5,5.4,No,Yes,Yes,Android,15.2,45,92.7,41.7,62.7,1037.85,Premium,853.98,11.74,Student,4.99,5217,100.0,76.8,72.3,0,78883.83,3.63,29061,30160958.85,5.59,24,Online Store,Germany,No,0
1961,Google,6587,0,2.4,0,25,1,256,0.5,143,8,86,591,1751,6144,16,9,20,0,1,Exynos,5014,AMOLED,144,1,WiFi 6,5.3,No,Yes,Yes,Android,14.5,45,84.5,86.1,84.4,1742.16,Flagship,1576.77,4.19,Student,4.69,1354,97.9,100.0,72.6,5,57761.3,12.76,52931,87603557.41,4.51,18,Retail Store,UK,Yes,1
1962,Apple,5610,0,1.3,1,22,1,128,0.7,94,4,59,1908,1463,6144,9,9,3,1,1,Snapdragon,3046,LCD,90,1,WiFi 6,5.3,Yes,Yes,Yes,iOS,19.8,65,78.7,88.6,61.5,1774.42,Flagship,2021.55,16.18,Professional,5.0,1025,100.0,100.0,91.6,10,70014.3,2.48,28752,45916311.46,1.29,18,Online Store,India,No,1
1963,Realme,3214,1,2.1,1,27,1,512,0.5,199,4,107,966,855,6144,11,10,12,1,0,MediaTek Dimensity,3377,AMOLED,60,1,WiFi 6,5.4,No,Yes,Yes,Android,12.8,33,90.5,98.5,73.5,1953.98,Flagship,1728.08,6.77,Business User,5.0,2087,99.2,100.0,75.1,5,40774.27,2.96,18940,35157962.14,4.98,18,Retail Store,Australia,No,0
1964,Google,3510,0,1.3,0,8,1,256,0.9,225,8,105,795,1129,3072,13,4,14,0,0,Exynos,4072,OLED,60,0,WiFi 6E,5.1,No,Yes,Yes,Android,13.2,80,82.2,60.2,69.7,1307.71,Flagship,1103.09,10.51,Professional,3.72,968,82.1,80.7,84.7,20,66415.74,7.42,31622,33081924.5,6.85,24,Retail Store,USA,No,0
1965,Oppo,4655,1,2.4,1,22,1,128,1.0,184,10,18,1976,983,6144,17,5,6,1,0,Exynos,5050,Super AMOLED,120,1,WiFi 6,5.1,Yes,Yes,No,Android,13.7,80,87.9,44.9,89.8,1577.12,Flagship,1448.27,5.94,Professional,4.52,680,92.2,100.0,71.1,25,29898.85,6.84,44218,52302819.12,5.09,36,E-commerce Marketplace,UAE,Yes,0
1966,Motorola,3793,1,3.3,0,22,1,32,0.7,228,4,103,152,1743,4096,17,5,7,1,0,Snapdragon,3317,AMOLED,90,1,WiFi 6E,5.1,No,No,Yes,Android,15.0,80,84.9,72.7,90.9,1290.25,Flagship,1434.32,5.54,Student,4.85,490,96.3,81.9,68.3,15,27357.43,6.94,47624,52229836.1,6.42,36,E-commerce Marketplace,USA,Yes,0
1967,Apple,3516,1,2.1,0,32,1,64,0.9,152,10,108,1776,1160,6144,15,3,19,0,0,Google Tensor,4504,Super AMOLED,144,1,WiFi 5,5.0,Yes,Yes,Yes,iOS,18.7,25,84.3,97.5,79.8,2015.73,Flagship,1684.83,14.47,General User,4.75,4837,91.8,88.8,53.4,25,120470.69,8.51,38919,58837646.9,7.76,36,Online Store,USA,Yes,0
1968,Vivo,4351,0,3.2,0,3,1,512,0.4,229,4,91,2012,1900,6144,12,0,6,0,1,Google Tensor,4171,LCD,144,1,WiFi 6E,5.2,No,No,Yes,Android,16.9,65,83.8,91.7,79.5,2223.06,Flagship,2365.67,4.78,General User,4.99,1110,92.3,78.3,73.3,10,83796.39,3.4,34940,69906344.76,5.97,36,E-commerce Marketplace,India,No,2
1969,Samsung,4350,1,1.8,0,3,1,256,0.6,111,10,34,203,2231,4096,6,9,8,0,1,Apple Bionic,3979,AMOLED,120,1,WiFi 5,5.1,Yes,No,Yes,Android,15.9,25,90.9,89.4,76.3,1615.15,Flagship,1357.29,19.09,Gamer,4.71,1149,89.3,97.5,56.2,0,34105.4,4.87,26102,42158645.3,1.1,18,Telecom Partner,India,No,0
1970,Realme,6465,0,1.2,0,4,1,256,0.7,184,10,97,1874,724,6144,6,10,10,1,0,Google Tensor,4542,AMOLED,60,0,WiFi 5,5.0,No,No,Yes,Android,16.9,65,85.6,71.7,84.9,1339.3,Flagship,1432.45,3.06,Professional,4.35,120,79.8,88.6,79.2,0,446877.57,9.47,75030,100487679.0,2.91,18,Online Store,Germany,Yes,1
1971,Apple,3838,1,3.4,1,18,1,128,0.1,213,4,86,1900,2370,6144,16,7,16,1,0,Exynos,4617,IPS LCD,90,1,WiFi 6E,5.0,Yes,Yes,No,iOS,17.8,25,99.6,70.3,77.5,1855.91,Flagship,2090.81,5.08,Student,4.51,6116,91.1,95.5,80.1,10,29385.43,7.61,29608,49454804.95,3.79,18,Telecom Partner,Australia,No,0
1972,Vivo,2794,0,2.5,1,10,1,256,0.1,144,10,95,1302,703,8192,18,8,5,1,1,Google Tensor,6415,LCD,90,0,WiFi 6,5.4,No,Yes,No,Android,14.0,25,70.8,99.0,68.1,1608.68,Flagship,1594.4,6.68,Student,4.48,7766,93.5,100.0,72.6,25,163059.4,4.25,30938,37327006.38,8.28,24,E-commerce Marketplace,Australia,No,0
1973,Motorola,4016,1,1.1,0,3,1,64,0.3,132,4,58,1770,1137,12288,13,6,14,0,0,MediaTek Dimensity,5371,OLED,90,1,WiFi 5,5.3,Yes,Yes,No,Android,17.1,120,91.6,84.0,93.5,1897.69,Flagship,1722.38,2.23,Business User,5.0,371,100.0,100.0,70.4,0,158759.24,6.02,37003,70220223.07,0.5,18,E-commerce Marketplace,UAE,Yes,2
1974,OnePlus,6446,0,1.5,0,14,1,128,0.3,131,4,40,1573,2304,8192,18,10,15,0,1,Snapdragon,4549,IPS LCD,90,1,WiFi 5,5.3,Yes,Yes,No,Android,17.9,18,89.8,51.1,70.2,1473.28,Flagship,1411.28,7.74,Student,3.71,4531,76.2,60.1,50.9,20,28929.1,12.08,41038,48368371.71,6.31,18,Retail Store,Australia,Yes,1
1975,Motorola,3598,0,3.2,0,17,1,128,0.6,87,8,8,1601,1481,12288,10,11,14,0,1,Google Tensor,7082,IPS LCD,144,1,WiFi 6E,5.2,Yes,Yes,No,Android,15.3,18,79.8,20.0,74.6,1696.78,Flagship,1925.16,5.18,Student,4.72,4013,96.6,84.6,62.9,5,60141.11,7.95,38894,62694833.25,2.44,24,Telecom Partner,India,Yes,2
1976,OnePlus,5670,1,3.0,0,17,1,32,0.9,193,6,85,876,2276,6144,9,4,13,1,1,Snapdragon,4011,Super AMOLED,90,1,WiFi 5,5.3,No,Yes,Yes,Android,13.7,45,91.6,93.7,76.3,1350.6,Flagship,1531.38,9.2,Gamer,4.44,3044,89.4,93.4,70.1,25,5000.0,2.88,33616,34051327.2,9.55,36,E-commerce Marketplace,UK,No,1
1977,Apple,4097,1,1.0,1,30,1,128,0.9,213,8,92,835,1331,16384,5,10,7,1,0,Google Tensor,7757,LCD,60,0,WiFi 6E,5.1,Yes,Yes,Yes,iOS,16.9,45,88.5,100.0,82.8,2349.45,Flagship,2222.1,20.56,Student,4.69,3185,89.6,100.0,82.0,20,24096.7,7.46,36567,68729870.52,3.84,36,Retail Store,India,Yes,2
1978,Oppo,2984,1,1.6,0,18,0,256,1.0,108,4,72,102,2228,8192,19,1,11,1,0,Google Tensor,3985,IPS LCD,60,1,WiFi 6,5.4,Yes,No,Yes,Android,16.9,25,93.3,49.6,73.9,1424.3,Flagship,1291.28,8.33,Student,4.72,1820,87.3,100.0,66.8,0,135488.88,10.37,47642,67856500.6,6.75,24,Online Store,USA,Yes,0
1979,Samsung,3015,1,2.2,0,28,1,64,0.6,196,4,5,614,515,12288,18,7,7,0,0,Apple Bionic,5996,OLED,144,1,WiFi 6,5.4,Yes,No,Yes,Android,14.0,25,84.8,48.0,89.8,1742.37,Flagship,2047.98,11.82,Gamer,5.0,4488,96.3,100.0,74.4,15,40904.1,12.69,50418,74669789.06,1.59,36,Retail Store,USA,Yes,2
1980,Realme,4273,0,1.2,1,4,1,128,0.2,192,10,95,1352,1246,8192,19,6,20,1,0,Snapdragon,5542,IPS LCD,120,0,WiFi 5,5.2,No,Yes,Yes,Android,19.0,18,100.0,87.3,89.5,1559.61,Flagship,1304.5,3.74,Student,4.9,229,91.5,79.9,50.2,15,13161.11,9.5,35273,46760305.0,2.82,12,Online Store,UAE,Yes,0
1981,Apple,5982,0,2.7,0,29,1,128,0.3,92,10,101,467,977,4096,12,2,11,0,0,Exynos,4562,Super AMOLED,144,1,WiFi 6,5.0,Yes,Yes,Yes,iOS,18.9,65,99.5,100.0,79.1,1883.98,Flagship,1857.67,19.46,Business User,4.28,2522,90.5,78.6,65.3,5,35080.9,7.05,32298,57806346.74,7.98,24,Retail Store,Singapore,No,1
1982,Samsung,5988,1,1.7,0,16,1,256,0.7,150,4,54,1018,1569,6144,12,11,9,1,0,MediaTek Dimensity,3618,IPS LCD,120,1,WiFi 5,5.1,Yes,Yes,No,Android,18.4,65,91.9,79.4,86.2,1760.12,Flagship,1722.37,15.04,Professional,4.85,1698,92.3,97.1,65.3,10,54016.04,5.53,31353,49666538.12,8.58,18,E-commerce Marketplace,Australia,No,1
1983,Realme,2676,1,3.3,1,28,1,64,0.1,140,4,36,560,825,8192,7,8,15,0,0,MediaTek Dimensity,5531,AMOLED,144,1,WiFi 6,5.0,Yes,No,Yes,Android,12.5,45,81.1,41.3,89.5,1382.9,Flagship,1482.19,4.57,Professional,4.74,7933,100.0,97.0,75.1,0,56562.24,4.03,37750,52204475.0,7.29,18,Telecom Partner,UK,Yes,0
1984,Xiaomi,4429,0,3.4,1,29,1,512,0.6,107,8,90,566,998,4096,5,7,3,0,1,Apple Bionic,4928,AMOLED,120,1,WiFi 6,5.1,Yes,Yes,Yes,Android,13.1,65,94.8,84.6,79.5,1984.47,Flagship,1906.74,8.25,Professional,4.95,959,93.0,96.1,78.1,20,129397.85,4.82,33839,53721984.26,7.16,18,E-commerce Marketplace,UAE,No,0
1985,Oppo,3559,0,2.3,0,21,1,128,0.2,115,4,41,395,1247,3072,16,0,9,0,0,Apple Bionic,2922,OLED,60,1,WiFi 7,5.4,No,Yes,No,Android,13.5,120,72.3,49.3,80.8,1105.8,Premium,990.66,10.87,General User,4.7,1212,100.0,100.0,54.8,15,69813.78,6.12,26933,25315134.69,1.85,36,Telecom Partner,India,No,0
1986,Samsung,4728,1,3.0,1,24,1,256,0.3,111,4,37,839,1301,4096,15,9,7,1,0,MediaTek Dimensity,3835,AMOLED,90,1,WiFi 6,5.0,No,No,Yes,Android,14.5,65,89.1,71.7,67.4,1601.84,Flagship,1890.02,9.29,Gamer,5.0,504,88.4,69.3,74.4,15,15708.19,5.66,39688,54037752.03,8.21,12,Telecom Partner,UK,Yes,0
1987,Oppo,3358,1,2.4,1,11,1,32,0.3,196,6,47,630,2323,6144,14,8,20,0,0,Snapdragon,4036,LCD,90,0,WiFi 6E,5.2,Yes,Yes,Yes,Android,18.0,45,95.8,57.1,66.7,1176.08,Premium,1296.61,2.81,Business User,4.81,1614,99.2,79.9,52.3,0,131839.42,4.84,42817,50356217.36,8.6,18,E-commerce Marketplace,Germany,Yes,0
1988,Apple,4250,1,2.7,0,5,1,256,0.9,213,10,24,1242,2114,8192,15,5,4,1,1,Exynos,6042,AMOLED,90,1,WiFi 6,5.0,Yes,Yes,Yes,iOS,20.0,33,83.0,64.5,80.4,2218.86,Flagship,2427.51,10.28,General User,5.0,2803,100.0,85.6,72.8,0,57777.99,3.48,35931,79725858.66,0.5,24,Retail Store,UAE,Yes,2
1989,Motorola,5820,0,3.0,1,21,1,128,0.3,127,10,107,2072,1463,4096,14,0,17,1,1,MediaTek Dimensity,4986,OLED,90,0,WiFi 6,5.0,Yes,Yes,Yes,Android,14.5,25,88.4,100.0,90.8,1105.28,Premium,1280.2,7.75,Business User,4.68,367,96.4,77.4,59.2,20,25320.61,6.9,24478,21644035.07,9.6,12,Retail Store,UK,No,1
1990,Apple,6021,1,0.9,0,26,1,64,0.1,189,4,14,251,515,2048,16,11,4,1,0,Exynos,1826,IPS LCD,120,1,WiFi 7,5.0,Yes,Yes,Yes,iOS,19.3,25,88.3,47.9,83.3,1550.18,Flagship,1412.47,19.97,Student,5.0,2435,97.1,100.0,96.6,15,23452.31,7.89,38243,50391003.68,5.4,24,Online Store,Australia,Yes,1
1991,Samsung,6008,0,1.8,1,12,1,128,0.3,148,8,90,747,2398,8192,15,4,8,1,0,MediaTek Dimensity,5044,AMOLED,144,0,WiFi 6,5.1,Yes,Yes,No,Android,12.7,65,92.2,97.0,100.0,1555.32,Flagship,1364.19,6.72,Gamer,5.0,841,100.0,100.0,80.5,15,153228.26,8.43,39181,51798143.98,3.12,36,Online Store,Singapore,Yes,1
1992,Motorola,2815,1,2.8,0,4,1,64,0.6,178,10,68,882,2249,3072,17,11,11,1,0,MediaTek Dimensity,4397,AMOLED,60,0,WiFi 7,5.3,Yes,No,Yes,Android,14.8,80,87.0,60.9,96.3,1105.58,Premium,1234.32,7.27,Student,4.12,11463,91.5,76.1,65.6,10,19382.61,6.54,37858,37669542.88,0.5,36,Online Store,UK,Yes,0
1993,Realme,2890,0,2.5,0,24,1,64,0.3,200,10,66,1976,1869,2048,7,0,15,1,1,MediaTek Dimensity,3634,LCD,120,1,WiFi 7,5.0,Yes,Yes,Yes,Android,13.0,80,80.8,100.0,72.1,1364.8,Flagship,1332.54,5.4,Gamer,4.74,508,97.8,91.1,80.5,10,9022.39,7.7,39789,48873624.48,9.65,12,E-commerce Marketplace,Australia,Yes,0
1994,Motorola,5460,1,1.3,1,30,1,32,0.8,228,8,99,240,1124,6144,18,9,4,1,1,Exynos,4348,LCD,144,1,WiFi 7,5.4,Yes,Yes,Yes,Android,14.4,65,91.8,87.8,77.9,1340.1,Flagship,1421.78,3.34,Business User,4.95,9696,100.0,92.0,68.8,0,24712.43,7.31,41165,55165216.5,1.63,18,E-commerce Marketplace,Australia,Yes,1
1995,Vivo,4518,0,2.9,1,21,1,128,0.3,80,10,105,959,561,6144,16,0,6,1,1,Google Tensor,4956,AMOLED,60,1,WiFi 6E,5.3,No,Yes,Yes,Android,12.1,65,82.4,100.0,80.9,1705.48,Flagship,1962.3,7.16,Gamer,5.0,1679,100.0,85.4,68.1,0,100324.34,8.15,38819,66205028.12,2.58,18,Retail Store,Singapore,Yes,0
1996,Xiaomi,5201,0,2.5,0,22,1,512,0.3,183,6,60,2020,702,4096,6,3,7,0,1,MediaTek Dimensity,3932,Super AMOLED,90,1,WiFi 6,5.1,Yes,Yes,Yes,Android,15.0,33,87.5,56.9,75.7,1764.35,Flagship,2038.01,6.65,General User,4.71,7021,100.0,76.0,71.7,10,54908.61,12.02,42094,66841694.01,6.34,18,Telecom Partner,India,Yes,1
1997,Motorola,6748,1,1.3,1,17,1,256,0.4,87,4,101,1025,2048,6144,18,5,9,0,1,Apple Bionic,3147,LCD,120,1,WiFi 6E,5.0,No,No,Yes,Android,14.3,45,84.3,100.0,94.5,1661.44,Flagship,1730.71,13.14,Business User,4.56,733,83.7,61.0,70.8,15,21828.73,9.96,36686,51808849.66,5.02,36,Online Store,Australia,Yes,1
1998,Motorola,3208,0,3.0,0,21,0,256,0.4,97,4,107,1695,847,8192,17,5,14,1,0,Apple Bionic,5128,LCD,60,0,WiFi 6,5.1,Yes,Yes,Yes,Android,15.6,18,88.3,100.0,65.7,1637.06,Flagship,1515.77,6.59,Professional,5.0,2082,96.3,90.8,93.6,15,367507.52,8.28,60078,83598597.08,5.28,12,E-commerce Marketplace,Germany,Yes,0
1999,Samsung,3709,0,3.3,0,30,1,128,0.1,223,6,12,1609,873,16384,7,2,3,1,0,Exynos,7967,IPS LCD,60,1,WiFi 6E,5.4,Yes,Yes,Yes,Android,18.1,45,79.9,25.3,87.8,1882.87,Flagship,1777.84,14.02,Professional,4.34,354,90.6,94.7,65.9,10,117614.32,4.45,27805,47117880.32,6.74,24,E-commerce Marketplace,UAE,No,2
2000,Xiaomi,2780,1,1.5,1,31,1,128,0.3,216,6,11,1015,1467,2048,9,6,11,1,0,Snapdragon,2664,IPS LCD,60,0,WiFi 6,5.2,Yes,Yes,Yes,Android,15.9,80,92.2,38.7,100.0,1211.01,Flagship,1315.66,10.31,General User,3.97,891,88.8,100.0,76.9,0,273547.37,8.17,41866,50700144.66,2.54,36,Online Store,USA,Yes,0
2001,Motorola,6155,1,2.0,0,17,1,128,1.0,187,8,79,905,1306,6144,7,0,3,1,1,Apple Bionic,4456,Super AMOLED,60,1,WiFi 7,5.2,No,Yes,Yes,Android,18.7,45,92.1,91.9,75.2,1219.55,Flagship,1260.84,5.1,Professional,5.0,854,100.0,72.3,63.2,15,46533.63,5.3,27954,28977605.59,4.8,36,Online Store,UK,No,1
2002,OnePlus,3630,1,1.7,1,8,1,128,0.4,234,6,24,1590,907,4096,5,7,3,0,0,MediaTek Dimensity,3556,LCD,60,1,WiFi 5,5.3,No,Yes,Yes,Android,13.7,80,96.3,30.0,64.8,1028.53,Premium,1089.72,8.31,Gamer,4.86,1829,97.5,80.4,62.7,0,109940.39,7.07,33736,34698488.08,5.57,18,Online Store,UAE,No,0
2003,Google,4678,1,2.6,1,16,1,512,0.9,181,10,47,1274,1968,16384,13,1,8,1,1,MediaTek Dimensity,9510,AMOLED,120,1,WiFi 7,5.4,Yes,Yes,Yes,Android,12.6,45,82.6,73.7,80.8,2500.0,Flagship,2474.08,9.96,Professional,4.11,11747,82.2,100.0,53.1,10,18976.69,13.74,44024,99054000.0,0.94,12,Online Store,UK,Yes,2
2004,Realme,4994,0,2.9,1,22,1,32,0.3,151,10,25,708,1653,12288,6,7,10,1,1,Apple Bionic,6980,IPS LCD,144,0,WiFi 6E,5.0,Yes,Yes,Yes,Android,15.2,25,83.5,69.7,70.1,1517.99,Flagship,1266.74,2.85,Professional,3.91,644,84.8,100.0,49.2,15,131062.83,6.41,42600,54966417.9,0.51,24,E-commerce Marketplace,UAE,Yes,2
2005,Motorola,5204,1,1.5,1,7,1,128,0.6,183,4,104,1651,555,2048,17,5,11,1,1,Snapdragon,2753,Super AMOLED,90,1,WiFi 6,5.3,Yes,Yes,Yes,Android,18.3,80,75.2,68.4,86.4,1217.1,Flagship,1142.74,9.47,Student,4.67,1944,100.0,100.0,62.7,10,57349.62,10.45,35965,39395701.35,1.26,18,E-commerce Marketplace,Singapore,Yes,1
2006,Apple,3332,0,0.9,1,1,1,64,0.7,181,4,48,971,1546,6144,7,10,7,0,0,Google Tensor,3259,IPS LCD,90,1,WiFi 5,5.4,Yes,Yes,Yes,iOS,16.8,33,77.8,66.6,72.4,1590.34,Flagship,1389.44,21.43,Business User,4.34,917,90.2,77.2,83.7,25,9621.06,11.05,45160,53864815.8,6.77,18,Telecom Partner,UAE,Yes,0
2007,Google,4908,1,2.6,1,6,1,64,0.4,152,4,35,351,1651,4096,7,7,10,1,1,Exynos,3569,LCD,144,1,WiFi 6,5.0,Yes,Yes,Yes,Android,13.7,25,92.1,76.8,66.9,1381.6,Flagship,1538.78,11.65,Professional,5.0,949,97.5,100.0,50.6,10,5000.0,5.13,20598,25612377.12,1.91,24,Online Store,Germany,No,1
2008,Google,2658,0,1.3,0,12,1,128,0.7,103,8,43,1437,1808,4096,6,2,20,0,0,MediaTek Dimensity,2947,LCD,144,1,WiFi 5,5.3,Yes,Yes,Yes,Android,15.5,120,91.9,35.5,81.9,1392.21,Flagship,1487.47,5.83,General User,4.71,1750,100.0,87.5,66.2,15,267329.95,2.93,43582,51574001.79,7.28,24,Online Store,UK,Yes,0
2009,Realme,2521,1,1.7,1,3,1,256,0.7,220,4,32,1509,2044,6144,14,10,4,1,0,Exynos,4434,IPS LCD,144,1,WiFi 5,5.0,Yes,Yes,No,Android,14.1,120,87.4,65.5,71.1,1866.98,Flagship,1796.67,12.88,Business User,4.59,761,96.9,97.2,95.4,0,98159.33,2.7,51275,95729399.5,4.31,36,Retail Store,UAE,Yes,0
2010,Apple,4323,0,3.2,0,16,1,256,0.5,190,8,7,781,1437,12288,11,2,18,1,1,Exynos,7385,Super AMOLED,90,0,WiFi 6E,5.4,Yes,No,Yes,iOS,18.0,33,84.9,20.3,77.3,2222.55,Flagship,1882.64,13.65,General User,4.37,633,94.4,100.0,77.5,5,399976.5,9.0,50392,106398802.6,2.88,12,Online Store,Australia,Yes,2
2011,Oppo,4576,0,1.2,1,30,1,256,0.7,120,10,36,492,526,4096,15,10,14,0,0,Google Tensor,3946,OLED,120,1,WiFi 6,5.1,No,Yes,Yes,Android,14.9,80,84.4,71.1,72.7,1448.07,Flagship,1673.45,2.23,Business User,4.76,4038,93.4,95.9,69.4,0,86447.39,5.89,40000,57922800.0,7.92,36,Retail Store,UK,Yes,0
2012,OnePlus,6567,0,3.3,1,17,1,32,0.4,213,8,37,648,1755,6144,11,6,5,0,1,MediaTek Dimensity,5117,LCD,90,0,WiFi 7,5.2,Yes,No,Yes,Android,16.8,18,95.9,56.6,91.0,1236.94,Flagship,1195.75,11.94,Professional,3.31,2881,69.9,88.8,94.8,20,50546.31,8.78,35403,35033109.46,4.71,36,Retail Store,UK,Yes,1
2013,Vivo,6985,1,2.3,0,20,1,32,0.7,195,8,83,2166,887,3072,17,4,19,1,0,Apple Bionic,4195,IPS LCD,120,0,WiFi 6,5.0,Yes,Yes,Yes,Android,18.0,65,85.3,57.3,89.8,952.4,Premium,1078.64,7.3,Professional,4.77,10327,100.0,100.0,62.1,20,110685.93,6.35,32224,24552110.08,2.21,18,Retail Store,USA,No,1
2014,OnePlus,4951,0,3.5,0,18,1,128,0.2,131,8,6,416,639,8192,5,1,4,1,1,Exynos,6012,IPS LCD,60,1,WiFi 6,5.0,Yes,No,No,Android,15.2,120,100.0,52.6,89.3,1448.96,Flagship,1412.52,13.33,Business User,3.84,313,83.7,90.8,83.7,5,52498.48,4.43,38056,52384540.67,6.69,12,Online Store,Singapore,Yes,1
2015,Apple,5856,0,1.2,0,22,1,64,0.6,90,8,73,1560,908,6144,11,6,9,0,1,Exynos,4110,IPS LCD,60,0,WiFi 6E,5.3,Yes,No,Yes,iOS,19.4,25,90.2,100.0,68.8,1715.06,Flagship,1670.47,15.9,General User,4.86,4472,95.5,82.6,76.6,15,20308.88,5.03,20667,30128373.27,0.5,12,Retail Store,UAE,No,1
2016,Apple,3403,0,3.3,0,15,1,128,0.8,190,8,54,383,2193,6144,18,2,8,1,0,Apple Bionic,5420,IPS LCD,120,1,WiFi 6,5.3,Yes,Yes,Yes,iOS,17.4,33,96.7,73.0,85.1,1886.54,Flagship,2104.3,13.07,General User,4.98,5215,100.0,98.8,72.7,20,51202.85,6.86,43141,65109777.71,0.5,18,Retail Store,USA,Yes,0
2017,Vivo,6030,1,2.3,0,5,1,256,1.0,109,6,70,112,2038,4096,8,1,14,0,1,Snapdragon,3249,OLED,90,1,WiFi 6,5.1,No,Yes,Yes,Android,18.7,25,99.0,79.6,81.0,1485.86,Flagship,1677.72,8.25,Business User,5.0,1938,85.6,80.2,74.8,15,195565.89,10.67,51373,64883122.91,4.19,18,E-commerce Marketplace,Australia,Yes,1
2018,Vivo,3822,1,2.2,0,2,1,128,0.9,216,4,54,280,1380,4096,17,5,15,0,0,Exynos,2785,Super AMOLED,60,1,WiFi 6,5.4,Yes,Yes,Yes,Android,17.3,18,89.9,70.8,90.3,1228.46,Flagship,1172.64,0.25,Business User,3.98,3087,83.3,61.9,62.3,10,18916.13,0.1,12175,13460850.45,1.95,24,E-commerce Marketplace,Germany,No,0
2019,OnePlus,4728,0,1.3,1,1,1,128,0.7,227,6,31,639,1092,6144,7,1,19,1,0,Snapdragon,2926,OLED,120,1,WiFi 6,5.1,Yes,Yes,No,Android,16.5,25,82.8,74.1,71.4,1537.27,Flagship,1447.78,6.98,Gamer,5.0,1895,96.0,78.5,100.0,15,50680.67,4.78,54950,71802038.52,1.6,24,Retail Store,Australia,Yes,0
2020,Apple,6984,0,1.2,0,17,1,256,0.5,112,10,64,893,1797,3072,10,10,11,1,1,Exynos,3518,Super AMOLED,60,1,WiFi 6,5.1,Yes,Yes,Yes,iOS,18.8,120,100.0,61.8,64.4,1785.78,Flagship,1822.46,17.81,Gamer,4.59,15806,88.4,100.0,77.2,10,177294.99,2.89,41329,66424051.46,4.61,18,Retail Store,UK,Yes,1
2021,Google,4603,1,0.8,1,2,1,128,0.3,224,10,47,901,2115,6144,12,10,9,0,0,Exynos,4292,AMOLED,60,1,WiFi 6,5.3,Yes,No,No,Android,15.9,120,83.4,44.1,73.9,1326.32,Flagship,1202.88,2.3,Gamer,4.16,2520,83.7,68.4,63.2,25,727828.44,8.46,68804,68442090.96,4.15,24,E-commerce Marketplace,Germany,Yes,0
2022,Apple,5894,1,2.6,1,31,1,128,0.2,164,10,42,2167,874,12288,18,9,18,0,1,MediaTek Dimensity,6791,LCD,144,1,WiFi 7,5.0,No,Yes,Yes,iOS,16.4,18,82.9,82.7,75.1,2217.87,Flagship,1878.67,16.34,Professional,4.05,1027,98.6,77.3,80.0,0,51971.11,7.75,35772,79337645.64,0.5,36,E-commerce Marketplace,UK,Yes,2
2023,Apple,3097,1,3.0,0,0,1,32,0.2,232,8,28,123,2105,2048,7,6,6,0,1,MediaTek Dimensity,3447,LCD,120,1,WiFi 7,5.2,No,Yes,Yes,iOS,16.7,25,83.4,78.1,78.2,1443.9,Flagship,1662.95,19.64,Gamer,4.81,2392,98.7,100.0,78.5,20,44785.88,11.01,40572,46865528.64,9.11,18,Retail Store,UK,Yes,0
2024,Motorola,4024,0,1.9,1,10,1,128,0.4,168,8,80,2026,758,3072,10,11,8,1,0,Google Tensor,3370,IPS LCD,90,1,WiFi 6E,5.4,Yes,No,Yes,Android,17.7,25,96.3,87.1,75.8,1276.79,Flagship,1443.34,0.1,Student,5.0,992,98.7,82.1,67.5,0,264377.59,8.8,51754,66078989.66,1.16,12,Telecom Partner,Australia,Yes,0
2025,Google,3918,1,1.9,0,19,1,16,0.8,231,4,65,809,820,4096,17,3,6,1,0,Snapdragon,2960,AMOLED,90,1,WiFi 6,5.0,Yes,Yes,Yes,Android,13.4,25,83.3,59.0,80.4,981.93,Premium,919.03,3.67,Professional,4.76,1127,86.6,90.0,85.5,0,79431.98,8.96,46224,45388732.32,8.98,24,Online Store,India,Yes,0
2026,Apple,5464,1,3.1,1,18,1,64,0.3,231,4,63,814,2065,16384,13,8,11,0,0,Snapdragon,8483,AMOLED,90,1,WiFi 5,5.0,No,No,Yes,iOS,16.1,45,97.7,74.5,100.0,2500.0,Flagship,2816.58,17.47,General User,4.59,4883,92.2,100.0,75.6,20,43098.45,6.44,21471,42942000.0,4.23,36,Online Store,India,No,2
2027,Samsung,3865,1,1.8,0,32,1,256,0.5,135,4,59,1017,1178,12288,8,11,11,0,0,MediaTek Dimensity,6631,IPS LCD,144,1,WiFi 6,5.0,Yes,Yes,Yes,Android,15.3,80,74.8,48.1,79.3,2088.97,Flagship,2225.77,17.16,Gamer,5.0,457,100.0,91.4,71.8,15,6713.36,7.15,21955,38983835.9,7.61,18,Telecom Partner,UAE,No,2
2028,Realme,4836,0,1.4,0,23,1,64,0.9,204,8,5,882,1436,4096,7,2,5,0,0,Google Tensor,2910,Super AMOLED,90,1,WiFi 5,5.0,Yes,No,Yes,Android,17.8,45,90.4,20.0,69.7,967.14,Premium,1105.18,3.13,Gamer,3.95,1501,79.4,73.7,63.7,15,45897.71,6.41,33340,27407780.46,5.97,24,Telecom Partner,India,No,0
2029,Apple,5015,1,1.3,0,7,1,256,0.5,189,10,15,231,1947,6144,8,0,17,1,1,Google Tensor,5245,LCD,144,0,WiFi 6,5.2,Yes,Yes,Yes,iOS,18.6,80,89.2,20.0,83.3,1780.82,Flagship,1614.8,11.85,Professional,4.32,4830,94.0,100.0,68.3,10,27299.7,9.16,37241,59687565.86,11.87,18,Online Store,USA,Yes,1
2030,Google,4290,0,2.2,1,8,1,128,0.7,100,8,80,1874,1281,4096,7,3,14,0,1,Snapdragon,3692,LCD,120,1,WiFi 6E,5.1,Yes,Yes,Yes,Android,15.2,33,87.7,45.6,72.8,1408.15,Flagship,1599.88,3.85,Business User,4.37,4208,88.5,100.0,77.6,10,246465.85,1.23,45686,57899466.81,2.92,18,Telecom Partner,India,Yes,0
2031,Xiaomi,5201,0,1.7,1,28,1,256,0.9,178,10,34,1020,1474,4096,7,0,8,1,1,Exynos,4643,IPS LCD,60,1,WiFi 7,5.0,No,Yes,Yes,Android,18.0,65,88.5,46.0,67.5,1430.89,Flagship,1455.03,6.39,General User,4.51,456,100.0,73.2,64.2,15,42121.87,5.36,21778,26487634.06,2.09,24,Online Store,Australia,No,1
2032,Google,2909,0,3.3,0,17,0,256,0.5,190,10,42,2123,1653,8192,15,2,5,0,0,Snapdragon,6026,OLED,120,0,WiFi 5,5.4,Yes,Yes,Yes,Android,16.5,65,77.2,87.2,90.9,1953.32,Flagship,2233.23,8.14,Professional,5.0,1522,100.0,69.4,75.8,15,32986.71,4.61,30617,50834078.67,3.09,24,Telecom Partner,Singapore,No,2
2033,Google,4995,0,1.1,1,19,1,64,0.8,232,4,97,463,1330,4096,14,4,8,1,0,Google Tensor,2052,AMOLED,120,0,WiFi 6E,5.2,Yes,Yes,Yes,Android,17.6,33,74.2,87.4,79.6,1381.02,Flagship,1429.46,5.67,Professional,4.75,4372,90.7,100.0,76.3,10,113782.95,6.17,44120,54837542.16,6.1,36,Retail Store,Australia,Yes,1
2034,Samsung,6250,0,0.8,1,19,1,64,0.2,109,6,97,1717,1717,16384,18,1,14,1,0,Exynos,6989,AMOLED,144,0,WiFi 6E,5.2,Yes,Yes,Yes,Android,17.3,45,98.5,86.9,81.9,1861.45,Flagship,1954.48,9.57,Gamer,5.0,1979,98.2,100.0,94.6,20,46098.76,5.39,35618,53040900.88,6.46,12,Retail Store,India,Yes,2
2035,Oppo,6831,0,1.0,0,31,1,128,0.7,189,8,105,1206,1568,4096,7,5,17,1,0,Google Tensor,3529,AMOLED,144,1,WiFi 6,5.3,Yes,Yes,No,Android,15.5,65,74.9,97.8,100.0,1516.18,Flagship,1323.59,5.64,Student,4.95,9954,99.5,93.7,79.9,15,36015.02,1.81,26091,33624854.52,6.82,18,E-commerce Marketplace,India,No,1
2036,Xiaomi,5680,0,1.2,0,0,1,128,0.5,83,6,76,875,2237,6144,12,6,12,1,0,MediaTek Dimensity,3351,LCD,60,1,WiFi 5,5.0,Yes,No,No,Android,15.8,45,87.8,82.2,72.6,1381.98,Flagship,1573.22,5.41,Business User,4.72,2072,100.0,62.7,70.7,0,16153.63,0.34,30257,41814568.86,0.75,18,Online Store,Singapore,No,1
2037,Realme,5292,0,2.5,0,16,0,64,1.0,142,8,74,229,2252,6144,11,4,16,1,1,MediaTek Dimensity,5585,Super AMOLED,60,1,WiFi 6,5.4,No,No,Yes,Android,17.4,18,66.0,92.2,82.6,1365.77,Flagship,1583.77,9.04,General User,4.51,23070,99.5,80.9,91.2,15,78170.82,7.21,32943,38243676.94,0.5,18,E-commerce Marketplace,USA,No,1
2038,Vivo,2571,0,2.8,1,7,1,512,0.7,221,4,51,1379,1992,12288,14,5,14,0,1,Apple Bionic,5618,IPS LCD,120,1,WiFi 5,5.3,Yes,No,Yes,Android,17.3,45,89.4,65.0,69.9,2078.9,Flagship,1943.52,8.8,Professional,4.36,558,92.3,100.0,56.2,15,39812.12,4.68,30444,53796526.86,6.2,36,E-commerce Marketplace,Germany,No,2
2039,OnePlus,6072,0,1.9,0,0,1,128,0.9,100,10,55,1657,1892,6144,16,10,9,0,0,MediaTek Dimensity,4799,OLED,144,1,WiFi 5,5.1,Yes,Yes,Yes,Android,13.7,45,96.0,35.4,92.5,1454.96,Flagship,1388.48,4.72,Gamer,4.4,1213,92.0,77.9,61.5,5,40128.34,2.58,20015,27664973.18,7.21,24,Online Store,USA,No,1
2040,Vivo,4830,1,2.0,1,23,1,128,0.3,191,8,55,981,1410,8192,18,0,10,0,1,Apple Bionic,4354,AMOLED,90,1,WiFi 6,5.0,No,No,Yes,Android,18.7,65,80.9,50.4,79.0,1465.78,Flagship,1707.54,8.73,General User,4.34,570,83.7,100.0,48.8,0,63114.49,7.47,46069,67527018.82,0.98,36,Online Store,UAE,Yes,1
2041,Xiaomi,4611,0,3.0,0,7,1,128,0.5,236,6,59,1668,897,6144,5,6,9,1,0,Google Tensor,4718,Super AMOLED,120,1,WiFi 6,5.2,Yes,Yes,Yes,Android,12.5,120,92.5,80.3,93.3,1611.86,Flagship,1573.39,11.92,Student,5.0,2401,100.0,90.7,85.8,15,26582.7,7.49,39321,53872955.0,0.5,36,Telecom Partner,Singapore,Yes,0
2042,Motorola,3843,1,3.1,1,17,1,128,0.8,217,8,21,2042,1438,8192,7,3,14,0,0,Google Tensor,5064,IPS LCD,144,1,WiFi 6,5.4,Yes,Yes,Yes,Android,15.3,18,82.0,72.6,59.1,1710.18,Flagship,1860.53,4.19,General User,3.87,3057,80.1,84.7,72.2,25,103872.71,11.69,52933,67893718.46,4.55,24,E-commerce Marketplace,India,Yes,0
2043,Xiaomi,6854,0,1.0,1,21,1,32,1.0,150,10,33,441,1496,6144,7,3,5,1,0,Exynos,3765,AMOLED,144,1,WiFi 5,5.4,Yes,Yes,Yes,Android,15.5,65,83.5,47.9,78.1,1554.18,Flagship,1370.47,13.17,Student,5.0,527,100.0,100.0,70.1,5,37068.18,2.81,17941,26489366.21,0.9,12,E-commerce Marketplace,Singapore,No,1
2044,OnePlus,6427,0,2.9,0,12,1,64,0.3,106,4,8,1119,851,8192,5,4,2,0,0,Google Tensor,4995,OLED,144,1,WiFi 5,5.2,No,Yes,Yes,Android,13.9,120,88.7,30.4,74.1,1473.96,Flagship,1612.05,0.1,Gamer,5.0,12962,89.0,92.4,71.9,20,35977.05,6.07,26702,31486143.94,1.79,12,Telecom Partner,Australia,No,1
2045,Samsung,4086,1,3.0,0,24,1,512,0.7,199,4,8,461,1800,6144,15,9,9,1,1,Apple Bionic,4571,OLED,120,0,WiFi 6,5.4,No,Yes,Yes,Android,17.1,33,80.7,37.4,100.0,1680.55,Flagship,1837.76,14.27,Student,4.01,3263,77.6,76.1,87.4,0,73004.46,7.22,62758,105467956.9,7.26,18,Telecom Partner,Australia,Yes,0
2046,OnePlus,2763,1,2.0,0,22,1,64,0.2,129,4,87,358,1168,8192,15,1,13,1,1,Snapdragon,4949,LCD,120,1,WiFi 6E,5.4,Yes,Yes,Yes,Android,12.5,25,74.7,74.0,80.3,1413.25,Flagship,1287.94,5.57,General User,4.35,1352,91.7,100.0,73.4,10,57138.27,4.74,34148,43433694.9,0.5,24,Telecom Partner,Germany,No,0
2047,Motorola,6886,1,3.1,0,6,1,128,0.2,228,10,26,460,724,6144,19,2,20,1,0,Snapdragon,5332,LCD,120,0,WiFi 6,5.0,Yes,Yes,Yes,Android,12.5,120,84.2,29.1,72.4,1377.98,Flagship,1434.48,11.43,Student,4.21,1839,89.0,62.9,58.4,5,67902.84,6.03,27099,35474786.02,4.88,12,Retail Store,Singapore,No,1
2048,Realme,3968,0,2.2,1,28,1,256,0.3,131,6,13,2017,1421,12288,7,9,18,1,1,Apple Bionic,6164,IPS LCD,144,1,WiFi 5,5.3,No,Yes,Yes,Android,17.8,120,91.5,47.8,73.1,1851.2,Flagship,1662.86,1.62,General User,4.13,1049,84.0,67.6,74.4,20,56392.04,8.4,45743,67743553.28,3.73,18,Online Store,UAE,Yes,2
2049,Google,2833,1,3.5,1,23,1,128,0.1,119,8,47,1024,1249,2048,7,7,11,1,0,Google Tensor,3526,Super AMOLED,90,1,WiFi 6,5.3,No,Yes,Yes,Android,15.0,45,94.1,37.4,84.0,1008.68,Premium,1061.69,6.03,Gamer,4.34,2658,85.3,100.0,62.0,10,178243.05,5.84,42661,38728167.73,6.12,24,Retail Store,UAE,Yes,0
2050,Motorola,5213,0,1.8,0,2,1,64,0.2,232,10,52,796,1141,8192,16,8,13,0,0,MediaTek Dimensity,4939,IPS LCD,60,0,WiFi 6,5.2,Yes,Yes,Yes,Android,12.9,120,93.2,60.5,88.5,1414.54,Flagship,1252.15,4.64,Business User,4.38,1603,82.3,95.7,55.8,5,8991.03,3.37,25491,34255137.18,8.78,18,Retail Store,Singapore,No,1
2051,Samsung,2916,1,2.5,0,8,1,128,0.7,201,6,99,604,1696,12288,12,3,5,0,0,MediaTek Dimensity,6942,IPS LCD,120,1,WiFi 5,5.3,No,Yes,No,Android,16.6,33,86.6,90.3,63.6,1979.03,Flagship,1950.76,18.53,Professional,4.3,783,83.0,85.8,57.7,5,110713.08,3.6,30593,57517241.55,4.86,18,E-commerce Marketplace,Australia,No,2
2052,Xiaomi,4005,1,1.3,1,24,1,16,1.0,124,8,84,1723,1898,4096,14,5,13,0,0,Exynos,3820,IPS LCD,144,1,WiFi 6E,5.0,No,No,Yes,Android,14.8,25,81.6,100.0,81.3,1112.98,Premium,1185.21,8.03,Business User,5.0,913,98.7,97.1,73.9,20,29479.76,4.1,34186,30438667.42,5.39,36,Retail Store,Australia,No,0
2053,Realme,2799,0,1.4,0,30,1,256,0.8,93,6,64,658,1182,3072,15,2,17,1,1,Snapdragon,2924,OLED,60,1,WiFi 6E,5.4,Yes,No,No,Android,17.5,45,85.2,75.4,72.3,1191.61,Premium,1336.87,6.41,Professional,3.97,2284,92.7,70.3,63.5,10,50680.67,12.41,49120,52678694.88,3.01,24,Retail Store,UAE,Yes,0
2054,Google,4558,0,1.3,1,19,1,64,0.5,91,4,47,1051,1952,4096,17,8,14,1,0,Exynos,3070,IPS LCD,144,1,WiFi 5,5.1,Yes,Yes,No,Android,13.3,18,86.2,75.5,86.1,1460.33,Flagship,1529.35,8.55,Professional,4.76,2576,100.0,100.0,59.0,10,9917.56,0.1,31546,41460813.16,0.5,24,Retail Store,Australia,No,0
2055,Motorola,4589,0,1.4,0,19,1,128,0.8,195,6,25,1206,1516,8192,19,8,18,0,1,Snapdragon,4356,OLED,60,1,WiFi 6,5.2,Yes,Yes,Yes,Android,15.6,18,86.7,62.7,76.5,1154.32,Premium,1226.02,8.75,General User,4.37,2075,97.5,64.4,39.5,15,75892.37,12.19,40494,39731578.97,3.71,12,Telecom Partner,Germany,Yes,0
2056,Vivo,4616,1,2.7,0,31,1,128,0.9,225,4,39,419,1635,6144,14,3,5,0,1,MediaTek Dimensity,4076,AMOLED,120,1,WiFi 5,5.2,Yes,Yes,Yes,Android,18.8,120,95.2,56.4,91.3,1470.7,Flagship,1705.69,2.21,Student,4.29,1488,85.1,76.4,66.7,20,75960.85,10.13,46998,55295966.88,0.67,12,E-commerce Marketplace,USA,Yes,0
2057,Google,4526,1,1.7,0,8,1,16,0.8,157,4,23,676,1149,4096,10,8,13,0,1,Google Tensor,2390,LCD,120,1,WiFi 5,5.1,Yes,Yes,No,Android,12.7,33,90.2,44.2,77.4,1207.67,Flagship,1411.88,8.25,Gamer,4.45,2434,84.0,95.2,49.0,25,20928.72,6.39,17973,16279089.68,5.4,24,Telecom Partner,Australia,No,0
2058,Oppo,2788,0,3.2,1,0,1,64,0.3,158,8,95,879,999,16384,12,4,14,0,1,Apple Bionic,8792,Super AMOLED,60,1,WiFi 5,5.3,Yes,Yes,Yes,Android,16.0,25,94.8,74.4,92.8,1945.67,Flagship,2244.37,2.28,Business User,5.0,359,92.3,92.9,64.4,10,99167.79,8.31,48421,84790158.36,2.32,36,E-commerce Marketplace,UK,Yes,2
2059,Apple,2930,1,2.0,1,27,1,256,0.8,218,4,44,1716,583,8192,6,4,6,1,1,MediaTek Dimensity,4326,AMOLED,60,1,WiFi 6E,5.4,No,Yes,No,iOS,18.2,18,90.6,97.4,77.7,2233.77,Flagship,2161.68,17.73,General User,4.67,1575,89.6,91.8,58.0,15,27867.99,4.89,32173,61087019.88,4.96,24,Telecom Partner,Singapore,No,2
2060,Realme,2779,0,2.3,0,27,1,32,0.8,119,6,82,1962,1460,12288,14,0,14,1,0,Exynos,5819,LCD,120,1,WiFi 6,5.3,No,Yes,Yes,Android,12.9,45,95.0,62.8,71.3,1513.13,Flagship,1463.19,8.95,Gamer,4.9,356,100.0,100.0,56.5,10,6792.9,4.19,19799,26962614.78,4.81,24,Retail Store,UK,No,2
2061,Xiaomi,5349,1,0.9,0,3,1,256,1.0,202,4,10,1510,1575,4096,13,10,19,0,1,MediaTek Dimensity,2568,AMOLED,120,1,WiFi 6E,5.3,No,No,No,Android,15.2,45,94.0,29.7,79.9,1462.37,Flagship,1530.84,8.73,Student,3.81,2255,79.8,100.0,60.7,10,55038.01,5.45,30509,40153901.7,4.87,18,Online Store,Australia,No,1
2062,Motorola,3151,1,2.9,1,1,1,32,0.3,215,8,19,694,968,12288,10,7,14,1,0,Apple Bionic,7301,OLED,144,1,WiFi 6,5.2,No,Yes,Yes,Android,12.2,33,88.5,56.0,92.8,1840.78,Flagship,1796.19,5.31,Professional,4.95,1203,100.0,100.0,81.7,20,56080.18,4.6,22628,33322535.87,5.48,24,Online Store,Australia,No,2
2063,Xiaomi,2843,0,1.2,1,20,1,128,0.9,166,6,8,1211,1550,4096,13,8,8,1,1,Exynos,3338,OLED,90,0,WiFi 6,5.3,Yes,Yes,No,Android,13.0,65,84.2,32.6,72.4,1295.0,Flagship,1085.94,7.24,Business User,4.04,256,75.1,64.5,39.3,0,50592.14,3.36,12133,15712235.0,5.97,18,Telecom Partner,Singapore,No,0
2064,Oppo,3747,1,2.2,1,13,1,256,0.8,177,6,101,520,1138,4096,13,11,2,1,0,Apple Bionic,2609,Super AMOLED,120,1,WiFi 6E,5.4,Yes,Yes,Yes,Android,16.4,80,88.5,94.9,83.5,1532.76,Flagship,1379.57,6.49,Student,5.0,12983,100.0,100.0,88.9,25,30546.54,2.48,33239,38210557.23,1.45,24,Retail Store,UAE,No,0
2065,Apple,5960,1,0.9,1,15,1,64,0.8,132,6,17,2098,1528,8192,9,8,6,0,1,MediaTek Dimensity,4063,AMOLED,144,1,WiFi 6E,5.3,No,Yes,Yes,iOS,19.0,80,65.0,54.9,95.0,1964.31,Flagship,1841.66,13.8,Student,4.99,1269,100.0,86.1,97.0,0,11795.44,8.85,30300,59518593.0,4.57,24,Telecom Partner,UAE,No,2
2066,Vivo,5737,0,2.4,0,30,1,128,0.9,224,6,8,287,619,6144,18,6,20,1,1,Apple Bionic,3427,LCD,120,0,WiFi 6,5.4,No,Yes,Yes,Android,13.2,25,77.1,69.5,75.6,1429.19,Flagship,1214.94,8.05,Gamer,4.39,1524,79.1,98.6,86.3,15,104920.73,1.74,37063,45024558.62,7.47,18,Online Store,India,Yes,1
2067,Motorola,5892,0,3.4,0,25,1,256,0.7,148,4,25,1675,1837,8192,14,6,12,1,0,Google Tensor,5144,IPS LCD,60,1,WiFi 5,5.2,Yes,Yes,Yes,Android,15.7,45,84.9,45.4,79.3,1494.25,Flagship,1296.94,6.9,Business User,4.99,976,99.1,83.4,50.2,0,62579.16,2.45,29399,43929455.75,2.8,36,Telecom Partner,UAE,No,1
2068,Motorola,3372,1,1.8,0,10,1,512,0.1,162,10,66,923,1893,6144,12,6,5,1,0,MediaTek Dimensity,5340,AMOLED,90,1,WiFi 6,5.0,No,Yes,Yes,Android,18.2,45,96.1,90.2,99.2,2180.03,Flagship,2304.16,9.18,Gamer,5.0,575,100.0,94.3,86.8,0,11600.68,10.03,41106,89612313.18,7.97,12,Telecom Partner,Australia,Yes,2
2069,Motorola,3722,1,2.6,0,5,1,64,0.2,215,6,14,357,1267,6144,6,0,20,0,1,MediaTek Dimensity,3893,OLED,144,1,WiFi 6E,5.0,Yes,No,Yes,Android,14.3,45,80.1,51.1,70.0,1282.18,Flagship,1170.43,8.31,Professional,4.2,119,84.7,87.6,54.1,0,54686.34,1.56,23001,29491422.18,6.4,36,Online Store,Australia,No,0
2070,Google,2735,1,3.3,0,27,1,64,0.4,101,4,71,1613,2109,8192,14,8,3,0,1,Snapdragon,5383,IPS LCD,60,1,WiFi 6,5.2,Yes,Yes,No,Android,18.9,120,83.7,65.7,80.7,1278.03,Flagship,1110.79,19.55,Business User,4.88,5199,90.0,98.6,84.0,20,50680.67,10.09,46273,47310625.75,7.12,18,Retail Store,Australia,Yes,0
2071,Apple,4168,0,1.9,0,14,1,128,0.8,184,4,100,1842,1116,12288,9,10,8,1,1,Exynos,5662,Super AMOLED,60,1,WiFi 7,5.3,No,No,Yes,iOS,18.9,25,96.7,93.5,74.4,1942.19,Flagship,2268.63,16.99,General User,5.0,2935,100.0,67.7,56.8,15,93330.23,7.1,29312,48390052.29,5.22,18,Online Store,Australia,No,2
2072,Motorola,6233,1,0.9,0,14,1,256,0.8,95,4,16,902,686,6144,18,3,10,1,0,Apple Bionic,3177,OLED,60,1,WiFi 5,5.4,Yes,Yes,No,Android,15.1,65,88.6,51.4,83.1,1591.05,Flagship,1770.35,6.59,Student,4.74,1413,98.0,100.0,98.3,15,8949.87,5.05,43652,59034637.41,10.79,36,E-commerce Marketplace,UAE,Yes,1
2073,Apple,4364,1,1.9,1,13,1,32,0.3,237,8,61,290,574,12288,5,10,4,0,0,MediaTek Dimensity,7207,LCD,60,1,WiFi 5,5.0,No,No,Yes,iOS,19.3,33,99.2,45.4,54.7,1870.8,Flagship,1755.35,10.67,General User,4.62,1261,87.8,66.8,67.5,0,90434.2,5.91,28330,52999764.0,7.22,24,Retail Store,Australia,No,2
2074,Oppo,6020,0,2.9,0,32,1,64,0.6,112,8,20,2131,1119,8192,15,9,6,1,0,Apple Bionic,5045,OLED,144,1,WiFi 6,5.3,No,Yes,No,Android,12.1,45,85.5,43.0,96.8,1458.17,Flagship,1568.55,11.68,Professional,3.2,992,65.2,63.9,39.9,25,7540.46,7.37,31356,34291783.89,8.48,24,Retail Store,UK,No,1
2075,Apple,3268,1,3.1,0,0,1,256,0.1,174,8,50,1220,1451,12288,8,3,18,0,1,Exynos,7089,Super AMOLED,60,1,WiFi 6,5.0,Yes,Yes,Yes,iOS,16.3,18,95.6,65.2,83.0,2294.29,Flagship,1881.34,12.24,General User,4.97,1337,100.0,99.5,78.6,0,34150.05,12.75,41387,94953780.23,5.33,18,E-commerce Marketplace,UK,Yes,2
2076,Oppo,4423,1,1.6,0,2,1,128,0.4,170,4,18,928,1404,4096,6,10,11,1,0,Google Tensor,2816,AMOLED,90,0,WiFi 6,5.0,Yes,No,No,Android,17.9,80,82.2,54.4,78.6,1034.34,Premium,1051.44,3.19,General User,4.27,542,88.6,84.4,75.3,20,33386.99,4.62,29779,24641288.69,1.56,24,Retail Store,Germany,No,0
2077,Samsung,4275,0,1.2,0,6,1,128,0.2,93,6,34,909,1737,8192,10,6,8,0,0,Apple Bionic,4299,OLED,60,0,WiFi 5,5.3,Yes,Yes,Yes,Android,17.0,45,97.2,47.0,75.0,1207.49,Flagship,1046.01,22.3,Gamer,4.19,830,85.1,100.0,86.3,5,23527.86,3.47,36684,42080785.0,3.79,36,Telecom Partner,UK,Yes,0
2078,Motorola,3031,1,3.0,0,21,1,128,0.4,183,8,28,2082,1085,8192,8,5,5,1,1,Apple Bionic,5503,AMOLED,60,0,WiFi 5,5.1,No,Yes,Yes,Android,14.6,120,83.9,38.8,84.0,1513.38,Flagship,1590.06,9.65,Professional,5.0,6964,98.3,100.0,81.3,15,11551.79,0.88,25173,32381867.53,5.9,18,Online Store,India,No,0
2079,Xiaomi,3859,1,1.6,0,25,1,512,0.4,186,4,11,1609,1169,4096,8,5,16,0,0,Exynos,2384,IPS LCD,120,1,WiFi 6,5.4,Yes,No,Yes,Android,12.5,18,81.8,43.4,78.3,1691.29,Flagship,1647.52,0.1,Student,4.53,1156,89.8,81.9,63.0,0,297247.51,8.24,46910,79338413.9,3.12,12,Retail Store,Germany,Yes,0
2080,OnePlus,6093,0,1.2,1,27,1,128,0.7,221,8,18,865,559,6144,9,5,16,1,1,Google Tensor,4043,AMOLED,120,0,WiFi 6,5.2,Yes,Yes,Yes,Android,18.7,65,98.1,46.3,87.3,1154.8,Premium,1207.22,9.89,General User,4.78,316,100.0,99.3,75.9,20,204959.07,5.4,43778,40443867.52,1.75,36,Retail Store,Australia,Yes,1
2081,Realme,5105,1,3.0,1,28,1,128,0.4,128,4,74,1406,2381,2048,5,11,15,0,1,Exynos,2880,IPS LCD,90,0,WiFi 6,5.2,Yes,Yes,Yes,Android,15.2,25,87.8,79.2,86.6,885.28,Premium,932.75,4.68,Gamer,4.39,1027,83.8,84.2,66.2,0,38700.63,8.57,43298,38330853.44,4.2,18,Telecom Partner,UK,Yes,1
2082,Vivo,6585,1,1.8,0,22,1,128,0.8,203,6,81,315,1456,8192,10,2,17,0,1,Snapdragon,4864,AMOLED,120,1,WiFi 6E,5.1,No,No,Yes,Android,12.0,80,94.6,89.6,77.9,1354.13,Flagship,1219.55,8.74,Gamer,4.93,6782,98.0,87.0,76.1,10,52905.86,5.16,36699,44725695.18,3.75,12,Retail Store,Singapore,Yes,1
2083,Realme,3011,1,2.3,1,22,1,128,0.9,190,10,94,528,680,12288,19,0,12,1,0,Google Tensor,6451,AMOLED,90,1,WiFi 5,5.2,No,Yes,Yes,Android,15.8,25,89.5,85.1,91.2,1922.95,Flagship,1900.9,7.43,General User,4.96,408,87.6,100.0,93.0,20,47355.61,8.08,42911,66012565.96,5.34,12,Telecom Partner,Singapore,Yes,2
2084,Vivo,4982,1,2.7,1,26,1,64,0.1,90,10,17,1424,1079,4096,9,3,12,1,0,Apple Bionic,4708,LCD,60,1,WiFi 6,5.2,Yes,Yes,Yes,Android,15.1,18,93.1,36.4,80.6,981.65,Premium,1088.61,3.91,Professional,4.3,265,86.8,71.4,58.5,0,16643.68,7.66,32554,31956634.1,4.03,36,Online Store,UK,No,1
2085,Samsung,6625,1,2.3,1,16,1,512,0.2,189,4,39,1399,1350,2048,17,4,20,0,0,Exynos,2597,AMOLED,144,0,WiFi 6,5.4,Yes,Yes,Yes,Android,16.6,33,80.9,40.3,79.8,1628.86,Flagship,1699.58,15.72,General User,4.24,864,90.5,100.0,94.9,0,25932.55,6.96,45967,74873807.62,4.77,12,Telecom Partner,Germany,Yes,1
2086,Oppo,4154,0,2.8,1,22,1,16,0.8,181,6,11,1672,964,4096,7,0,19,1,1,Snapdragon,3675,Super AMOLED,90,1,WiFi 7,5.4,Yes,Yes,Yes,Android,14.7,65,90.7,39.8,74.1,988.65,Premium,938.99,15.53,General User,4.14,2603,74.5,100.0,84.5,5,53568.78,4.7,31269,29368392.01,9.89,18,Retail Store,Germany,No,0
2087,Vivo,4815,1,3.3,1,21,1,128,0.3,193,4,13,1316,884,2048,12,11,6,0,0,MediaTek Dimensity,3533,Super AMOLED,144,0,WiFi 5,5.3,No,Yes,Yes,Android,13.0,18,84.3,54.7,75.5,1140.44,Premium,1151.66,4.54,Gamer,4.63,580,90.4,72.5,55.2,0,324125.92,10.86,62721,71529537.24,4.09,12,Retail Store,India,Yes,0
2088,Vivo,6727,1,1.8,0,18,1,128,0.9,197,8,41,1855,2048,8192,13,9,2,1,1,Snapdragon,5074,IPS LCD,90,1,WiFi 7,5.4,Yes,Yes,Yes,Android,16.3,18,74.9,48.7,81.9,1516.55,Flagship,1752.63,0.79,General User,4.08,1041,92.9,85.4,80.1,20,14687.46,3.84,33323,40428796.52,3.12,24,Retail Store,Singapore,No,1
2089,Realme,4547,1,1.0,1,21,1,256,0.3,99,10,30,1709,1474,8192,7,2,7,0,1,Google Tensor,5522,Super AMOLED,60,1,WiFi 6,5.3,No,Yes,Yes,Android,14.0,65,94.0,54.6,66.3,1728.45,Flagship,1949.94,8.61,Business User,3.82,2210,77.0,73.8,55.8,10,27475.08,5.29,34602,53827044.21,5.97,36,E-commerce Marketplace,Germany,No,2
2090,Realme,5302,1,2.1,0,19,1,256,0.3,162,10,26,1076,2373,8192,17,0,4,1,0,Snapdragon,5585,OLED,60,1,WiFi 7,5.4,Yes,Yes,Yes,Android,17.1,45,80.7,37.9,72.5,1530.36,Flagship,1569.68,6.11,Gamer,4.35,4655,84.7,100.0,47.1,20,16964.5,6.32,24851,30424781.09,6.55,24,E-commerce Marketplace,Germany,No,1
2091,Samsung,4594,1,1.9,1,12,1,256,0.3,227,8,11,571,1106,6144,19,0,16,1,1,Snapdragon,4514,IPS LCD,144,1,WiFi 6,5.4,Yes,Yes,Yes,Android,12.7,25,78.9,31.0,84.4,1559.85,Flagship,1337.99,21.28,Gamer,4.2,4705,85.9,100.0,78.7,10,13351.96,8.37,40498,56853724.77,0.5,36,Telecom Partner,India,Yes,0
2092,Apple,6780,0,1.3,0,15,1,128,0.2,167,4,30,1588,1767,8192,13,0,20,0,0,Apple Bionic,4274,Super AMOLED,144,1,WiFi 5,5.0,No,No,Yes,iOS,19.4,25,90.2,20.0,91.8,1734.16,Flagship,1447.68,18.52,Professional,4.06,2542,87.8,80.0,89.6,0,53715.19,7.25,38857,67384255.12,5.28,18,Telecom Partner,UK,Yes,1
2093,Oppo,2886,0,3.3,1,32,1,256,0.5,203,6,6,1527,1799,16384,17,9,9,1,1,Exynos,8602,AMOLED,144,1,WiFi 6,5.1,Yes,Yes,Yes,Android,12.1,33,99.6,76.6,80.3,2266.78,Flagship,2124.12,5.36,Student,4.2,12772,89.9,63.9,74.4,10,17176.25,4.3,22749,46410280.4,5.44,18,Retail Store,Singapore,No,2
2094,Vivo,6726,0,2.2,1,17,1,128,0.3,82,4,94,2174,913,8192,11,7,15,1,1,Apple Bionic,4656,AMOLED,144,1,WiFi 6,5.1,Yes,No,Yes,Android,13.6,45,86.2,84.8,88.8,1808.07,Flagship,1872.74,0.1,Business User,5.0,3832,100.0,75.1,68.2,0,19558.82,4.97,42748,77291376.36,6.69,36,E-commerce Marketplace,Singapore,Yes,1
2095,Xiaomi,5900,0,1.0,0,31,1,128,0.4,131,4,95,536,2325,16384,12,6,7,0,0,Exynos,7204,OLED,120,1,WiFi 6,5.4,Yes,No,Yes,Android,17.7,65,80.6,100.0,86.2,2028.17,Flagship,2327.78,15.59,Professional,5.0,3305,100.0,100.0,86.8,20,89844.41,4.49,22902,37159319.47,10.04,18,Retail Store,Australia,No,2
2096,Realme,4139,1,2.5,0,21,1,256,0.7,165,4,74,1972,1417,12288,14,0,18,0,0,Snapdragon,5776,LCD,90,0,WiFi 5,5.0,Yes,Yes,Yes,Android,17.3,45,84.3,85.2,82.1,1846.98,Flagship,2014.13,6.9,Gamer,4.66,2134,89.5,75.0,89.8,5,49774.0,6.89,34563,60645311.25,2.94,12,Retail Store,Germany,No,2
2097,Apple,4383,0,2.2,1,27,1,32,0.8,148,8,31,1431,1885,4096,11,10,7,0,1,MediaTek Dimensity,3774,AMOLED,120,1,WiFi 6,5.2,Yes,Yes,No,iOS,18.6,33,91.7,52.2,79.3,1579.61,Flagship,1486.45,16.08,Business User,4.26,3605,90.4,100.0,81.2,5,17470.57,8.43,28143,42232216.02,6.55,18,Retail Store,India,No,0
2098,Motorola,4641,1,2.9,0,6,1,128,0.9,139,4,26,1190,826,3072,6,11,10,1,1,Snapdragon,2961,LCD,90,0,WiFi 6,5.3,No,Yes,Yes,Android,17.8,18,88.1,45.9,66.4,986.52,Premium,1010.14,15.11,Student,4.07,740,98.4,74.8,58.4,5,68777.46,1.93,29108,27279842.95,0.95,36,Retail Store,Germany,No,0
2099,Motorola,4065,0,2.4,0,26,1,32,0.5,181,4,60,1130,2202,6144,14,10,13,1,1,Apple Bionic,3757,Super AMOLED,60,1,WiFi 6E,5.1,Yes,Yes,Yes,Android,12.2,45,81.9,75.7,66.9,959.78,Premium,923.76,7.6,Professional,5.0,1207,100.0,74.3,70.2,5,14825.25,6.18,42119,38403725.13,5.19,18,Telecom Partner,India,Yes,0
2100,Realme,4968,0,1.5,0,32,1,64,0.7,210,6,71,897,1432,4096,11,1,12,0,0,Snapdragon,2971,Super AMOLED,120,1,WiFi 5,5.4,No,Yes,Yes,Android,14.0,65,80.0,80.0,100.0,1365.47,Flagship,1192.32,6.82,Gamer,5.0,530,100.0,90.3,98.5,5,302153.9,3.1,54025,70081040.91,9.88,12,Online Store,Germany,Yes,1
2101,Apple,2505,0,2.8,0,21,1,128,0.4,149,4,41,1842,1607,4096,10,11,19,0,1,Exynos,3917,LCD,60,1,WiFi 6E,5.2,Yes,Yes,Yes,iOS,20.0,33,89.2,34.7,69.3,1675.36,Flagship,1858.15,15.73,Student,4.14,1352,84.0,87.7,78.7,5,29405.12,0.93,35304,56189563.97,6.17,24,Retail Store,India,Yes,0
2102,Xiaomi,6507,1,0.9,1,11,1,128,0.4,127,6,103,672,799,8192,6,10,20,1,0,MediaTek Dimensity,4925,IPS LCD,120,0,WiFi 5,5.1,Yes,Yes,Yes,Android,18.8,25,94.8,100.0,59.4,1418.29,Flagship,1588.42,6.2,Gamer,4.03,906,78.9,78.6,80.5,25,95221.3,10.29,51451,54729329.09,9.41,18,Online Store,Singapore,Yes,1
2103,Oppo,4587,0,1.4,1,15,1,256,0.3,189,6,93,1746,1091,6144,13,6,3,1,1,Snapdragon,4077,IPS LCD,144,1,WiFi 6,5.1,Yes,Yes,Yes,Android,15.7,80,84.8,83.0,83.9,1600.82,Flagship,1324.27,10.92,Gamer,4.32,162,92.4,88.2,67.0,20,28353.28,6.28,30877,39542815.31,3.51,24,Retail Store,USA,No,0
2104,Motorola,2635,1,1.6,0,12,1,128,0.5,225,6,99,2128,1129,8192,5,4,15,1,0,Snapdragon,5384,LCD,60,1,WiFi 6,5.3,Yes,Yes,Yes,Android,15.1,25,86.5,83.5,86.1,1670.72,Flagship,1401.21,11.52,General User,4.1,1878,84.3,87.9,50.1,25,43622.09,6.1,39908,50006320.32,1.97,24,Online Store,Singapore,Yes,0
2105,Oppo,5284,0,3.0,1,9,1,128,0.4,221,8,56,214,693,8192,11,11,8,1,1,Apple Bionic,6382,IPS LCD,120,1,WiFi 7,5.4,Yes,No,Yes,Android,13.2,18,93.2,73.8,87.6,1417.68,Flagship,1206.62,0.1,Professional,4.11,584,92.3,100.0,74.7,0,346034.95,10.46,61585,87307822.8,12.62,36,Telecom Partner,Germany,Yes,1
2106,OnePlus,2975,1,2.8,1,11,1,512,0.9,88,6,22,137,2103,8192,10,10,18,1,0,Snapdragon,4778,Super AMOLED,144,1,WiFi 6,5.0,Yes,Yes,Yes,Android,12.0,65,95.5,53.0,73.5,1895.46,Flagship,2041.79,1.02,Student,4.25,305,79.3,92.9,78.3,25,262760.9,2.84,44537,63313576.52,2.54,12,Retail Store,UK,Yes,0
2107,Realme,3945,1,1.1,1,17,1,256,0.1,156,4,65,1624,1630,6144,7,2,19,0,0,MediaTek Dimensity,3308,OLED,60,1,WiFi 6,5.1,Yes,No,Yes,Android,13.7,33,76.7,89.8,87.9,1634.61,Flagship,1864.27,10.38,General User,5.0,241,100.0,100.0,100.0,0,93225.92,7.84,36299,59334708.39,4.95,12,Telecom Partner,UK,Yes,0
2108,Realme,6943,1,3.5,0,14,1,64,0.4,156,10,91,1512,1691,6144,13,6,5,1,0,Snapdragon,6122,Super AMOLED,60,1,WiFi 6,5.0,No,Yes,Yes,Android,13.3,45,98.6,83.7,84.7,1289.14,Flagship,1305.96,13.45,Student,4.69,1216,93.1,86.6,57.3,5,40924.94,8.8,40232,49271446.46,4.4,24,Online Store,UAE,Yes,1
2109,Oppo,5535,1,3.1,0,21,1,16,0.7,214,4,73,744,2225,6144,19,2,17,1,0,Exynos,4034,Super AMOLED,60,1,WiFi 5,5.0,No,Yes,No,Android,16.4,45,89.6,63.0,94.9,1096.89,Premium,980.63,11.98,Student,3.89,1049,79.0,100.0,80.9,0,81888.38,9.05,43930,48186377.7,4.62,24,Telecom Partner,Australia,Yes,1
2110,Xiaomi,3298,0,3.3,1,12,1,128,0.2,100,6,107,703,858,3072,7,11,15,0,0,Exynos,3785,AMOLED,60,1,WiFi 7,5.4,Yes,Yes,Yes,Android,14.7,33,92.1,100.0,70.2,1241.97,Flagship,1055.28,9.88,Gamer,5.0,1089,95.9,99.5,74.7,0,16467.02,12.15,58249,72343510.53,0.5,18,Telecom Partner,USA,Yes,0
2111,OnePlus,5743,0,1.8,0,17,1,64,0.3,145,6,12,1193,1375,12288,15,10,9,0,1,Exynos,5848,Super AMOLED,144,1,WiFi 5,5.1,No,No,No,Android,13.2,65,92.4,24.1,100.0,1663.39,Flagship,1479.81,13.14,Student,4.44,1817,100.0,76.8,86.3,25,85522.4,10.7,46502,58013221.34,2.82,18,E-commerce Marketplace,UK,Yes,2
2112,Google,3312,1,2.3,0,1,1,16,1.0,171,10,97,2177,1954,4096,13,6,14,1,1,Apple Bionic,3775,AMOLED,90,1,WiFi 5,5.2,No,Yes,Yes,Android,18.9,120,83.5,53.5,90.0,1286.11,Flagship,1346.27,7.21,General User,4.05,768,91.0,100.0,85.7,0,215349.48,7.54,44565,57315492.15,8.54,36,Online Store,Singapore,Yes,0
2113,Samsung,3856,0,1.8,0,4,1,64,0.8,121,8,105,2166,1157,4096,19,3,16,1,0,Apple Bionic,3221,OLED,60,1,WiFi 5,5.4,No,Yes,Yes,Android,15.2,80,77.8,100.0,80.2,1222.86,Flagship,1058.52,16.7,Student,5.0,10439,96.4,93.8,85.6,20,14464.15,5.03,28385,27768704.88,2.47,12,Telecom Partner,USA,No,0
2114,Vivo,6065,1,2.9,0,15,1,128,0.3,84,10,102,1916,1840,3072,17,8,8,0,1,Apple Bionic,4165,OLED,144,1,WiFi 5,5.1,Yes,Yes,Yes,Android,17.1,45,88.0,80.5,88.9,1414.55,Flagship,1510.16,10.03,General User,4.86,1790,97.5,100.0,70.7,15,5094.51,4.97,31117,37414069.5,6.27,18,Telecom Partner,Singapore,No,1
2115,Motorola,3887,1,1.2,0,31,1,128,0.6,233,8,73,2006,2378,8192,8,6,3,0,0,Google Tensor,4563,LCD,144,1,WiFi 7,5.1,Yes,Yes,Yes,Android,16.9,80,82.3,100.0,74.9,1481.42,Flagship,1345.12,3.95,Student,4.96,1270,100.0,81.9,89.0,20,9247.61,5.96,35166,41676492.58,8.14,12,E-commerce Marketplace,UK,Yes,0
2116,Xiaomi,3171,1,3.1,0,6,1,64,0.8,175,8,98,1760,541,8192,18,11,16,1,1,Exynos,6026,OLED,90,1,WiFi 5,5.0,No,Yes,Yes,Android,16.7,80,70.4,88.8,65.9,1469.96,Flagship,1358.12,4.19,General User,4.69,1466,100.0,100.0,76.0,5,34830.14,4.7,25118,35076332.52,5.04,12,Retail Store,Singapore,No,0
2117,Realme,6113,0,3.4,0,3,1,128,0.8,148,8,101,1514,665,16384,11,5,13,0,0,Snapdragon,8460,OLED,60,1,WiFi 6E,5.2,Yes,Yes,No,Android,16.6,45,82.7,100.0,78.4,1908.37,Flagship,1985.9,5.87,General User,5.0,2371,97.2,100.0,85.5,10,58249.27,5.13,35392,60786927.94,5.32,36,Retail Store,Australia,Yes,2
2118,OnePlus,2959,1,2.7,0,8,1,256,0.9,224,6,45,937,684,8192,18,7,5,0,0,Apple Bionic,5399,LCD,120,1,WiFi 6,5.2,No,Yes,Yes,Android,12.4,33,94.0,36.0,65.0,1746.1,Flagship,1473.88,5.96,Gamer,4.56,622,77.5,83.5,73.7,10,262336.2,4.51,65130,102351143.7,5.78,18,E-commerce Marketplace,UK,Yes,0
2119,Oppo,5537,1,1.3,0,10,1,128,0.9,184,4,51,1302,562,6144,9,11,13,1,0,MediaTek Dimensity,4014,IPS LCD,144,1,WiFi 6,5.1,Yes,Yes,Yes,Android,13.1,33,86.9,67.3,70.3,1523.01,Flagship,1333.97,8.84,General User,3.95,4989,75.7,97.7,68.9,0,209424.83,9.4,36482,55562450.82,6.49,36,E-commerce Marketplace,Singapore,Yes,1
2120,Motorola,3296,0,2.9,0,4,1,128,0.1,166,6,51,351,1670,3072,15,9,20,1,0,Apple Bionic,2961,IPS LCD,60,1,WiFi 6E,5.2,Yes,No,Yes,Android,16.9,65,84.0,57.3,65.3,1210.23,Flagship,1115.41,6.51,Student,4.56,969,86.3,64.0,72.1,0,59418.51,4.93,35592,43074506.16,5.19,12,Retail Store,UK,Yes,0
2121,Vivo,4290,1,3.0,0,17,1,256,0.3,95,6,39,242,1033,6144,5,4,16,0,0,MediaTek Dimensity,4759,AMOLED,60,1,WiFi 6,5.3,Yes,No,Yes,Android,18.2,45,95.0,59.3,81.0,1317.76,Flagship,1508.47,2.88,Professional,3.28,874,66.9,100.0,47.7,20,51640.1,9.74,38233,40305534.46,5.12,18,E-commerce Marketplace,UAE,Yes,0
2122,Vivo,5721,1,2.7,0,27,1,256,0.4,138,4,94,115,891,8192,16,7,16,0,0,Google Tensor,5324,Super AMOLED,90,1,WiFi 7,5.4,No,Yes,No,Android,15.0,45,85.4,100.0,76.9,1736.47,Flagship,1764.18,2.7,Professional,5.0,571,100.0,100.0,77.8,5,32289.22,9.0,41262,68067713.88,5.83,12,Online Store,USA,Yes,1
2123,Google,3643,0,1.8,0,6,1,128,0.3,213,10,57,738,1555,8192,18,6,13,1,0,Exynos,5625,AMOLED,144,1,WiFi 6E,5.4,Yes,Yes,Yes,Android,18.1,65,84.6,30.2,87.5,1583.51,Flagship,1473.87,10.99,Student,3.78,667,75.8,61.1,46.9,10,45657.97,10.13,32623,46492962.06,5.91,18,Online Store,Germany,No,0
2124,Apple,6585,0,1.7,0,27,1,256,0.1,146,4,55,1689,1168,12288,12,9,18,1,0,Snapdragon,6463,OLED,120,1,WiFi 7,5.4,Yes,No,Yes,iOS,19.5,25,83.6,76.6,98.2,2377.71,Flagship,2721.11,13.36,Business User,4.62,418,87.9,92.8,71.7,5,32356.41,7.36,33629,75962009.11,6.8,18,Telecom Partner,USA,No,2
2125,Google,5725,0,2.9,1,6,1,256,0.6,214,10,89,131,1736,4096,8,2,16,1,0,Snapdragon,4009,AMOLED,144,1,WiFi 5,5.1,No,No,Yes,Android,17.8,120,88.3,68.1,84.7,1838.01,Flagship,2054.39,5.47,General User,5.0,5163,100.0,100.0,78.1,15,14786.5,8.67,21508,33602131.22,0.73,12,Retail Store,USA,No,1
2126,Samsung,4822,1,2.7,0,27,0,128,0.3,185,8,46,1486,2231,6144,16,3,9,0,0,MediaTek Dimensity,4697,LCD,90,0,WiFi 6,5.4,Yes,Yes,Yes,Android,16.7,18,81.6,72.1,85.2,1413.1,Flagship,1633.56,7.83,Business User,3.93,578,75.1,76.4,47.4,0,53484.21,12.11,42886,60602206.6,2.85,24,Retail Store,Singapore,Yes,1
2127,OnePlus,2699,0,2.6,1,3,1,128,0.5,232,4,90,506,1397,8192,11,8,8,1,0,Snapdragon,5053,LCD,60,1,WiFi 6E,5.1,Yes,Yes,No,Android,18.2,120,87.9,78.7,76.1,1669.5,Flagship,1671.1,13.52,Business User,4.88,3407,99.4,96.7,83.5,0,50705.6,4.86,31124,51961518.0,1.01,24,Telecom Partner,India,No,0
2128,Google,5468,1,1.3,0,29,1,32,0.5,96,8,45,203,996,2048,9,3,5,0,0,MediaTek Dimensity,3517,LCD,120,1,WiFi 6,5.1,Yes,Yes,Yes,Android,18.6,80,89.3,64.6,82.4,1060.7,Premium,955.47,15.7,General User,4.61,614,100.0,75.3,72.0,5,149597.83,3.8,41022,41336433.63,1.42,12,Online Store,UK,Yes,1
2129,OnePlus,6700,0,3.2,0,8,1,256,0.2,140,8,15,327,973,12288,5,7,4,0,1,MediaTek Dimensity,7492,AMOLED,144,0,WiFi 7,5.4,Yes,Yes,Yes,Android,17.9,65,100.0,28.1,78.2,2086.25,Flagship,2202.42,7.88,General User,3.92,42,79.8,75.9,80.6,0,142688.2,2.77,40248,83967390.0,8.9,18,E-commerce Marketplace,Singapore,Yes,2
2130,Realme,5540,0,1.0,0,28,1,128,0.1,224,8,34,1926,1473,12288,12,7,8,1,1,Snapdragon,6406,AMOLED,120,1,WiFi 6,5.4,Yes,Yes,No,Android,13.4,33,86.1,46.9,75.8,1838.1,Flagship,1870.97,1.95,General User,4.06,1313,84.7,100.0,74.1,20,101520.94,3.34,24746,36388498.08,6.24,12,Online Store,Singapore,No,2
2131,Vivo,2802,0,2.1,1,10,1,32,0.5,237,8,70,1457,1918,12288,13,3,8,1,0,Apple Bionic,6975,Super AMOLED,120,1,WiFi 6E,5.4,Yes,Yes,Yes,Android,12.2,18,81.5,81.0,100.0,1683.56,Flagship,1967.56,13.08,General User,5.0,3273,100.0,92.8,78.8,15,241626.1,7.0,46628,66725880.33,8.04,18,Telecom Partner,Singapore,Yes,2
2132,OnePlus,6262,1,2.9,0,26,1,64,0.5,193,10,38,760,631,2048,10,0,18,1,0,Exynos,3512,AMOLED,90,1,WiFi 5,5.4,No,Yes,Yes,Android,13.9,25,81.5,53.9,98.7,1341.02,Flagship,1471.52,14.44,Business User,4.5,3648,95.0,100.0,55.2,10,43569.64,3.14,29709,35856326.86,7.26,24,Retail Store,Germany,No,1
2133,Google,5959,1,2.9,1,8,1,256,0.2,216,10,71,455,535,6144,11,10,8,1,1,Exynos,5294,LCD,90,0,WiFi 6,5.0,No,Yes,Yes,Android,13.5,33,88.4,69.3,77.2,1502.2,Flagship,1452.85,6.7,Student,4.32,4533,79.5,86.5,78.8,20,33795.8,8.26,48218,57946463.68,3.57,18,Online Store,UAE,Yes,1
2134,Realme,3585,0,1.7,0,18,1,256,0.3,103,4,56,291,1794,4096,8,11,17,1,1,Snapdragon,2881,AMOLED,120,1,WiFi 7,5.1,Yes,Yes,Yes,Android,17.6,33,80.6,78.0,86.9,1787.4,Flagship,1516.91,7.71,General User,4.93,406,100.0,100.0,73.1,0,282140.31,8.11,43189,77196018.6,0.5,36,Online Store,USA,Yes,0
2135,Apple,5880,0,1.8,1,31,1,256,0.5,99,10,108,2012,1837,2048,16,9,5,0,0,MediaTek Dimensity,3726,AMOLED,120,1,WiFi 5,5.2,Yes,Yes,Yes,iOS,17.0,45,79.5,96.0,78.8,1963.87,Flagship,1853.09,15.78,Professional,3.87,323,80.1,100.0,80.2,20,93111.38,2.78,43879,68938121.38,0.5,12,Retail Store,Germany,Yes,1
2136,Apple,5104,1,1.6,1,32,1,64,0.5,87,4,93,1822,973,3072,7,10,15,0,0,Google Tensor,3166,LCD,144,1,WiFi 6E,5.0,Yes,Yes,Yes,iOS,16.0,18,88.0,55.7,78.3,1462.9,Flagship,1398.51,16.9,Professional,4.76,778,98.2,100.0,79.4,10,29833.38,6.76,37132,48888362.52,10.33,36,Online Store,India,Yes,1
2137,Apple,6707,1,3.0,0,5,1,512,1.0,155,4,66,1542,1090,3072,5,4,7,0,1,Google Tensor,3985,LCD,120,1,WiFi 5,5.3,No,Yes,No,iOS,16.1,45,99.7,77.7,70.4,2118.76,Flagship,1873.57,11.21,Professional,4.68,942,100.0,79.1,80.6,20,37358.65,10.1,53169,90121880.35,5.11,18,Retail Store,Singapore,Yes,1
2138,Realme,3549,1,3.3,0,8,1,64,0.9,197,10,48,968,1867,4096,18,11,19,1,1,Exynos,4348,OLED,120,1,WiFi 5,5.0,No,No,Yes,Android,13.2,45,86.2,60.5,82.5,1348.3,Flagship,1256.03,0.1,Student,5.0,1955,98.5,90.5,80.4,5,52364.71,4.74,41031,52555992.44,3.79,24,E-commerce Marketplace,UK,Yes,0
2139,OnePlus,5105,0,1.9,0,17,1,256,0.2,115,6,36,1515,526,12288,6,5,2,0,1,Exynos,6430,OLED,120,0,WiFi 6E,5.2,Yes,Yes,Yes,Android,18.5,18,85.3,49.5,81.6,1612.19,Flagship,1552.02,5.0,Professional,3.53,809,78.0,71.9,42.2,20,564409.55,9.91,60407,77910049.06,6.96,24,Telecom Partner,UK,Yes,2
2140,Vivo,2705,1,1.2,0,7,1,128,1.0,190,6,50,1578,916,6144,11,11,17,1,0,Google Tensor,3190,OLED,60,1,WiFi 6,5.1,Yes,Yes,Yes,Android,16.8,120,93.3,63.6,69.6,1546.93,Flagship,1653.45,4.65,Professional,3.9,9952,78.0,76.4,59.0,10,90075.03,6.18,21538,29986000.51,3.79,18,E-commerce Marketplace,Germany,No,0
2141,Realme,4118,0,1.6,0,8,1,128,1.0,118,4,57,743,1130,4096,7,11,12,0,1,Apple Bionic,2809,IPS LCD,60,1,WiFi 6E,5.0,Yes,Yes,Yes,Android,14.9,65,84.0,81.0,78.2,1276.24,Flagship,1323.05,8.25,Professional,4.86,455,100.0,78.3,77.1,0,93223.92,8.18,44569,56880740.56,6.4,12,Online Store,UK,Yes,0
2142,Google,6225,0,2.0,0,1,1,128,0.1,185,6,99,380,2269,6144,15,5,19,0,0,Google Tensor,4404,OLED,120,1,WiFi 7,5.0,Yes,No,Yes,Android,14.5,120,85.2,93.4,94.6,1801.59,Flagship,1658.07,9.3,Gamer,5.0,421,92.7,99.4,75.8,0,116863.82,4.84,33036,59517327.24,4.53,18,Telecom Partner,UK,No,1
2143,Samsung,4969,0,0.9,0,0,1,128,0.4,162,8,64,1634,766,4096,6,5,8,0,0,Exynos,4250,LCD,60,1,WiFi 6,5.3,Yes,No,Yes,Android,18.5,80,100.0,70.5,94.9,1480.19,Flagship,1604.5,15.63,General User,4.91,523,99.3,89.2,83.3,10,69756.57,6.25,32972,43924342.21,0.5,36,Retail Store,Germany,No,1
2144,Oppo,5788,0,2.2,1,0,1,64,0.2,232,10,46,1467,744,12288,6,8,9,0,1,Snapdragon,6620,LCD,144,0,WiFi 7,5.2,Yes,Yes,Yes,Android,12.2,65,89.6,58.0,52.3,1639.89,Flagship,1517.93,6.19,Business User,3.84,3066,86.3,100.0,62.4,15,62763.33,0.33,21955,30603217.21,2.74,18,Telecom Partner,Australia,No,2
2145,Oppo,2657,1,3.1,0,10,1,64,0.3,168,4,72,237,913,8192,8,2,11,0,0,MediaTek Dimensity,4895,LCD,60,1,WiFi 5,5.0,Yes,No,Yes,Android,17.2,18,96.4,62.7,77.3,1514.89,Flagship,1654.96,0.1,Student,4.12,1520,91.0,79.2,54.7,20,63066.66,5.15,22257,26973525.38,4.15,36,Telecom Partner,India,No,0
2146,Realme,5394,0,0.8,0,15,1,128,0.6,87,4,14,1971,1543,6144,12,3,15,0,1,Google Tensor,3207,Super AMOLED,120,0,WiFi 5,5.2,Yes,No,Yes,Android,14.1,80,86.0,62.7,94.8,1519.83,Flagship,1431.94,11.56,Student,5.0,5888,100.0,100.0,66.4,0,29120.71,6.22,51299,77965759.17,2.84,36,Telecom Partner,UK,Yes,1
2147,OnePlus,2938,1,2.8,1,3,0,128,0.3,112,6,82,800,559,3072,16,6,2,0,0,MediaTek Dimensity,3616,Super AMOLED,120,0,WiFi 6,5.2,Yes,Yes,Yes,Android,15.5,33,86.0,61.5,81.6,1111.29,Premium,1300.48,0.1,Gamer,4.56,15769,91.8,100.0,78.1,15,26462.49,5.67,26279,24823051.42,8.05,36,Telecom Partner,UAE,No,0
2148,Oppo,6035,0,1.2,1,14,1,128,0.8,157,10,23,1740,715,8192,5,2,4,0,1,Snapdragon,5607,OLED,144,1,WiFi 6,5.4,No,Yes,Yes,Android,12.8,33,95.6,65.0,89.9,1610.6,Flagship,1828.37,7.3,Professional,3.52,1787,78.8,76.9,57.1,10,50680.67,5.0,31301,45372051.54,2.06,12,Telecom Partner,Australia,No,1
2149,OnePlus,3912,0,2.6,0,15,1,128,0.6,93,10,86,809,1302,16384,10,11,20,1,1,Google Tensor,8130,Super AMOLED,60,1,WiFi 6,5.0,No,Yes,No,Android,17.3,33,89.6,70.4,70.3,1754.47,Flagship,1439.33,8.02,General User,5.0,1565,100.0,100.0,89.5,25,86314.98,6.06,45383,59717334.01,9.59,36,E-commerce Marketplace,UAE,Yes,2
2150,Oppo,5501,0,1.4,1,29,1,32,0.7,99,8,59,1953,1626,6144,9,11,20,0,0,Snapdragon,4405,LCD,120,1,WiFi 6,5.2,Yes,Yes,Yes,Android,17.7,18,95.4,93.1,83.9,1470.73,Flagship,1571.69,3.05,Business User,5.0,2375,98.5,78.0,68.8,5,21233.61,3.49,29970,41873889.19,2.98,24,Telecom Partner,UK,No,1
2151,Google,3212,0,0.9,0,5,1,512,1.0,213,4,74,354,1973,4096,8,8,14,1,0,MediaTek Dimensity,2837,AMOLED,144,0,WiFi 6,5.0,Yes,Yes,Yes,Android,15.2,33,78.4,58.7,76.6,1744.43,Flagship,1570.87,7.21,Professional,4.49,3198,81.1,70.5,72.3,10,5000.0,6.42,39314,61722468.92,2.99,18,Online Store,Singapore,Yes,0
2152,Google,3032,1,3.4,0,15,1,64,0.2,238,6,40,108,954,2048,11,4,3,0,1,MediaTek Dimensity,3183,OLED,60,1,WiFi 6E,5.1,Yes,Yes,Yes,Android,16.3,120,82.1,46.6,97.5,1050.48,Premium,970.28,0.1,Business User,4.37,887,89.2,91.2,55.8,5,18173.32,4.02,26695,26640435.42,3.24,12,Retail Store,USA,No,0
2153,OnePlus,5966,1,2.8,0,0,1,256,0.6,130,10,106,1339,1852,3072,14,6,2,0,0,Apple Bionic,4812,LCD,90,1,WiFi 6,5.0,Yes,Yes,Yes,Android,15.9,80,90.5,87.6,91.7,1755.53,Flagship,1683.56,3.18,General User,4.45,1358,75.8,100.0,69.9,5,68275.69,4.5,46943,78289352.55,10.16,36,Retail Store,Singapore,Yes,1
2154,Apple,2639,1,2.6,1,16,1,64,0.4,120,6,85,750,920,8192,6,0,17,1,0,Exynos,5602,IPS LCD,60,1,WiFi 6,5.2,Yes,Yes,Yes,iOS,19.1,18,89.0,77.5,61.8,1837.04,Flagship,2070.37,13.05,Student,4.87,1197,91.5,100.0,84.4,20,151190.29,9.39,43253,63565992.9,4.32,36,E-commerce Marketplace,Germany,Yes,0
2155,Samsung,2600,1,0.9,0,26,1,128,0.7,154,8,27,992,852,6144,19,1,7,1,0,Exynos,3371,Super AMOLED,90,0,WiFi 5,5.0,Yes,Yes,Yes,Android,15.9,120,84.3,73.2,86.0,1367.38,Flagship,1466.45,19.24,General User,4.31,2582,97.0,91.9,99.2,10,198532.61,4.79,40877,50304953.03,1.35,24,Retail Store,UK,Yes,0
2156,Vivo,6179,0,1.6,1,31,1,16,1.0,142,4,100,345,742,12288,13,2,8,1,0,Exynos,5580,LCD,144,1,WiFi 6,5.3,No,Yes,Yes,Android,12.2,80,79.8,100.0,71.8,1829.37,Flagship,1983.37,6.87,General User,4.18,1377,85.3,85.9,71.7,0,71866.03,9.18,40983,74973070.71,8.13,18,Online Store,Australia,Yes,2
2157,Realme,5081,1,1.2,1,3,1,64,0.7,108,6,9,1364,942,4096,10,7,13,1,0,Exynos,3426,IPS LCD,60,1,WiFi 5,5.1,Yes,Yes,No,Android,14.2,65,77.7,42.4,73.9,1112.51,Premium,1086.37,13.42,Business User,4.96,1651,84.5,92.9,73.3,20,687691.88,9.13,85958,76503307.66,7.66,24,Online Store,UK,Yes,1
2158,Google,3069,0,1.6,0,3,1,128,0.7,124,8,25,246,1648,12288,13,5,8,1,0,MediaTek Dimensity,6605,IPS LCD,90,0,WiFi 6E,5.0,No,Yes,Yes,Android,18.5,33,88.8,51.9,85.2,1655.65,Flagship,1531.29,4.73,Professional,4.95,3713,100.0,93.2,85.0,20,19281.54,1.42,15149,20065153.48,6.28,24,Online Store,UK,No,2
2159,OnePlus,4702,1,2.3,1,32,1,256,0.6,91,8,40,194,823,12288,15,7,5,1,1,Apple Bionic,7495,AMOLED,120,1,WiFi 7,5.1,Yes,Yes,Yes,Android,15.4,65,93.8,62.5,72.2,2004.11,Flagship,1764.57,5.99,Business User,4.36,1615,93.0,100.0,84.0,15,142579.09,10.03,58975,100463529.2,4.18,24,E-commerce Marketplace,UAE,Yes,2
2160,Motorola,6725,0,1.6,0,20,1,32,0.7,176,4,108,1331,610,6144,6,5,19,1,0,Google Tensor,3681,Super AMOLED,60,1,WiFi 6,5.4,Yes,Yes,Yes,Android,13.1,120,88.6,86.5,82.3,1384.38,Flagship,1406.38,10.89,Professional,4.11,4584,78.1,90.4,78.3,10,146624.35,7.58,46261,57638522.86,6.08,12,Retail Store,Singapore,Yes,1
2161,Vivo,4512,1,2.7,0,32,1,256,0.2,233,6,47,1706,1755,12288,10,0,14,1,0,MediaTek Dimensity,6073,LCD,90,1,WiFi 5,5.0,Yes,No,Yes,Android,15.2,25,87.5,50.5,77.3,1746.79,Flagship,1663.81,1.47,Professional,4.27,1147,84.5,100.0,70.6,0,46452.86,7.77,46713,81597801.27,6.64,24,E-commerce Marketplace,UK,Yes,2
2162,Samsung,6272,1,3.3,1,10,1,512,0.2,167,6,72,1457,1608,8192,9,1,19,1,1,Apple Bionic,6026,Super AMOLED,60,1,WiFi 6,5.1,No,No,Yes,Android,17.9,80,95.9,75.3,64.5,2027.57,Flagship,1710.2,7.04,Professional,4.97,4240,100.0,98.3,75.5,0,11703.31,8.63,33414,67749223.98,0.5,36,E-commerce Marketplace,USA,No,2
2163,Oppo,5828,1,1.1,0,3,1,256,0.3,125,4,29,990,555,8192,8,10,14,0,0,Exynos,4291,Super AMOLED,144,1,WiFi 5,5.3,No,Yes,Yes,Android,15.3,33,83.8,22.4,73.6,1553.99,Flagship,1582.63,3.7,Student,3.03,615,60.6,79.2,57.0,10,41217.4,4.7,22628,31647317.15,0.5,36,Online Store,Singapore,No,1
2164,OnePlus,4932,1,1.0,1,10,0,256,0.4,209,8,38,874,2202,4096,10,10,14,1,0,MediaTek Dimensity,3042,AMOLED,120,1,WiFi 5,5.3,No,No,Yes,Android,12.4,80,85.0,77.7,92.6,1510.11,Flagship,1269.98,2.12,Gamer,4.78,3866,86.1,82.7,52.0,15,183908.17,9.92,45698,58657655.76,0.5,12,Telecom Partner,UK,Yes,1
2165,Xiaomi,4516,0,3.1,0,5,1,64,0.2,190,6,29,481,2370,6144,8,5,4,0,0,Snapdragon,4327,OLED,60,1,WiFi 6,5.0,Yes,Yes,Yes,Android,16.2,80,93.6,38.4,79.9,1268.53,Flagship,1101.71,10.47,General User,4.24,3584,80.8,97.2,42.6,5,24430.78,4.55,27143,32710124.3,4.5,24,Telecom Partner,USA,No,0
2166,Apple,5881,0,2.8,0,26,1,128,0.7,118,8,81,1056,794,6144,7,2,9,0,1,MediaTek Dimensity,5495,Super AMOLED,60,1,WiFi 6,5.3,No,No,Yes,iOS,16.9,65,86.8,92.4,93.4,2211.69,Flagship,2376.97,11.56,Student,4.79,723,100.0,100.0,86.7,5,72710.06,7.18,28909,60740858.9,4.06,12,E-commerce Marketplace,India,No,2
2167,Xiaomi,4604,1,3.0,0,24,1,256,0.5,166,4,101,539,2061,3072,7,6,13,0,0,MediaTek Dimensity,2929,OLED,90,1,WiFi 6,5.0,No,Yes,Yes,Android,14.4,45,85.5,97.1,74.7,1394.93,Flagship,1284.99,6.66,Student,4.61,4491,92.4,95.1,88.3,5,158618.9,0.1,35679,47281222.1,1.64,12,Online Store,Singapore,Yes,0
2168,OnePlus,2714,1,3.5,0,20,1,64,0.1,111,10,106,940,1982,4096,12,2,20,1,1,Apple Bionic,5075,IPS LCD,144,1,WiFi 6E,5.4,No,No,No,Android,13.0,18,89.0,100.0,68.3,1428.1,Flagship,1481.37,6.39,Professional,4.6,4800,94.3,99.8,76.2,0,28111.08,0.1,31175,44521017.5,4.68,12,Online Store,UAE,No,0
2169,Google,3053,0,2.0,1,30,1,64,0.2,105,6,101,676,2007,4096,5,8,19,1,1,Apple Bionic,3029,AMOLED,144,1,WiFi 6,5.4,No,No,Yes,Android,15.2,80,84.0,82.6,79.1,1312.91,Flagship,1260.83,10.35,Professional,4.41,3943,91.8,88.6,67.0,0,30173.87,5.58,25952,34072640.32,3.1,12,E-commerce Marketplace,India,No,0
2170,Oppo,5897,0,2.0,0,18,1,256,0.9,152,8,8,313,1789,6144,8,9,8,0,1,Google Tensor,4723,OLED,144,1,WiFi 6,5.1,Yes,No,Yes,Android,12.2,80,84.9,31.0,90.0,1673.71,Flagship,1893.74,9.04,Gamer,4.24,723,87.0,82.4,83.8,25,473257.43,9.81,63655,79905007.54,1.59,18,Online Store,Singapore,Yes,1
2171,Oppo,5672,1,3.1,1,26,1,128,0.8,196,4,94,737,1996,3072,17,7,5,0,0,Exynos,3053,AMOLED,90,1,WiFi 6,5.2,No,No,Yes,Android,17.7,18,87.6,96.2,96.2,1287.77,Flagship,1305.45,7.03,Business User,5.0,2657,91.2,77.7,63.5,0,9877.41,11.78,50072,64481219.44,7.73,18,Retail Store,Germany,Yes,1
2172,Samsung,4438,1,1.9,1,16,1,256,0.9,111,10,59,1032,1911,8192,19,8,17,1,1,Google Tensor,5722,AMOLED,144,1,WiFi 5,5.3,No,Yes,Yes,Android,12.1,33,90.6,80.7,88.9,1735.45,Flagship,1663.93,18.19,Gamer,5.0,8021,100.0,96.8,61.0,15,133913.88,9.56,37947,55976852.98,3.14,36,Online Store,USA,Yes,2
2173,Google,2855,0,0.8,0,5,1,128,0.2,148,10,62,277,1437,8192,8,11,3,1,0,Google Tensor,4988,AMOLED,60,1,WiFi 7,5.2,Yes,Yes,Yes,Android,14.1,33,98.2,68.5,81.0,1492.48,Flagship,1491.12,9.4,Student,4.88,470,100.0,86.8,99.3,10,72603.57,11.19,50350,67631731.2,0.5,36,Retail Store,Germany,Yes,0
2174,Oppo,3359,0,3.1,1,3,1,64,0.2,115,10,30,1705,808,6144,8,0,14,1,0,Google Tensor,4956,OLED,90,1,WiFi 5,5.2,No,No,No,Android,13.4,18,89.3,32.7,80.3,1358.39,Flagship,1307.59,14.92,General User,4.18,4055,81.9,95.1,79.1,10,22046.15,7.8,36599,44744144.05,2.53,24,Online Store,India,Yes,0
2175,Samsung,3539,1,1.9,0,11,0,64,0.5,100,8,57,129,953,6144,17,5,13,0,0,Apple Bionic,4625,AMOLED,60,1,WiFi 6,5.1,Yes,No,Yes,Android,16.6,25,90.6,59.2,96.8,1233.66,Flagship,1370.55,15.66,Business User,4.04,19203,88.5,95.5,73.6,5,78184.28,4.77,50899,59652457.32,3.18,36,Telecom Partner,Singapore,Yes,0
2176,Vivo,5874,1,2.2,1,4,1,64,0.1,210,8,15,2023,2056,12288,7,5,14,1,1,MediaTek Dimensity,6938,LCD,144,1,WiFi 6,5.2,No,Yes,Yes,Android,14.3,120,86.8,41.5,82.9,1869.68,Flagship,1686.7,5.57,Student,4.51,6534,91.1,78.5,64.7,10,52668.08,7.84,48679,81912737.45,4.53,24,Online Store,India,Yes,2
2177,Apple,3599,1,1.8,0,1,1,128,0.7,80,10,7,1704,1271,6144,19,2,12,0,0,MediaTek Dimensity,5096,AMOLED,90,1,WiFi 6,5.0,Yes,No,No,iOS,18.6,120,81.0,46.8,100.0,2093.76,Flagship,2231.73,18.58,General User,4.3,1089,90.7,100.0,71.6,0,50680.67,9.56,42491,88965956.16,8.15,12,Online Store,UAE,Yes,2
2178,Motorola,6244,1,3.3,1,8,1,32,0.8,216,6,94,1894,1207,8192,9,2,3,0,1,Google Tensor,5513,LCD,120,0,WiFi 5,5.3,Yes,Yes,No,Android,16.0,80,83.2,94.7,62.3,1498.92,Flagship,1522.29,6.42,Student,4.4,755,92.3,92.6,69.6,25,218422.27,7.59,54640,61425741.6,3.39,18,Telecom Partner,Germany,Yes,1
2179,Motorola,5741,0,3.4,0,9,1,128,0.8,235,10,82,2023,2252,6144,17,6,15,1,1,Google Tensor,5231,Super AMOLED,60,1,WiFi 6,5.1,No,Yes,Yes,Android,14.0,25,93.3,50.3,69.4,1343.13,Flagship,1175.22,1.44,Professional,3.86,3769,78.3,50.3,50.7,15,140645.14,8.51,47844,54621604.96,5.73,24,Telecom Partner,UAE,Yes,1
2180,OnePlus,6393,0,3.1,0,28,1,128,0.5,204,6,108,1159,1895,12288,11,2,3,1,0,Apple Bionic,7023,IPS LCD,120,1,WiFi 6,5.2,Yes,Yes,Yes,Android,15.0,65,85.4,100.0,74.8,1800.72,Flagship,1786.14,11.07,Student,4.36,2119,75.6,64.8,56.0,0,29827.19,1.7,24204,43584626.88,6.73,24,Retail Store,Australia,No,2
2181,Vivo,2994,1,3.4,1,30,0,64,0.9,206,8,18,639,1457,3072,15,11,4,1,1,Exynos,4166,Super AMOLED,60,1,WiFi 6E,5.4,Yes,Yes,Yes,Android,15.2,45,87.8,52.9,73.3,1133.79,Premium,991.15,1.92,Professional,5.0,3013,100.0,100.0,97.2,10,9289.65,4.49,34627,35333771.7,8.34,36,Online Store,Australia,No,0
2182,Vivo,3461,0,3.1,1,31,1,128,0.3,115,8,44,1116,648,8192,8,8,17,0,1,Google Tensor,5942,AMOLED,90,1,WiFi 6E,5.4,Yes,No,Yes,Android,13.5,65,88.7,41.3,72.0,1378.11,Flagship,1365.9,6.4,Gamer,4.12,668,82.6,77.1,60.9,0,135991.54,8.8,48072,66248503.92,0.5,24,Online Store,USA,Yes,0
2183,OnePlus,3908,1,1.5,0,31,1,128,0.5,223,10,101,1406,756,8192,14,6,4,0,0,Apple Bionic,4489,AMOLED,144,1,WiFi 6E,5.4,Yes,Yes,Yes,Android,12.5,120,82.0,100.0,87.2,1766.43,Flagship,1792.47,14.14,Business User,4.14,1925,87.9,100.0,67.8,5,13797.38,8.21,39326,65993294.87,3.78,12,Online Store,UAE,Yes,0
2184,Oppo,5079,1,2.5,1,2,1,256,0.8,222,6,91,900,1146,6144,6,5,8,1,1,MediaTek Dimensity,3934,IPS LCD,60,1,WiFi 6E,5.4,Yes,No,No,Android,12.7,80,89.7,84.7,57.7,1663.17,Flagship,1651.91,5.85,General User,4.8,621,94.9,100.0,80.4,15,48278.7,6.29,42369,59896822.27,10.32,12,Online Store,Australia,Yes,1
2185,Samsung,4411,1,1.8,1,32,1,32,0.7,80,8,76,332,568,4096,12,5,10,0,0,MediaTek Dimensity,3474,Super AMOLED,90,1,WiFi 6E,5.2,Yes,No,Yes,Android,14.1,33,77.9,83.1,70.2,1163.66,Premium,1101.99,17.82,Business User,5.0,9950,97.7,91.4,80.1,25,228665.82,8.49,44818,39114685.41,6.55,18,E-commerce Marketplace,Germany,Yes,0
2186,Oppo,2531,1,1.4,1,18,1,256,0.8,104,4,101,1816,1450,3072,14,10,16,1,1,Snapdragon,2370,OLED,60,1,WiFi 6,5.4,Yes,Yes,No,Android,18.7,33,73.4,87.8,79.6,1408.48,Flagship,1659.25,6.39,Student,3.75,6194,92.3,91.6,68.8,10,50680.67,9.32,40772,51683891.9,3.19,24,Online Store,USA,Yes,0
2187,Google,2984,0,1.1,1,26,1,256,0.7,81,8,36,821,1807,8192,19,8,7,1,1,Apple Bionic,5072,LCD,60,1,WiFi 5,5.4,No,Yes,Yes,Android,18.7,45,94.8,64.0,71.3,1697.99,Flagship,1948.82,7.92,General User,4.44,4464,83.3,62.3,45.8,20,128221.57,5.06,33680,45750642.56,6.92,12,E-commerce Marketplace,India,No,0
2188,Apple,6508,1,2.1,0,31,1,64,0.8,122,8,81,1275,1005,2048,14,1,12,1,0,Google Tensor,2775,IPS LCD,60,0,WiFi 5,5.3,No,Yes,Yes,iOS,18.8,45,84.3,69.6,90.5,1340.8,Flagship,1559.33,14.88,Gamer,5.0,23710,92.6,100.0,80.0,15,10053.59,5.05,34594,39426089.92,3.56,18,E-commerce Marketplace,USA,No,1
2189,Google,3938,0,0.9,1,32,1,128,0.9,98,6,57,889,2002,6144,5,1,19,1,1,Apple Bionic,3768,Super AMOLED,120,1,WiFi 6E,5.0,No,Yes,No,Android,12.9,25,69.4,71.9,83.2,1207.21,Flagship,1047.01,10.91,Gamer,3.73,3100,79.6,79.0,30.2,10,89322.4,8.38,29942,32531653.64,4.45,24,Telecom Partner,UK,No,0
2190,Google,6754,1,1.2,1,24,1,64,0.4,115,4,102,1505,1424,8192,11,3,5,1,1,Google Tensor,4370,LCD,60,1,WiFi 6,5.2,No,Yes,No,Android,16.1,65,89.5,100.0,71.7,1575.8,Flagship,1481.14,6.09,Student,5.0,140,100.0,82.1,71.3,20,20324.62,7.3,45606,57492747.84,6.2,12,Online Store,Australia,Yes,1
2191,Motorola,3723,0,1.6,1,9,1,128,0.8,92,8,68,877,1511,6144,5,8,13,1,0,MediaTek Dimensity,4382,OLED,90,1,WiFi 5,5.4,No,Yes,No,Android,16.9,45,88.7,65.6,92.4,1404.82,Flagship,1649.44,5.51,Professional,5.0,2399,100.0,83.5,78.4,20,50680.67,0.6,21572,24243821.63,9.01,18,E-commerce Marketplace,USA,No,0
2192,Realme,2761,1,1.2,1,26,1,128,0.6,232,4,35,313,798,6144,13,4,9,1,1,MediaTek Dimensity,4008,OLED,144,1,WiFi 5,5.1,Yes,Yes,No,Android,13.9,80,78.7,73.4,92.2,1548.42,Flagship,1337.04,3.33,Student,4.92,798,100.0,100.0,86.4,0,120206.59,5.74,40762,63116696.04,2.11,36,Retail Store,Singapore,Yes,0
2193,Xiaomi,3549,1,1.0,1,4,1,64,0.7,106,10,75,881,605,4096,5,8,19,1,1,Apple Bionic,4153,AMOLED,60,1,WiFi 5,5.2,Yes,No,Yes,Android,14.4,25,81.4,60.4,97.6,1187.96,Premium,1046.43,6.78,General User,4.48,1720,81.5,76.7,58.0,15,30990.2,9.88,29272,29557870.35,3.78,24,Telecom Partner,UAE,No,0
2194,Oppo,5613,1,2.6,0,7,1,16,1.0,110,6,55,2150,2329,6144,5,2,11,1,1,Snapdragon,4601,AMOLED,120,1,WiFi 6,5.2,No,Yes,Yes,Android,13.2,65,80.3,89.3,83.0,1453.68,Flagship,1450.01,5.37,Professional,4.81,1066,97.0,90.5,71.8,5,46148.11,10.59,39822,54994022.71,5.93,24,E-commerce Marketplace,UK,Yes,1
2195,OnePlus,3809,1,0.9,0,32,1,64,1.0,204,4,88,2026,1528,4096,8,4,20,0,0,Exynos,2387,AMOLED,60,1,WiFi 6,5.1,Yes,No,Yes,Android,16.4,80,91.3,86.0,85.3,1286.38,Flagship,1505.41,13.16,Professional,5.0,2959,100.0,100.0,69.5,0,19119.55,1.3,39657,51013971.66,4.48,12,E-commerce Marketplace,UAE,Yes,0
2196,Oppo,3901,0,3.1,1,28,1,128,0.5,188,4,93,1177,1134,16384,7,6,12,0,0,Apple Bionic,8032,LCD,120,1,WiFi 6E,5.0,Yes,Yes,No,Android,18.5,33,93.1,87.2,79.8,2097.7,Flagship,2417.39,6.25,General User,4.93,4283,99.8,100.0,91.2,5,75977.11,4.08,38080,75886395.2,5.63,36,E-commerce Marketplace,USA,Yes,2
2197,OnePlus,2648,1,3.5,1,25,1,512,0.8,111,10,19,2117,1917,6144,13,5,15,0,0,MediaTek Dimensity,5872,Super AMOLED,90,1,WiFi 7,5.2,No,Yes,Yes,Android,14.7,33,92.8,62.7,81.7,1868.2,Flagship,2098.9,7.21,Gamer,3.98,1005,75.5,86.2,55.9,0,67631.66,7.58,33777,63102191.4,3.72,12,Online Store,USA,No,0
2198,Samsung,6279,0,1.8,0,12,1,512,0.2,94,8,24,1930,505,8192,19,7,9,1,0,Exynos,5540,AMOLED,144,1,WiFi 6E,5.4,Yes,Yes,Yes,Android,15.3,33,89.8,58.9,88.5,2278.69,Flagship,2135.92,8.41,Business User,4.07,1695,84.5,81.1,87.4,10,105588.49,10.68,39068,80121474.83,4.48,36,Online Store,Australia,Yes,2
2199,Apple,4391,1,1.8,0,26,1,128,0.3,114,10,61,687,1937,3072,9,3,4,1,0,Apple Bionic,3816,IPS LCD,90,0,WiFi 6,5.2,No,Yes,Yes,iOS,19.5,120,83.8,53.6,72.3,1611.09,Flagship,1844.88,19.65,Professional,4.35,2778,93.0,80.9,75.1,10,14273.07,4.74,32082,46518290.44,5.73,36,Retail Store,USA,No,0
2200,Apple,5759,1,2.1,1,0,1,128,0.7,90,8,93,1542,1518,8192,9,5,16,0,0,Snapdragon,5374,IPS LCD,60,0,WiFi 6,5.3,No,Yes,Yes,iOS,18.6,65,64.1,91.1,73.0,1833.45,Flagship,1564.4,20.91,Professional,5.0,2768,99.1,85.9,85.7,10,24533.27,6.62,37953,62626435.06,3.13,36,Telecom Partner,India,Yes,1
2201,Motorola,4523,1,3.1,1,22,1,256,0.5,105,6,10,2036,1281,12288,14,10,4,1,1,Apple Bionic,6901,Super AMOLED,90,1,WiFi 6E,5.3,No,No,No,Android,18.8,45,83.5,57.8,71.6,2004.24,Flagship,2208.97,9.11,Student,4.32,1817,88.1,100.0,51.3,10,46442.4,7.55,30575,55151674.2,11.0,12,Telecom Partner,Australia,No,2
2202,Vivo,4354,0,3.0,1,1,1,512,0.3,212,6,55,1368,1751,12288,19,10,3,0,1,Snapdragon,7040,AMOLED,144,0,WiFi 6,5.4,Yes,Yes,Yes,Android,14.4,25,73.2,39.5,76.1,2118.26,Flagship,2054.95,11.54,Professional,5.0,815,100.0,100.0,88.2,5,22068.67,10.97,44840,90233639.48,2.38,18,Telecom Partner,Singapore,Yes,2
2203,Motorola,6156,0,2.4,0,11,1,64,0.5,127,6,55,1653,1483,6144,15,0,15,1,0,MediaTek Dimensity,4467,AMOLED,60,0,WiFi 6E,5.3,Yes,Yes,Yes,Android,12.6,120,89.7,77.7,94.3,1412.65,Flagship,1182.73,5.65,Professional,5.0,13355,100.0,100.0,83.8,10,213856.62,4.54,53354,67833475.29,3.42,18,Telecom Partner,Australia,Yes,1
2204,Google,2566,0,2.9,0,7,1,512,1.0,231,4,42,1080,2352,8192,13,7,2,1,0,MediaTek Dimensity,4608,AMOLED,90,0,WiFi 5,5.1,No,Yes,No,Android,16.9,65,100.0,41.7,80.4,1873.93,Flagship,1649.24,9.13,Student,4.75,8084,98.9,86.5,90.1,0,46029.46,14.38,50978,95529203.54,0.5,24,Online Store,Australia,Yes,0
2205,Apple,4327,0,2.2,0,15,1,128,0.5,180,10,106,2145,593,12288,12,6,16,1,1,Apple Bionic,6876,IPS LCD,60,1,WiFi 5,5.3,No,Yes,Yes,iOS,18.1,25,95.3,100.0,66.9,2112.64,Flagship,1890.61,23.31,Gamer,4.86,1392,100.0,91.0,84.9,10,55817.69,2.62,33810,64285522.56,6.26,18,E-commerce Marketplace,Singapore,No,2
2206,Oppo,6673,0,1.4,1,22,1,512,0.5,205,6,72,249,1827,6144,14,1,2,1,0,Exynos,3567,LCD,144,1,WiFi 6E,5.4,Yes,Yes,No,Android,16.3,33,77.9,73.4,60.4,1820.46,Flagship,1854.2,6.41,Student,4.52,4148,94.7,99.4,50.6,5,28613.66,6.17,29402,50848906.67,8.71,24,E-commerce Marketplace,Germany,No,1
2207,Motorola,4687,0,1.4,0,32,0,128,0.5,81,4,74,1962,1734,12288,17,4,9,0,1,MediaTek Dimensity,5830,IPS LCD,90,1,WiFi 6E,5.1,Yes,Yes,Yes,Android,15.6,120,80.0,93.6,77.9,1843.01,Flagship,1879.6,2.23,Business User,4.72,3888,87.7,86.1,69.5,10,174401.94,9.52,48528,80493830.35,0.71,12,Online Store,Singapore,Yes,2
2208,Xiaomi,6789,1,1.7,0,28,1,128,0.2,142,4,102,413,1813,12288,6,9,8,1,0,Snapdragon,5819,Super AMOLED,120,1,WiFi 6,5.3,No,Yes,No,Android,12.2,80,96.3,95.1,88.8,2034.37,Flagship,1739.34,13.84,Gamer,5.0,333,100.0,100.0,85.0,15,66045.05,10.78,55241,95523538.19,6.11,18,Retail Store,India,Yes,2
2209,OnePlus,5554,0,2.1,1,24,1,128,0.5,185,8,50,1787,1799,16384,6,5,3,1,1,Apple Bionic,7845,AMOLED,60,1,WiFi 6,5.3,No,Yes,Yes,Android,17.2,33,95.3,96.8,97.9,2209.51,Flagship,2283.49,3.53,Gamer,4.74,170,88.1,85.2,53.0,15,240935.37,11.5,56116,105390533.7,4.67,18,E-commerce Marketplace,USA,Yes,2
2210,Oppo,5166,1,3.2,0,8,1,16,0.4,238,4,104,1365,1181,4096,8,7,14,1,1,Apple Bionic,2759,LCD,60,1,WiFi 5,5.4,Yes,No,No,Android,14.2,33,86.1,100.0,64.8,1045.21,Premium,1039.46,7.54,Professional,5.0,4178,100.0,100.0,76.5,10,36281.95,4.68,41644,39174052.72,3.34,36,Retail Store,UAE,Yes,1
2211,OnePlus,2814,0,3.1,1,7,1,512,0.2,210,8,18,235,1992,8192,18,3,11,0,1,Google Tensor,5528,AMOLED,90,1,WiFi 5,5.0,No,Yes,Yes,Android,12.5,25,91.7,41.0,89.8,2143.44,Flagship,2109.75,5.37,Business User,3.74,2518,82.1,69.2,55.4,0,35957.72,10.62,43183,92560169.52,1.13,36,Retail Store,Australia,Yes,2
2212,Google,5016,1,2.6,1,24,1,16,0.6,137,4,30,502,2240,12288,9,0,7,0,1,Google Tensor,6401,LCD,120,0,WiFi 5,5.0,No,Yes,Yes,Android,14.7,65,86.9,43.1,76.4,1462.67,Flagship,1414.29,8.34,Business User,5.0,668,100.0,86.6,68.2,5,21398.94,6.01,18487,25688361.28,7.23,12,Telecom Partner,India,No,2
2213,Apple,5916,1,0.9,0,17,1,32,0.7,205,6,77,1214,824,6144,7,2,7,1,1,MediaTek Dimensity,2857,Super AMOLED,120,1,WiFi 6,5.4,Yes,Yes,Yes,iOS,16.9,120,85.1,68.2,94.5,1723.01,Flagship,1734.59,10.14,General User,4.75,529,96.7,93.3,80.3,10,24271.63,7.36,22344,34649041.9,7.37,36,E-commerce Marketplace,India,No,1
2214,OnePlus,6872,0,2.3,1,20,0,32,0.6,186,10,68,757,2288,12288,13,5,16,1,1,Exynos,7385,AMOLED,144,1,WiFi 6E,5.0,No,No,No,Android,18.0,18,96.2,95.5,85.1,1624.28,Flagship,1651.22,5.11,Professional,5.0,1860,100.0,100.0,82.4,0,49298.87,5.14,40053,65057286.84,3.26,18,E-commerce Marketplace,Australia,Yes,2
2215,Realme,4865,0,1.0,0,0,1,256,0.9,150,6,45,190,1057,4096,11,5,10,0,1,Exynos,3044,LCD,120,1,WiFi 6E,5.3,No,Yes,No,Android,13.2,25,78.6,63.7,70.2,1501.2,Flagship,1570.49,8.54,Student,5.0,1380,89.4,95.1,49.8,10,65065.09,1.01,18596,25124683.68,4.23,18,Online Store,India,No,1
2216,Apple,5736,0,2.6,0,2,1,128,0.5,160,4,50,1386,1642,6144,18,4,5,0,1,Apple Bionic,5041,Super AMOLED,120,1,WiFi 6,5.0,Yes,No,Yes,iOS,16.4,25,75.1,53.5,92.9,1942.92,Flagship,1813.62,19.72,Professional,3.87,719,67.3,89.8,59.9,10,17304.18,5.95,29168,51003981.5,1.18,12,Retail Store,Singapore,No,1
2217,Oppo,3387,1,3.1,0,2,1,256,0.4,182,8,45,1356,1528,8192,6,3,12,1,0,Apple Bionic,5844,IPS LCD,144,1,WiFi 5,5.4,No,Yes,Yes,Android,16.2,45,86.9,67.4,80.3,1768.69,Flagship,1984.0,2.69,Professional,5.0,5521,93.8,100.0,99.5,0,110384.32,4.65,42635,75408098.15,3.18,24,Online Store,UK,Yes,0
2218,Google,3030,0,2.0,0,13,0,64,0.8,95,4,83,444,1372,4096,14,8,11,1,0,Snapdragon,2725,AMOLED,144,1,WiFi 6,5.3,Yes,Yes,Yes,Android,17.2,25,84.3,81.9,90.3,1232.39,Flagship,1192.65,9.72,General User,4.41,2506,89.7,95.9,61.9,0,227164.19,11.29,65169,80313623.91,8.94,12,Online Store,UAE,Yes,0
2219,Realme,3969,0,1.0,0,30,1,32,0.4,237,8,95,2089,1311,16384,13,0,2,0,0,Google Tensor,8162,IPS LCD,60,1,WiFi 6E,5.2,Yes,Yes,No,Android,18.0,65,80.5,42.5,85.7,1784.96,Flagship,1933.29,8.04,Professional,4.88,1066,92.0,92.5,90.7,0,54517.78,10.37,56416,100700303.4,8.34,12,Telecom Partner,UAE,Yes,2
2220,Xiaomi,2767,1,1.1,0,1,1,256,0.8,184,8,22,716,1269,6144,18,8,15,0,0,MediaTek Dimensity,4052,AMOLED,90,1,WiFi 6E,5.0,No,Yes,Yes,Android,12.9,33,94.9,33.2,84.5,1595.11,Flagship,1350.81,5.3,Student,4.52,9986,86.5,94.2,53.2,10,46446.93,5.39,39676,56958825.92,1.97,18,Telecom Partner,Singapore,Yes,0
2221,Motorola,5738,0,1.5,0,25,1,128,0.7,229,4,60,1256,1789,6144,11,11,10,1,1,Exynos,3541,Super AMOLED,90,1,WiFi 6,5.0,No,Yes,Yes,Android,14.3,120,85.2,100.0,88.7,1367.88,Flagship,1609.63,14.36,General User,4.9,3652,88.9,99.2,60.8,5,69603.72,3.68,39706,51597391.12,5.77,18,Retail Store,Australia,Yes,1
2222,Google,5949,0,1.1,0,31,1,256,0.4,209,10,72,2010,2201,4096,9,1,15,1,0,MediaTek Dimensity,3854,IPS LCD,90,0,WiFi 6E,5.1,Yes,No,Yes,Android,14.0,33,84.4,88.7,88.1,1243.95,Flagship,1252.54,4.94,Business User,4.18,1387,78.5,100.0,63.8,0,82944.93,5.35,34352,42732170.4,2.4,24,Retail Store,UK,No,1
2223,Motorola,5089,1,3.4,0,15,1,256,0.3,196,6,58,1685,539,8192,19,5,10,1,1,Exynos,5674,OLED,90,1,WiFi 6,5.1,Yes,Yes,Yes,Android,16.4,80,83.7,51.5,96.3,1671.46,Flagship,1545.55,11.99,Gamer,5.0,7420,98.0,87.7,96.8,5,12125.67,9.32,55015,87357603.3,2.93,18,Telecom Partner,India,Yes,1
2224,Realme,4159,1,1.5,1,0,1,512,0.2,190,8,13,2027,2106,8192,13,4,10,0,1,Exynos,5344,IPS LCD,90,1,WiFi 5,5.2,Yes,No,No,Android,15.6,25,100.0,22.9,78.7,1808.61,Flagship,1944.29,2.51,General User,3.25,8181,69.5,68.1,39.6,5,33980.72,6.42,24330,41803307.23,6.63,18,E-commerce Marketplace,India,No,2
2225,Motorola,4693,1,1.9,1,2,1,512,0.9,201,6,104,565,1467,12288,11,0,17,1,0,Apple Bionic,6130,AMOLED,144,1,WiFi 6,5.2,No,Yes,Yes,Android,17.3,18,79.2,76.5,100.0,2321.27,Flagship,2562.35,3.02,General User,4.97,1445,97.6,47.3,85.3,10,50680.67,7.18,33854,70725847.12,7.04,18,Retail Store,Singapore,No,2
2226,OnePlus,6734,1,2.9,0,1,1,64,0.6,113,4,94,1764,1970,8192,15,5,18,1,0,Snapdragon,4865,AMOLED,144,1,WiFi 6E,5.1,Yes,Yes,Yes,Android,15.4,65,83.0,100.0,65.9,1645.7,Flagship,1362.82,8.25,General User,4.55,12830,91.3,78.4,65.7,10,6363.67,11.65,44174,65427436.62,4.34,18,Telecom Partner,Australia,Yes,1
2227,Motorola,4576,0,2.2,0,29,1,128,0.8,94,10,108,1277,625,8192,7,9,11,0,0,Snapdragon,5928,Super AMOLED,60,0,WiFi 6,5.3,No,Yes,Yes,Android,15.8,120,85.1,100.0,80.6,1629.03,Flagship,1677.83,6.53,General User,5.0,1521,100.0,92.5,81.7,25,55348.32,5.21,23316,28486847.61,0.9,36,Telecom Partner,Germany,No,0
2228,Oppo,4094,0,3.4,1,10,1,64,0.4,118,8,59,1847,2021,16384,14,10,7,0,1,Apple Bionic,7804,AMOLED,90,1,WiFi 7,5.0,Yes,Yes,Yes,Android,18.0,45,84.8,76.4,80.2,1959.98,Flagship,1618.73,3.5,Business User,4.9,426,97.7,99.1,74.8,10,76690.99,5.99,34445,60760359.99,7.32,12,Retail Store,India,No,2
2229,Xiaomi,4724,1,2.4,0,27,1,128,0.1,184,8,25,2065,1284,4096,7,7,2,0,0,MediaTek Dimensity,3662,AMOLED,120,1,WiFi 6,5.1,Yes,No,Yes,Android,17.4,18,76.0,59.4,70.5,1333.84,Flagship,1417.64,1.56,General User,4.53,1434,98.3,96.8,64.3,0,99925.41,3.48,11526,15373839.84,3.33,36,Online Store,Germany,No,0
2230,Apple,5035,1,1.8,0,24,1,32,0.3,151,6,9,1502,2308,6144,10,0,3,0,0,Google Tensor,4028,LCD,120,1,WiFi 5,5.4,Yes,Yes,Yes,iOS,19.4,120,85.6,34.8,67.5,1796.39,Flagship,1742.63,16.64,Gamer,4.39,1889,95.0,79.2,63.4,15,51837.49,6.02,41484,63343226.35,4.3,36,Retail Store,UK,Yes,1
2231,Realme,4086,0,3.0,1,7,1,128,0.5,87,4,77,1167,1822,12288,11,7,12,1,1,MediaTek Dimensity,6464,LCD,120,1,WiFi 6E,5.4,No,Yes,Yes,Android,16.0,25,87.0,87.9,71.6,1831.65,Flagship,2071.19,4.34,Business User,4.73,8701,97.8,82.6,58.9,0,354245.33,8.7,39889,73062686.85,7.88,12,Retail Store,Germany,Yes,2
2232,Oppo,2998,1,1.0,0,0,1,128,0.8,92,4,97,869,2321,4096,12,9,14,0,1,Exynos,2515,AMOLED,90,1,WiFi 5,5.2,Yes,No,Yes,Android,15.8,18,84.1,62.8,85.4,1324.97,Flagship,1480.67,0.79,Business User,4.89,5605,92.6,89.5,77.4,0,62705.02,5.1,45599,60417307.03,5.32,24,E-commerce Marketplace,UK,Yes,0
2233,Apple,5674,0,3.3,1,24,1,512,1.0,100,4,61,283,1387,16384,15,4,4,1,0,Snapdragon,7495,LCD,90,1,WiFi 5,5.3,Yes,Yes,Yes,iOS,19.2,120,99.2,82.7,74.1,2500.0,Flagship,2697.42,18.75,Business User,4.39,2934,90.1,92.9,83.9,15,25617.88,8.83,47754,101477250.0,4.25,12,Retail Store,USA,Yes,2
2234,Motorola,3377,1,3.1,0,2,1,128,0.5,96,6,89,2077,1527,2048,5,10,13,0,0,Apple Bionic,2950,OLED,60,0,WiFi 6,5.2,No,Yes,Yes,Android,14.0,25,78.1,77.9,82.6,1097.58,Premium,1042.09,5.73,Gamer,4.07,1451,95.2,70.5,64.8,0,20013.54,2.33,30039,32970205.62,4.82,36,E-commerce Marketplace,USA,No,0
2235,Xiaomi,6955,1,3.2,0,10,1,512,0.7,149,4,26,160,2182,12288,10,3,6,0,1,Apple Bionic,5699,LCD,120,1,WiFi 5,5.3,Yes,Yes,Yes,Android,18.3,33,82.9,59.5,92.6,2463.73,Flagship,2201.53,12.53,Gamer,4.68,216,95.6,100.0,82.7,25,14160.12,5.56,39200,72433662.0,6.05,18,E-commerce Marketplace,Germany,Yes,2
2236,Google,3013,0,2.1,1,5,1,128,0.3,145,10,85,1450,700,8192,9,9,19,1,0,Snapdragon,5867,OLED,120,1,WiFi 5,5.4,No,Yes,Yes,Android,18.7,65,97.6,86.1,85.1,1623.62,Flagship,1645.59,0.1,Business User,4.46,16433,80.0,89.4,57.4,0,171386.75,7.93,34040,55268024.8,1.91,36,E-commerce Marketplace,USA,No,0
2237,Samsung,4621,1,2.1,0,2,1,256,0.4,146,10,38,1849,1564,8192,10,0,19,1,0,Google Tensor,6071,LCD,120,1,WiFi 6E,5.1,Yes,No,Yes,Android,14.2,65,86.7,78.8,70.7,1623.34,Flagship,1578.43,13.85,General User,4.18,1173,91.5,95.0,69.1,10,23249.8,7.78,54993,80345102.96,5.27,36,Online Store,UK,Yes,0
2238,Oppo,6817,1,0.9,1,2,1,256,0.4,193,6,65,1162,1568,4096,12,4,10,1,1,Exynos,3029,IPS LCD,60,0,WiFi 5,5.3,No,Yes,Yes,Android,13.1,80,87.5,80.0,80.8,1332.69,Flagship,1297.61,0.1,General User,5.0,1174,100.0,95.2,61.7,0,83594.47,2.71,22157,29528412.33,6.06,24,Retail Store,USA,No,1
2239,Xiaomi,3928,0,3.3,1,29,1,256,0.8,161,6,108,1621,2297,6144,12,3,6,1,1,Google Tensor,5232,OLED,90,1,WiFi 5,5.2,Yes,Yes,Yes,Android,14.7,25,94.3,100.0,98.4,1565.51,Flagship,1376.33,9.94,General User,5.0,1721,100.0,100.0,69.0,15,131409.77,3.93,32732,43555932.32,0.5,12,Telecom Partner,UAE,No,0
2240,Motorola,4544,1,3.2,1,13,1,128,0.8,87,8,58,189,1086,4096,13,5,3,1,1,Apple Bionic,3431,LCD,60,1,WiFi 6,5.0,Yes,Yes,Yes,Android,13.5,65,93.1,66.9,60.6,1093.18,Premium,1185.05,6.77,Business User,4.56,1990,95.3,77.7,64.7,15,58455.07,6.4,43496,40416613.69,5.71,18,Retail Store,Singapore,Yes,0
2241,Xiaomi,3790,0,3.2,0,10,1,64,0.5,218,10,28,1763,894,6144,18,5,8,1,1,MediaTek Dimensity,5685,OLED,60,1,WiFi 6E,5.4,Yes,No,No,Android,15.3,80,76.2,43.6,79.4,1217.03,Flagship,1091.89,7.24,Student,4.28,4357,87.2,91.6,77.3,15,33008.26,11.3,40569,41967636.56,9.52,24,E-commerce Marketplace,UK,Yes,0
2242,Xiaomi,6968,1,3.0,1,4,1,256,0.2,162,4,37,1416,1140,4096,6,8,8,0,1,Exynos,3570,AMOLED,90,0,WiFi 6,5.4,Yes,No,Yes,Android,14.3,25,91.1,45.9,86.8,1167.26,Premium,1148.46,4.95,Professional,4.62,3375,97.7,98.0,75.8,0,103805.39,5.03,42850,50017091.0,5.06,18,Retail Store,Australia,Yes,1
2243,Oppo,4344,0,1.7,1,10,1,256,0.4,195,8,18,2057,2306,3072,5,10,17,1,1,Apple Bionic,3216,OLED,90,1,WiFi 5,5.1,No,Yes,Yes,Android,14.3,80,100.0,37.6,100.0,1561.19,Flagship,1639.35,6.7,Gamer,4.27,4540,92.9,100.0,53.5,25,131306.48,9.22,28206,33026193.85,3.45,12,Retail Store,USA,No,0
2244,Google,2503,1,1.4,1,0,1,64,0.7,130,4,30,1172,1229,8192,17,3,4,1,1,Exynos,4737,IPS LCD,120,1,WiFi 6,5.2,Yes,Yes,Yes,Android,14.4,45,86.8,54.3,64.3,1559.74,Flagship,1374.73,7.27,Professional,3.86,32282,80.0,80.1,59.8,25,5000.0,6.18,42956,50250143.58,6.96,24,Telecom Partner,UK,Yes,0
2245,Google,2629,1,2.5,1,30,1,32,1.0,130,8,82,2166,1976,4096,16,1,15,1,0,Apple Bionic,4247,AMOLED,90,1,WiFi 5,5.4,No,Yes,Yes,Android,12.7,45,90.7,96.3,92.5,1422.84,Flagship,1613.27,5.98,General User,4.21,1623,77.5,84.6,64.3,10,25882.19,5.88,34937,44738784.97,3.78,12,Retail Store,USA,No,0
2246,Xiaomi,3702,0,2.0,0,8,1,64,0.1,203,4,66,707,1298,8192,14,3,2,1,1,Google Tensor,4261,AMOLED,60,1,WiFi 6,5.0,Yes,Yes,Yes,Android,14.0,120,83.4,66.8,83.8,1459.78,Flagship,1677.18,7.36,General User,4.39,2051,88.4,78.0,92.7,10,264133.35,11.37,65571,86147310.94,3.61,18,E-commerce Marketplace,India,Yes,0
2247,Samsung,4361,0,1.4,1,7,1,512,0.2,100,6,12,762,1634,6144,11,3,3,0,1,Apple Bionic,3629,IPS LCD,90,1,WiFi 5,5.0,No,Yes,No,Android,14.9,33,82.6,34.8,84.6,1840.11,Flagship,1722.78,15.57,Professional,4.16,1802,88.8,100.0,82.9,10,28385.19,10.09,40326,66783848.27,7.13,12,Online Store,India,Yes,0
2248,Motorola,3616,1,1.5,0,25,1,128,0.3,99,10,52,1132,2354,8192,19,0,5,1,0,Snapdragon,5311,AMOLED,90,0,WiFi 5,5.2,Yes,Yes,Yes,Android,16.5,18,89.9,46.2,87.9,1279.08,Flagship,1175.87,7.54,Business User,4.37,15029,89.4,100.0,80.7,5,5000.0,0.88,45986,55878784.24,6.22,18,Retail Store,Germany,Yes,0
2249,Apple,5805,1,1.5,0,1,1,256,0.9,159,6,14,1365,2038,3072,17,4,7,1,1,Google Tensor,2930,AMOLED,120,1,WiFi 6,5.2,No,Yes,Yes,iOS,17.0,33,90.7,38.4,86.0,1939.58,Flagship,1746.17,12.88,Business User,4.36,1415,84.6,86.0,66.7,0,112375.3,1.98,28488,55254755.04,8.45,36,Telecom Partner,UAE,No,1
2250,Motorola,4514,1,2.9,0,26,1,64,0.3,100,6,85,1869,1163,4096,9,7,7,0,0,Exynos,4525,AMOLED,90,1,WiFi 6E,5.3,Yes,Yes,Yes,Android,12.9,80,86.9,74.0,100.0,1278.64,Flagship,1154.86,8.47,Professional,4.65,1813,91.2,74.0,92.8,10,139090.87,5.93,41050,47239354.8,8.51,12,Telecom Partner,India,Yes,0
2251,Motorola,4293,1,2.9,0,12,1,64,0.8,202,8,25,1083,738,3072,10,3,14,1,1,MediaTek Dimensity,3681,OLED,60,1,WiFi 5,5.1,Yes,Yes,Yes,Android,18.2,120,84.8,40.2,85.5,899.84,Premium,800.46,11.57,Gamer,4.15,6167,88.3,85.5,68.3,15,39238.38,8.12,40036,30622095.1,6.78,12,E-commerce Marketplace,Germany,Yes,0
2252,Samsung,4347,0,1.5,0,23,1,64,0.9,105,6,38,355,632,3072,6,4,16,1,0,Apple Bionic,2770,LCD,120,1,WiFi 5,5.4,Yes,Yes,Yes,Android,12.9,25,79.1,42.9,83.2,1253.99,Flagship,1036.72,18.78,Student,4.22,734,84.9,89.9,67.1,15,13673.07,5.2,43099,45938857.76,3.63,12,E-commerce Marketplace,Germany,Yes,0
2253,Apple,4927,1,1.9,1,19,1,512,0.4,123,4,6,989,673,6144,7,1,10,0,0,MediaTek Dimensity,3629,AMOLED,90,1,WiFi 5,5.4,Yes,Yes,Yes,iOS,19.9,120,99.7,28.1,80.4,2100.1,Flagship,1849.54,15.25,General User,4.47,2105,92.2,100.0,70.3,5,249391.98,5.36,42618,85026958.71,2.71,36,E-commerce Marketplace,USA,Yes,2
2254,Apple,5590,0,0.9,1,26,1,128,0.4,164,4,47,1554,1728,12288,14,1,7,0,1,Exynos,5827,AMOLED,144,1,WiFi 6,5.4,No,No,Yes,iOS,18.5,18,95.0,23.6,99.3,2126.46,Flagship,2168.08,20.9,General User,4.67,3254,97.9,99.0,98.5,15,87757.04,11.14,53581,96847175.27,0.5,36,Retail Store,Australia,Yes,2
2255,Samsung,5976,0,1.0,1,19,1,512,0.5,113,6,34,220,1680,4096,8,5,3,1,1,Exynos,2710,OLED,144,1,WiFi 6,5.1,No,Yes,Yes,Android,15.9,45,83.5,68.1,90.1,1802.98,Flagship,1530.87,14.91,General User,4.83,2250,96.1,100.0,77.4,5,16600.2,5.34,41616,71281174.9,5.37,36,Online Store,UAE,Yes,1
2256,Motorola,3303,1,2.9,0,25,1,128,1.0,118,10,107,806,1498,4096,7,9,14,0,0,Apple Bionic,4374,OLED,144,1,WiFi 6,5.1,Yes,Yes,Yes,Android,17.2,80,85.3,100.0,90.2,1556.27,Flagship,1678.9,0.1,Business User,4.85,1078,100.0,94.0,68.5,15,45406.82,6.84,28815,38117332.04,3.5,18,Retail Store,UAE,No,0
2257,Xiaomi,3429,1,2.1,0,3,1,128,0.6,130,8,99,269,1021,6144,17,5,2,1,0,MediaTek Dimensity,4522,IPS LCD,144,1,WiFi 6E,5.0,No,Yes,Yes,Android,13.2,33,90.9,87.9,77.5,1537.2,Flagship,1566.37,8.95,Gamer,5.0,8325,100.0,99.2,87.6,0,70518.57,0.1,39963,61431123.6,6.52,18,E-commerce Marketplace,Germany,Yes,0
2258,Google,5675,0,1.0,0,10,1,256,0.5,182,4,25,387,2337,6144,15,8,15,1,0,MediaTek Dimensity,2900,Super AMOLED,60,1,WiFi 7,5.4,No,Yes,No,Android,14.4,65,95.1,58.8,78.1,1593.45,Flagship,1559.36,10.39,Professional,4.75,864,95.6,100.0,73.5,10,22821.3,5.84,38489,55197267.34,2.63,12,Online Store,UK,Yes,1
2259,Realme,5024,0,3.5,1,17,1,256,0.1,91,6,69,1517,1292,6144,19,10,5,1,0,Apple Bionic,4979,OLED,120,1,WiFi 6,5.0,Yes,Yes,Yes,Android,13.3,33,87.3,52.9,65.2,1619.55,Flagship,1877.55,4.46,Professional,3.35,314,75.5,74.4,55.8,15,92958.09,7.45,27775,38235551.06,13.08,12,Online Store,Australia,No,1
2260,Vivo,3888,0,3.3,0,17,1,16,0.5,175,10,84,1392,1180,4096,14,6,11,1,1,Exynos,4843,LCD,120,1,WiFi 6,5.2,Yes,Yes,Yes,Android,15.7,65,81.1,89.5,83.2,1508.76,Flagship,1263.47,0.1,General User,4.63,2744,94.4,93.2,77.0,0,34608.05,5.63,36701,55373000.76,0.5,18,E-commerce Marketplace,Australia,Yes,0
2261,Realme,5953,0,3.0,1,2,1,256,0.6,197,4,92,1618,1252,6144,5,1,20,0,0,Snapdragon,4334,LCD,90,1,WiFi 6,5.4,Yes,Yes,Yes,Android,13.1,65,82.2,92.7,75.6,1651.68,Flagship,1908.34,10.28,Professional,4.91,422,100.0,85.1,77.5,5,109792.63,6.42,33908,53204907.17,6.03,12,Retail Store,UK,No,1
2262,Samsung,4288,1,1.8,0,4,1,256,0.3,111,4,79,1838,868,6144,12,0,17,1,0,Exynos,4036,OLED,120,0,WiFi 6E,5.1,No,Yes,Yes,Android,17.7,80,75.6,77.5,100.0,1699.99,Flagship,1691.12,15.17,Gamer,4.16,451,81.1,65.5,49.3,10,23844.72,9.15,25036,38304854.68,4.92,24,Online Store,India,No,0
2263,Samsung,5193,1,2.7,1,14,1,256,0.7,120,8,56,2190,881,12288,17,2,18,1,1,Google Tensor,6568,AMOLED,144,1,WiFi 5,5.4,No,Yes,Yes,Android,13.7,120,89.9,42.5,79.9,2118.93,Flagship,2448.3,17.07,Student,4.57,1643,82.5,91.8,76.4,0,29149.85,5.84,27052,57321294.36,8.17,24,E-commerce Marketplace,Singapore,No,2
2264,Motorola,2676,1,1.7,1,11,1,128,1.0,224,6,39,2172,841,8192,12,10,18,1,0,MediaTek Dimensity,5083,IPS LCD,144,1,WiFi 6E,5.3,No,No,Yes,Android,16.8,80,75.1,61.4,78.2,1728.17,Flagship,1727.68,3.48,Professional,5.0,2342,100.0,87.6,75.9,5,57292.62,5.52,34615,56829574.32,5.21,24,Online Store,Singapore,No,0
2265,Realme,4763,0,1.6,0,15,1,128,0.7,213,6,53,1059,1126,12288,5,8,11,1,0,Google Tensor,6317,OLED,90,1,WiFi 6,5.1,Yes,No,No,Android,15.4,45,91.4,57.5,87.5,1514.31,Flagship,1331.3,7.07,General User,4.32,3940,87.8,91.2,74.9,10,140282.49,1.86,33276,45351161.6,0.5,18,Retail Store,Singapore,No,2
2266,Samsung,6408,0,1.5,1,25,1,64,0.8,134,8,23,386,2242,3072,18,2,17,1,1,Google Tensor,3309,IPS LCD,60,1,WiFi 5,5.0,Yes,Yes,Yes,Android,12.9,120,80.5,50.5,66.3,1183.52,Premium,1387.78,7.33,General User,4.19,2304,87.0,100.0,82.7,0,5215.29,4.53,33189,39279845.28,8.27,36,Online Store,UAE,No,1
2267,Apple,5276,1,3.3,1,19,1,128,0.9,200,6,37,383,861,8192,17,11,20,0,0,Apple Bionic,5997,OLED,144,1,WiFi 6,5.0,Yes,Yes,Yes,iOS,16.5,25,80.2,41.5,89.9,1804.05,Flagship,1978.18,15.94,Student,4.34,1869,88.4,89.5,85.2,25,41610.92,10.76,47677,64508768.89,6.34,24,Online Store,Singapore,Yes,2
2268,Google,4397,0,1.5,0,6,1,256,0.7,131,4,108,1816,2139,6144,7,1,10,1,0,Google Tensor,3698,AMOLED,90,1,WiFi 6E,5.2,Yes,Yes,Yes,Android,18.9,120,80.7,84.8,82.1,1669.73,Flagship,1400.41,2.38,General User,4.77,655,94.7,77.4,79.5,10,129443.6,10.84,58393,87750489.5,2.23,24,Retail Store,UAE,Yes,0
2269,OnePlus,4010,1,3.5,1,25,1,256,0.4,220,8,98,1961,846,16384,15,2,4,1,0,MediaTek Dimensity,8043,IPS LCD,144,1,WiFi 6,5.2,No,Yes,Yes,Android,14.9,65,91.2,79.2,79.7,2184.64,Flagship,2557.6,5.25,Business User,4.21,7118,78.3,84.0,68.6,0,20867.4,8.99,36602,79962193.28,6.01,12,E-commerce Marketplace,Germany,Yes,2
2270,Samsung,3494,1,1.8,1,22,1,256,0.9,138,8,45,665,1116,8192,12,1,14,0,0,Snapdragon,5684,AMOLED,60,1,WiFi 6,5.0,No,Yes,Yes,Android,16.0,33,85.8,63.5,99.5,1605.11,Flagship,1502.31,21.75,General User,5.0,6708,99.6,70.9,54.2,20,14694.79,5.58,31217,40085375.1,4.73,24,Telecom Partner,Germany,No,0
2271,Samsung,6936,0,2.8,0,21,1,128,0.2,210,10,11,474,1977,6144,15,11,9,1,0,Apple Bionic,5073,IPS LCD,90,1,WiFi 6E,5.1,No,Yes,No,Android,12.8,120,77.4,59.1,72.6,1410.49,Flagship,1608.76,18.41,Business User,5.0,3790,100.0,75.1,73.9,0,88427.94,6.9,49262,69483558.38,5.63,18,Retail Store,India,Yes,1
2272,Google,4543,1,1.9,0,16,1,64,0.7,160,6,45,624,944,16384,15,3,12,1,1,Apple Bionic,8158,AMOLED,120,1,WiFi 6,5.4,Yes,Yes,Yes,Android,14.9,45,85.0,67.3,89.7,2038.06,Flagship,2343.73,12.45,General User,4.53,1612,83.5,82.9,59.8,10,25564.93,1.9,21224,38930206.9,3.44,36,Retail Store,Singapore,No,2
2273,Motorola,5977,1,3.2,1,2,0,256,0.4,207,6,102,2045,1769,12288,15,3,7,0,1,Exynos,6908,LCD,90,1,WiFi 6,5.2,Yes,Yes,No,Android,14.8,45,81.1,90.9,69.4,2053.15,Flagship,2035.33,1.75,Professional,4.76,6469,92.5,84.8,78.8,0,7327.36,1.98,30282,62173488.3,3.65,12,E-commerce Marketplace,India,No,2
2274,Vivo,4918,0,3.4,1,21,1,128,0.3,90,4,61,1938,1302,8192,16,7,19,0,0,Exynos,5410,LCD,120,1,WiFi 5,5.2,Yes,Yes,Yes,Android,14.2,120,84.1,79.7,80.9,1687.82,Flagship,1754.98,0.1,Gamer,4.06,2967,83.0,71.5,57.8,10,53738.0,10.56,43339,65833587.88,8.96,12,Online Store,USA,Yes,1
2275,Xiaomi,6157,1,2.1,0,32,1,64,0.7,115,10,82,150,1999,16384,9,8,2,0,1,Apple Bionic,7572,IPS LCD,90,1,WiFi 6E,5.0,No,Yes,Yes,Android,16.2,80,79.4,69.5,67.4,1781.13,Flagship,1700.47,7.46,Gamer,4.18,2829,80.0,84.4,41.1,20,6050.76,6.54,23289,33184589.26,3.8,36,Online Store,Singapore,No,2
2276,Realme,5495,0,1.2,0,5,1,512,0.5,153,10,79,2068,543,2048,16,3,3,0,1,MediaTek Dimensity,2825,OLED,120,1,WiFi 5,5.1,Yes,No,Yes,Android,16.9,80,87.5,65.6,83.0,1878.78,Flagship,1703.5,13.05,Business User,4.4,2226,96.8,100.0,73.7,5,15786.53,0.1,25538,45581269.46,2.85,18,Retail Store,UAE,No,1
2277,Samsung,3097,0,2.2,0,11,1,128,0.7,217,8,96,1415,586,16384,19,6,14,0,1,MediaTek Dimensity,7253,AMOLED,90,1,WiFi 5,5.2,Yes,Yes,Yes,Android,14.1,120,86.3,87.7,98.3,1993.43,Flagship,1672.86,20.55,General User,4.66,324,90.3,83.1,70.5,0,25711.35,8.21,36662,73083130.66,3.84,12,Online Store,Germany,Yes,2
2278,Realme,4805,1,2.6,1,18,1,128,0.2,139,6,87,1614,1069,4096,14,4,14,1,1,Snapdragon,3602,Super AMOLED,120,1,WiFi 6,5.3,Yes,Yes,Yes,Android,18.8,80,92.1,78.8,92.7,1671.1,Flagship,1717.59,10.68,Professional,4.56,1705,92.3,100.0,92.7,10,46100.23,3.53,29471,44324089.29,4.43,12,Retail Store,Australia,No,1
2279,OnePlus,6675,1,2.6,0,4,1,128,0.5,82,4,73,1760,1115,16384,6,8,5,1,1,Exynos,8193,IPS LCD,60,1,WiFi 6,5.3,Yes,Yes,No,Android,18.7,25,92.1,75.1,80.4,2117.26,Flagship,2239.03,6.26,General User,5.0,719,97.2,97.3,79.8,10,113795.86,7.08,39796,75832631.06,2.73,24,E-commerce Marketplace,Singapore,Yes,2
2280,Motorola,3799,1,1.1,1,6,1,128,0.5,170,8,34,1800,2039,16384,18,6,13,1,1,Exynos,7410,OLED,60,0,WiFi 6,5.4,No,Yes,Yes,Android,12.4,45,78.8,65.8,97.9,1868.01,Flagship,2142.91,11.12,Professional,4.06,1347,84.7,77.3,75.0,0,302785.75,2.35,47996,89657007.96,6.44,24,Retail Store,Germany,Yes,2
2281,OnePlus,3578,0,1.6,1,29,1,16,0.2,186,6,83,506,849,8192,7,6,19,0,0,MediaTek Dimensity,4808,AMOLED,144,1,WiFi 6E,5.0,Yes,Yes,Yes,Android,13.9,65,83.8,100.0,84.0,1694.77,Flagship,1750.31,11.47,General User,4.43,1148,78.8,94.8,72.8,15,84388.4,11.79,51751,74550135.93,8.69,12,Retail Store,Germany,Yes,0
2282,Xiaomi,5581,0,2.8,1,7,1,256,0.4,81,8,83,912,1218,4096,15,9,14,0,1,Apple Bionic,4033,Super AMOLED,144,1,WiFi 6E,5.0,Yes,No,Yes,Android,19.0,33,78.9,83.3,91.3,1820.94,Flagship,2023.81,0.1,General User,4.88,541,89.4,100.0,60.2,15,209681.05,8.53,38626,59785284.17,2.28,18,E-commerce Marketplace,India,Yes,1
2283,Google,5662,0,2.9,0,26,1,128,0.3,201,4,27,814,2370,6144,14,8,4,0,1,Google Tensor,4536,LCD,90,1,WiFi 6,5.1,Yes,No,Yes,Android,17.4,120,80.8,70.6,69.4,1572.42,Flagship,1596.75,4.85,Professional,4.66,14290,94.7,86.4,52.4,10,74094.77,3.01,34949,49459055.92,3.88,18,Telecom Partner,Australia,No,1
2284,Vivo,6992,1,0.9,0,16,1,512,0.7,182,8,57,1900,1456,4096,19,8,14,0,0,Apple Bionic,2739,IPS LCD,60,1,WiFi 6E,5.2,Yes,Yes,No,Android,13.1,80,83.2,61.9,76.3,1885.25,Flagship,1595.2,5.24,Professional,4.19,9415,84.7,73.1,72.8,10,124928.59,4.79,47819,81135692.78,1.69,18,Telecom Partner,Germany,Yes,1
2285,Samsung,4309,0,0.9,0,23,1,256,0.6,143,4,94,1119,597,8192,16,1,3,0,1,Apple Bionic,4583,Super AMOLED,60,1,WiFi 6,5.4,No,Yes,Yes,Android,14.5,25,82.5,92.9,85.0,1678.04,Flagship,1588.9,14.32,Student,5.0,6489,100.0,100.0,83.3,20,25311.79,10.7,41703,55983441.7,6.46,24,E-commerce Marketplace,UK,Yes,0
2286,Samsung,5426,0,3.0,0,2,1,256,0.7,121,10,80,289,1252,6144,13,9,11,1,0,Google Tensor,5014,Super AMOLED,144,1,WiFi 6,5.4,Yes,Yes,Yes,Android,18.4,45,81.7,85.2,93.1,1846.02,Flagship,1949.57,20.17,Professional,5.0,1422,98.4,91.2,73.6,15,87241.46,3.6,33508,52577972.44,6.96,18,Online Store,UAE,No,1
2287,Apple,3242,0,2.2,0,14,1,64,0.8,234,8,99,1462,1003,16384,17,7,5,0,1,MediaTek Dimensity,8371,AMOLED,120,0,WiFi 6E,5.1,Yes,Yes,Yes,iOS,20.0,65,93.8,100.0,94.1,2453.12,Flagship,2164.54,8.23,Student,5.0,11308,100.0,100.0,76.8,5,20504.69,5.32,47894,111615242.8,6.62,24,Online Store,India,Yes,2
2288,Realme,6276,0,2.9,0,15,1,512,0.3,235,4,32,858,2192,6144,17,11,19,1,0,Google Tensor,3938,LCD,144,1,WiFi 6,5.0,Yes,Yes,Yes,Android,13.7,120,90.8,39.7,71.2,1963.93,Flagship,1899.13,4.56,General User,4.02,1383,89.8,77.2,58.9,15,242972.42,11.61,52781,88109460.93,9.75,12,Retail Store,Germany,Yes,1
2289,Google,5763,1,3.0,1,30,0,256,0.4,219,10,82,443,963,8192,16,6,2,0,0,MediaTek Dimensity,5666,Super AMOLED,60,1,WiFi 5,5.4,No,No,Yes,Android,14.1,18,84.6,100.0,72.2,1875.12,Flagship,1652.25,9.96,Gamer,4.74,1420,93.6,81.0,64.9,5,16982.54,7.8,36557,65121323.75,10.6,12,Online Store,UAE,Yes,2
2290,Xiaomi,6361,0,2.2,0,14,1,128,0.2,207,4,8,699,1711,8192,11,1,2,0,1,Google Tensor,3592,AMOLED,90,1,WiFi 5,5.3,Yes,Yes,Yes,Android,16.9,45,95.3,45.5,90.0,1618.28,Flagship,1344.21,6.65,Student,4.57,465,93.0,89.6,70.7,10,127991.12,2.18,37658,54847069.42,3.77,18,Telecom Partner,Singapore,Yes,1
2291,Oppo,4045,1,3.4,0,27,1,256,0.5,163,6,42,1801,2085,8192,7,1,3,1,0,Snapdragon,5798,Super AMOLED,120,0,WiFi 6,5.1,No,No,Yes,Android,16.5,33,92.8,61.4,72.4,1584.44,Flagship,1708.84,10.4,Student,5.0,692,100.0,91.1,69.5,5,21125.77,7.39,30287,45588537.57,6.84,36,E-commerce Marketplace,India,No,0
2292,Motorola,6903,1,1.4,1,7,1,64,0.6,171,6,35,1022,1527,12288,12,3,14,1,1,Apple Bionic,6341,OLED,120,1,WiFi 6,5.2,Yes,No,Yes,Android,16.3,33,86.8,52.3,86.4,1713.41,Flagship,1520.19,10.3,General User,4.39,4127,82.0,75.9,65.2,25,48567.35,7.06,36364,46729830.93,6.84,36,E-commerce Marketplace,USA,Yes,2
2293,Vivo,4613,0,3.3,0,23,1,128,0.4,149,6,85,1425,1958,6144,9,4,9,1,1,Snapdragon,4977,OLED,120,0,WiFi 6,5.2,Yes,Yes,Yes,Android,17.9,80,98.3,89.8,93.9,1370.8,Flagship,1578.3,1.59,Business User,4.61,2425,99.3,100.0,71.8,20,42595.47,6.95,33510,36748406.4,0.5,12,E-commerce Marketplace,USA,No,0
2294,Google,4758,0,1.1,1,20,1,512,1.0,112,6,10,2192,598,6144,10,10,12,0,0,Apple Bionic,3422,OLED,90,1,WiFi 6E,5.0,No,Yes,Yes,Android,13.7,25,81.6,34.2,85.2,1569.66,Flagship,1356.95,6.83,Business User,4.13,2433,84.4,100.0,60.5,10,103987.93,10.65,31870,45022557.78,4.02,36,Retail Store,Germany,No,0
2295,Apple,3911,0,3.0,0,15,1,128,0.8,130,8,92,1914,725,6144,19,9,6,1,0,Snapdragon,5469,IPS LCD,144,0,WiFi 6E,5.4,Yes,Yes,Yes,iOS,19.4,80,79.5,61.6,75.5,1904.69,Flagship,1784.33,22.19,Student,3.91,1163,73.4,70.3,71.6,0,13820.59,9.07,34645,65987985.05,9.46,12,E-commerce Marketplace,Germany,No,0
2296,Xiaomi,4151,1,2.2,1,1,1,512,0.3,175,6,8,363,1488,12288,14,7,17,0,1,MediaTek Dimensity,6415,Super AMOLED,120,0,WiFi 5,5.1,Yes,Yes,Yes,Android,18.9,18,83.7,28.0,91.8,2372.47,Flagship,2439.23,7.95,Student,3.63,1909,73.2,90.8,58.9,20,15896.19,2.75,27602,52387933.55,10.91,18,Retail Store,USA,No,2
2297,Motorola,5162,0,0.9,0,13,1,128,0.5,172,4,86,2104,1037,6144,16,3,6,1,0,Exynos,2523,IPS LCD,90,1,WiFi 6,5.4,Yes,Yes,Yes,Android,16.3,25,95.3,94.3,61.8,1324.41,Flagship,1534.83,5.4,Professional,4.53,893,97.1,88.3,79.3,5,278219.85,8.01,56087,70568074.49,5.61,36,Telecom Partner,India,Yes,1
2298,Realme,5488,0,2.6,1,24,1,512,0.5,159,10,17,202,923,3072,5,7,7,1,0,MediaTek Dimensity,4523,OLED,120,1,WiFi 6,5.3,Yes,Yes,Yes,Android,13.7,18,100.0,65.2,60.9,1703.67,Flagship,1533.01,7.03,Gamer,3.93,2315,92.8,89.3,70.8,15,42247.77,7.31,31205,45188569.0,3.88,24,E-commerce Marketplace,Germany,No,1
2299,OnePlus,5924,0,1.6,1,30,1,128,0.7,112,6,60,2147,2299,6144,16,8,9,0,0,Exynos,3912,OLED,120,1,WiFi 6,5.3,No,Yes,No,Android,18.1,25,90.3,66.2,66.4,1249.9,Flagship,1264.63,10.23,Professional,4.61,3786,100.0,86.5,98.6,0,10681.25,3.89,36125,45152637.5,7.04,12,E-commerce Marketplace,Singapore,Yes,1
2300,OnePlus,3646,1,2.9,0,15,1,512,0.2,116,4,37,2044,2205,6144,11,7,20,0,1,Snapdragon,4089,AMOLED,60,1,WiFi 6,5.1,Yes,Yes,Yes,Android,12.6,65,89.9,66.0,80.3,1819.5,Flagship,2146.62,6.71,General User,4.65,9893,95.4,88.7,66.6,10,189775.38,2.14,43229,70789648.95,10.22,18,Online Store,USA,Yes,0
2301,Motorola,6757,1,1.3,1,21,1,256,0.5,213,8,11,2107,1704,6144,12,2,10,1,0,Google Tensor,4002,IPS LCD,120,1,WiFi 5,5.3,No,Yes,No,Android,18.1,25,87.0,37.6,67.3,1469.46,Flagship,1641.31,11.32,Business User,4.43,1659,90.2,100.0,72.7,0,18656.13,0.1,23513,34551412.98,6.91,12,Telecom Partner,Australia,No,1
2302,Xiaomi,4882,1,3.1,1,23,1,64,1.0,132,10,29,1516,2380,6144,7,4,4,1,1,Apple Bionic,5031,LCD,144,1,WiFi 5,5.0,No,Yes,Yes,Android,14.0,33,82.5,59.1,73.6,1503.54,Flagship,1690.02,0.1,Business User,3.94,1584,82.5,100.0,75.8,20,18662.99,3.04,38275,46038394.8,6.87,18,Retail Store,UAE,Yes,1
2303,Apple,2793,0,1.1,1,6,1,128,0.3,125,6,44,374,1462,8192,18,7,3,1,0,Snapdragon,4378,AMOLED,144,1,WiFi 5,5.2,Yes,No,Yes,iOS,16.4,33,81.1,51.2,90.8,1946.6,Flagship,1740.56,22.36,General User,4.61,1507,89.2,100.0,86.4,0,22329.78,0.59,20007,38945626.2,7.6,24,Online Store,UAE,No,2
2304,Oppo,5249,1,1.1,0,27,1,256,0.2,181,6,6,535,1048,8192,13,6,4,1,0,Apple Bionic,4049,LCD,60,1,WiFi 6E,5.3,No,No,Yes,Android,12.9,25,79.2,62.4,88.1,1680.73,Flagship,1500.86,5.4,General User,4.36,456,89.6,100.0,68.0,25,75367.6,7.2,36240,45682241.4,6.06,24,Retail Store,Germany,Yes,1
2305,Realme,3491,1,1.0,1,7,1,32,1.0,136,10,84,1647,1634,6144,17,6,13,1,0,Google Tensor,4366,OLED,60,1,WiFi 5,5.0,No,Yes,Yes,Android,17.7,18,81.4,85.4,86.5,1382.94,Flagship,1404.59,3.25,Gamer,5.0,2122,90.9,82.8,63.1,25,30487.66,6.48,30576,31713580.08,4.8,36,Retail Store,USA,No,0
2306,Oppo,4023,1,1.8,1,8,1,128,0.3,183,10,101,581,744,4096,9,2,14,1,0,Apple Bionic,4623,Super AMOLED,90,1,WiFi 6,5.0,Yes,Yes,Yes,Android,14.0,120,80.0,94.2,81.5,1262.47,Flagship,1309.91,2.05,Gamer,5.0,2162,100.0,95.3,73.2,10,29767.54,7.38,37291,42370891.89,5.89,18,Online Store,Singapore,Yes,0
2307,Realme,2802,1,3.5,1,18,1,128,0.3,107,6,82,1861,2325,12288,19,6,19,1,0,Exynos,6747,AMOLED,120,1,WiFi 6,5.1,No,No,Yes,Android,18.6,80,76.7,93.8,82.4,1903.53,Flagship,2040.27,0.1,Business User,4.9,3132,100.0,100.0,71.4,5,18826.48,1.87,19408,35096524.73,2.8,36,Online Store,Singapore,No,2
2308,Apple,6385,0,2.6,0,13,1,64,0.6,187,6,75,1910,1146,2048,15,7,5,0,0,MediaTek Dimensity,3193,IPS LCD,120,1,WiFi 6,5.3,No,Yes,No,iOS,18.9,25,77.7,100.0,85.6,1864.45,Flagship,1830.31,12.9,Professional,4.69,1847,99.5,84.2,67.8,15,14657.95,7.06,38093,60369119.77,6.52,12,Online Store,UK,Yes,1
2309,Apple,4212,1,3.2,0,1,1,128,0.9,143,4,84,661,1386,8192,18,1,16,0,0,Exynos,4680,AMOLED,90,1,WiFi 6,5.4,Yes,Yes,Yes,iOS,17.4,45,89.1,59.0,89.3,1883.53,Flagship,2041.18,20.14,Professional,4.76,1845,98.0,98.1,74.1,0,69757.5,5.38,32348,60928428.44,6.26,12,Telecom Partner,Australia,No,2
2310,Vivo,3890,0,0.8,1,30,1,256,0.7,138,8,57,1365,1562,6144,6,4,2,0,1,MediaTek Dimensity,3357,Super AMOLED,90,1,WiFi 5,5.4,Yes,Yes,No,Android,14.6,18,90.7,74.3,74.4,1489.46,Flagship,1301.67,6.46,Business User,4.3,144,91.9,74.1,52.9,10,83022.18,3.21,43249,57975889.99,1.93,24,Telecom Partner,UK,Yes,0
2311,Xiaomi,2926,0,2.0,1,1,1,256,0.6,106,8,63,773,725,3072,17,0,5,1,0,Google Tensor,3310,IPS LCD,60,1,WiFi 5,5.4,No,Yes,Yes,Android,17.5,33,87.2,66.8,89.6,1088.55,Premium,1201.59,13.58,Gamer,4.19,1718,79.7,91.7,57.3,20,96863.92,6.46,31329,27282546.36,7.36,12,E-commerce Marketplace,UK,No,0
2312,OnePlus,6494,1,1.6,0,15,1,64,0.4,189,10,12,452,1341,16384,6,11,4,1,1,Exynos,8374,LCD,144,1,WiFi 6E,5.4,Yes,No,Yes,Android,17.9,18,89.2,50.2,77.6,1927.48,Flagship,2151.66,5.76,Professional,4.17,350,89.3,89.0,94.7,25,11024.18,9.13,34718,50188687.98,9.01,18,Retail Store,UK,No,2
2313,Apple,3845,1,3.5,1,11,1,128,0.2,182,8,75,1714,1820,6144,12,3,19,1,1,Snapdragon,5632,AMOLED,120,1,WiFi 6,5.2,No,Yes,Yes,iOS,16.1,65,94.9,62.2,69.2,1881.89,Flagship,1772.12,13.05,Professional,4.7,503,100.0,94.9,87.2,5,36038.37,1.0,32970,58943617.64,5.63,18,Telecom Partner,USA,No,0
2314,Realme,4751,0,2.5,1,12,1,128,0.2,99,6,61,484,1659,16384,16,4,16,0,0,Apple Bionic,7933,Super AMOLED,90,1,WiFi 7,5.0,No,Yes,Yes,Android,15.8,45,85.0,89.8,90.5,2105.16,Flagship,2216.52,2.64,Business User,4.56,1004,83.3,84.4,53.6,15,30727.12,6.5,42922,76804025.89,5.67,12,Telecom Partner,Australia,Yes,2
2315,Motorola,3514,1,3.2,1,15,0,128,0.3,116,10,81,914,890,6144,6,7,14,0,0,Exynos,5920,AMOLED,60,1,WiFi 5,5.1,Yes,No,Yes,Android,16.6,120,76.1,44.9,88.6,1419.53,Flagship,1457.02,11.52,Professional,4.14,7309,83.2,100.0,75.5,5,73557.31,7.22,36230,48858093.3,2.08,24,E-commerce Marketplace,Germany,Yes,0
2316,Motorola,6933,1,1.7,1,15,1,64,0.9,181,6,47,722,761,3072,19,6,5,1,0,MediaTek Dimensity,3025,LCD,120,1,WiFi 6,5.4,Yes,Yes,Yes,Android,18.5,33,89.7,43.1,58.3,1055.26,Premium,1224.68,14.86,Student,3.57,2434,77.6,66.6,56.0,0,23500.51,2.99,34074,35956929.24,2.25,36,Retail Store,UK,No,1
2317,Oppo,6500,1,2.8,1,31,1,64,0.5,228,6,49,1259,1447,4096,14,0,8,1,0,MediaTek Dimensity,3799,LCD,120,1,WiFi 6,5.3,Yes,No,Yes,Android,13.2,45,86.3,38.6,64.1,1177.61,Premium,1194.69,8.44,Business User,4.06,804,66.1,99.0,78.3,15,6465.57,11.18,45206,45249782.01,7.84,18,Online Store,Singapore,Yes,1
2318,Apple,4485,1,1.3,0,0,1,256,0.1,136,10,83,1055,2317,8192,6,4,10,1,1,Snapdragon,5396,LCD,60,1,WiFi 6E,5.3,No,Yes,No,iOS,19.7,25,87.7,81.9,85.9,2158.94,Flagship,2096.03,14.88,Gamer,4.18,10001,79.6,81.2,63.1,10,99258.47,4.08,47730,92741585.58,5.13,12,E-commerce Marketplace,Germany,Yes,2
2319,Apple,5900,0,2.2,1,1,1,128,1.0,190,8,104,1593,1634,8192,6,1,11,0,0,Google Tensor,5612,Super AMOLED,120,1,WiFi 5,5.4,Yes,Yes,Yes,iOS,16.9,25,95.3,93.2,77.1,2231.93,Flagship,2556.9,18.42,Business User,4.63,6012,86.0,99.1,82.9,20,57451.92,8.56,50823,90746702.71,7.06,18,Retail Store,India,Yes,2
2320,Google,3151,1,2.1,1,11,1,64,0.7,106,8,85,1348,2383,4096,11,11,18,0,0,Google Tensor,3758,IPS LCD,120,0,WiFi 6,5.2,Yes,Yes,Yes,Android,12.2,45,93.5,76.2,73.3,1313.82,Flagship,1349.62,4.33,General User,3.95,280,74.4,88.9,68.5,15,189902.93,9.59,45892,51249753.32,5.41,36,Telecom Partner,India,Yes,0
2321,Vivo,5436,1,1.4,0,19,1,128,0.9,184,6,21,701,1682,6144,16,7,20,0,1,Google Tensor,3702,OLED,90,1,WiFi 6,5.0,Yes,No,Yes,Android,16.7,120,92.6,37.1,85.7,1565.54,Flagship,1312.83,4.4,Student,4.77,7811,98.0,100.0,63.4,5,127464.97,7.78,31767,47245883.72,1.0,18,Online Store,India,No,1
2322,Google,5520,1,2.6,0,29,1,64,0.1,182,4,90,2185,1788,6144,12,2,7,0,1,Exynos,4697,Super AMOLED,144,1,WiFi 6,5.1,No,Yes,Yes,Android,18.4,80,84.5,100.0,79.1,1400.22,Flagship,1304.73,2.38,Student,4.88,364,100.0,100.0,91.5,15,514175.18,11.89,87675,104349645.2,4.5,18,Retail Store,UAE,Yes,1
2323,Vivo,2641,0,1.7,1,7,1,256,0.5,127,6,83,1438,1999,2048,7,1,14,0,0,MediaTek Dimensity,2357,AMOLED,90,1,WiFi 5,5.2,Yes,Yes,Yes,Android,18.8,45,77.6,59.3,79.0,1347.04,Flagship,1307.44,5.8,General User,4.66,115,86.5,100.0,76.8,10,19203.07,0.1,37510,45474723.36,10.07,18,Telecom Partner,Singapore,Yes,0
2324,Xiaomi,5207,0,1.6,0,25,1,128,0.5,235,10,13,1321,975,6144,10,0,10,1,1,Apple Bionic,5206,LCD,90,1,WiFi 5,5.1,Yes,Yes,Yes,Android,15.8,65,80.2,22.7,59.7,1136.94,Premium,1290.29,3.5,Professional,4.07,1219,82.8,85.6,76.6,10,47462.51,3.28,32469,33223774.37,9.85,12,Online Store,India,No,1
2325,Motorola,5491,1,2.0,0,18,1,32,0.7,222,6,70,1794,2100,16384,6,7,11,0,1,Apple Bionic,7783,AMOLED,90,0,WiFi 7,5.0,No,Yes,Yes,Android,14.3,33,86.4,98.6,85.8,1546.41,Flagship,1365.94,0.1,General User,5.0,241,97.2,100.0,84.9,20,7247.63,6.9,32182,39813253.3,11.06,36,E-commerce Marketplace,Singapore,No,2
2326,Samsung,6138,0,2.4,0,23,1,128,0.4,175,10,32,1280,1289,3072,16,5,15,1,1,Google Tensor,4189,AMOLED,144,1,WiFi 6E,5.3,No,Yes,Yes,Android,16.3,18,80.5,38.9,63.6,1265.66,Flagship,1347.04,13.88,Business User,3.37,1901,69.6,91.5,42.7,25,67372.36,8.84,34576,32821095.12,8.31,24,Telecom Partner,Singapore,No,1
2327,Xiaomi,4410,0,2.6,1,4,1,64,0.3,178,8,26,683,1411,4096,14,11,7,0,0,Apple Bionic,3245,OLED,90,1,WiFi 6,5.3,Yes,No,Yes,Android,13.3,120,86.5,20.0,87.5,1163.17,Premium,1033.3,6.18,General User,4.42,462,96.6,100.0,77.2,10,293154.41,5.85,56241,58876059.57,9.1,12,Retail Store,India,Yes,0
2328,Realme,5397,1,2.9,0,20,1,128,1.0,197,10,72,2035,546,12288,8,4,2,1,0,Exynos,7185,AMOLED,120,1,WiFi 6,5.0,Yes,Yes,Yes,Android,12.5,18,89.3,93.3,73.1,1667.23,Flagship,1790.79,5.08,Professional,4.58,3872,87.3,100.0,59.2,0,51805.59,4.97,27461,45783803.03,8.62,24,Telecom Partner,USA,No,2
2329,Motorola,4615,1,2.7,0,0,1,256,0.4,103,4,87,1046,1607,8192,14,8,4,1,1,MediaTek Dimensity,4536,Super AMOLED,120,1,WiFi 6,5.1,Yes,Yes,Yes,Android,15.6,65,85.7,99.7,82.5,1880.06,Flagship,2169.93,7.28,General User,5.0,7777,100.0,99.6,70.4,0,24989.56,7.66,48299,90805017.94,8.1,12,Telecom Partner,Singapore,Yes,2
2330,Realme,3618,0,2.2,0,5,1,128,0.9,120,10,20,2063,1620,6144,13,6,16,1,0,Snapdragon,4714,LCD,60,1,WiFi 7,5.3,No,Yes,Yes,Android,18.3,80,93.6,41.7,81.0,1358.8,Flagship,1313.82,8.25,Professional,5.0,4179,100.0,97.6,96.8,0,120073.92,8.95,43959,59731489.2,4.52,12,Online Store,Singapore,Yes,0
2331,Motorola,3261,1,3.2,0,16,1,256,0.2,202,10,19,1898,1210,4096,10,6,2,1,1,Apple Bionic,4697,AMOLED,60,1,WiFi 6,5.3,No,Yes,Yes,Android,15.3,18,100.0,20.0,78.1,1112.36,Premium,1013.96,11.91,Professional,3.88,1200,77.5,69.3,68.9,20,113224.77,3.23,35190,31315158.72,7.52,12,Retail Store,India,Yes,0
2332,Oppo,3571,0,2.6,1,19,1,128,0.6,230,6,21,302,671,4096,5,7,20,0,0,Exynos,3876,Super AMOLED,90,1,WiFi 6,5.3,Yes,Yes,Yes,Android,14.9,65,97.7,49.6,85.7,1114.64,Premium,1152.53,8.74,Professional,4.8,1145,100.0,67.2,80.6,20,22055.57,0.1,19782,17639846.78,5.74,36,Retail Store,UK,No,0
2333,Vivo,6678,1,2.8,0,12,1,64,0.4,165,6,58,1709,1562,12288,17,7,8,0,1,Exynos,6463,LCD,144,1,WiFi 6,5.4,No,No,Yes,Android,14.7,80,79.5,24.9,75.7,1747.59,Flagship,1523.55,9.35,Gamer,4.01,1030,81.5,91.3,65.0,10,74586.15,6.04,41022,64520673.28,5.37,36,Retail Store,USA,Yes,2
2334,Xiaomi,4150,0,2.6,1,15,1,256,0.9,120,8,65,1795,1357,8192,8,6,3,1,0,Google Tensor,5741,IPS LCD,120,1,WiFi 6,5.3,No,Yes,Yes,Android,13.6,33,82.2,42.2,61.8,1451.59,Flagship,1277.83,9.64,Gamer,3.86,9498,66.2,91.5,59.9,5,6813.92,9.2,34579,47684804.08,2.84,12,Online Store,USA,No,0
2335,OnePlus,5977,0,2.6,0,2,1,128,0.4,154,6,12,1224,881,8192,14,0,12,0,0,MediaTek Dimensity,4655,OLED,144,1,WiFi 5,5.4,No,Yes,Yes,Android,16.8,120,79.4,48.9,84.1,1729.63,Flagship,1950.02,1.9,Professional,4.65,6308,88.3,86.9,58.6,5,298669.34,8.02,43186,70961011.12,8.63,24,Telecom Partner,UAE,Yes,1
2336,Google,3231,0,2.6,1,13,1,256,1.0,215,4,60,1576,1748,4096,5,5,10,0,0,Google Tensor,3715,LCD,120,1,WiFi 6,5.2,Yes,Yes,No,Android,13.9,80,86.2,49.7,71.2,1359.22,Flagship,1552.21,7.46,General User,4.3,568,83.1,91.7,52.7,0,24973.79,12.26,39015,53029968.3,1.28,18,Online Store,USA,Yes,0
2337,Motorola,3978,1,2.5,0,19,1,128,0.4,146,6,105,1219,1726,4096,12,8,5,0,0,Exynos,3461,AMOLED,60,1,WiFi 6,5.1,Yes,Yes,No,Android,16.3,45,77.8,93.2,74.7,958.3,Premium,1122.04,0.1,Professional,4.5,3349,98.1,67.7,87.0,15,5337.65,12.03,48008,39105156.44,8.08,18,E-commerce Marketplace,Germany,Yes,0
2338,Xiaomi,6228,0,1.8,1,27,1,256,0.6,82,10,33,1524,1039,12288,12,2,9,0,1,Apple Bionic,7120,LCD,60,1,WiFi 6E,5.3,Yes,Yes,Yes,Android,18.1,65,94.8,56.6,78.1,1818.84,Flagship,1783.17,10.84,General User,5.0,490,99.6,89.4,78.9,20,39562.46,6.05,28198,41030120.26,5.81,36,Online Store,UK,No,2
2339,Realme,5591,1,1.7,0,7,1,128,0.1,201,8,106,1381,1507,8192,11,7,5,0,1,MediaTek Dimensity,5760,IPS LCD,144,1,WiFi 6,5.1,No,No,Yes,Android,16.8,120,83.9,64.1,71.4,2031.24,Flagship,1945.24,11.09,Professional,4.61,1887,93.9,100.0,67.6,10,13498.99,8.23,43889,80234183.12,6.58,12,Telecom Partner,India,Yes,2
2340,Realme,3550,0,1.0,1,32,0,128,0.2,126,6,65,1259,2054,16384,8,10,14,0,1,MediaTek Dimensity,7362,AMOLED,90,1,WiFi 6,5.1,No,Yes,Yes,Android,14.3,65,99.6,65.6,80.5,2055.28,Flagship,2329.29,2.22,Business User,4.49,9005,87.0,94.6,68.9,10,24303.36,9.59,44093,81561114.94,9.11,18,Telecom Partner,Australia,Yes,2
2341,Xiaomi,4948,0,3.1,0,14,1,256,0.3,174,6,26,1283,1014,12288,13,4,11,1,0,Exynos,7398,OLED,90,1,WiFi 5,5.4,Yes,Yes,No,Android,17.1,120,91.2,67.3,72.5,1944.09,Flagship,1876.98,6.81,Student,4.56,2087,84.2,85.0,79.6,10,50751.39,6.52,42343,74086742.58,3.23,12,Retail Store,Australia,Yes,2
2342,Xiaomi,3069,1,1.9,1,3,1,256,0.2,178,4,14,1273,936,2048,18,4,5,1,0,Exynos,2358,OLED,90,1,WiFi 6,5.3,No,Yes,Yes,Android,15.5,45,85.7,37.7,83.7,1250.44,Flagship,1182.49,6.09,Professional,5.0,918,97.6,88.4,74.6,25,19524.82,3.07,33792,31691151.36,0.5,36,Online Store,UK,No,0
2343,Oppo,3995,0,3.3,1,18,1,512,0.3,192,6,54,770,1387,3072,17,4,2,0,1,Snapdragon,4200,AMOLED,120,1,WiFi 6E,5.3,Yes,No,Yes,Android,18.1,25,86.2,58.6,77.2,1723.26,Flagship,1588.26,4.26,Student,4.16,913,83.0,100.0,61.2,5,39865.73,7.81,30059,49209498.72,6.27,24,E-commerce Marketplace,Singapore,No,0
2344,Realme,4153,1,1.3,0,29,1,32,0.8,135,4,95,146,1840,12288,16,10,5,1,0,Google Tensor,5727,IPS LCD,120,1,WiFi 6,5.3,No,Yes,Yes,Android,13.1,18,80.6,100.0,70.8,1674.4,Flagship,1573.09,11.28,Professional,5.0,1204,100.0,100.0,86.5,10,40677.58,3.35,37328,56251802.88,1.12,36,Telecom Partner,Germany,Yes,2
2345,Motorola,5448,0,3.0,0,31,1,128,0.2,91,8,7,1236,762,6144,16,9,2,0,0,Snapdragon,4584,IPS LCD,144,1,WiFi 5,5.0,No,No,Yes,Android,14.6,25,89.7,70.6,78.7,1589.47,Flagship,1347.02,3.9,Student,4.91,11235,99.0,100.0,82.2,15,12656.8,4.19,48399,65389444.75,7.99,18,Online Store,Germany,Yes,1
2346,Samsung,3394,1,2.7,0,12,1,64,1.0,82,8,29,201,1424,6144,6,8,16,0,0,Snapdragon,4313,AMOLED,120,1,WiFi 6,5.0,Yes,Yes,Yes,Android,16.2,25,80.0,28.5,83.1,1146.67,Premium,1113.57,10.14,General User,4.65,1139,82.4,100.0,56.4,0,50046.35,3.66,25419,29147204.73,5.91,18,E-commerce Marketplace,UK,No,0
2347,OnePlus,5190,1,2.8,0,5,1,128,1.0,122,8,36,2062,2317,2048,19,9,9,1,1,Exynos,3968,AMOLED,120,1,WiFi 5,5.2,No,No,Yes,Android,14.1,18,81.3,65.5,83.9,1309.44,Flagship,1345.51,6.56,Professional,4.1,1480,76.3,85.2,53.0,5,195261.11,11.29,54701,68046293.57,2.41,18,Telecom Partner,Singapore,Yes,1
2348,Motorola,3454,1,3.2,0,30,0,16,0.7,204,10,76,290,1897,12288,9,1,6,1,0,Snapdragon,7538,AMOLED,144,1,WiFi 5,5.4,Yes,Yes,Yes,Android,14.7,45,87.3,85.8,83.3,1703.08,Flagship,1901.76,6.93,Business User,5.0,2629,100.0,96.9,89.4,0,12896.33,2.95,22027,37513743.16,10.08,18,Telecom Partner,Germany,No,2
2349,Google,2932,0,0.9,0,0,1,64,0.9,104,6,103,644,1991,4096,11,3,3,0,1,Google Tensor,2448,LCD,120,1,WiFi 6,5.4,Yes,Yes,Yes,Android,16.4,120,83.7,93.9,81.5,1333.38,Flagship,1110.91,10.1,General User,4.31,3126,89.2,80.8,48.1,0,6274.75,7.27,30198,40265409.24,4.75,24,E-commerce Marketplace,Singapore,No,0
2350,OnePlus,5344,0,2.9,0,6,1,512,0.3,199,6,93,1026,1620,8192,14,2,2,1,0,Apple Bionic,5312,AMOLED,60,1,WiFi 6,5.0,Yes,Yes,Yes,Android,14.7,65,84.9,91.9,80.3,2093.02,Flagship,2395.13,5.79,Business User,4.67,916,99.0,90.8,85.8,0,74565.27,2.84,25593,53566660.86,5.45,12,Retail Store,Singapore,No,2
2351,Vivo,5637,0,2.7,1,9,1,128,0.4,104,10,31,755,784,8192,12,1,16,0,0,Snapdragon,6377,Super AMOLED,144,1,WiFi 7,5.1,Yes,Yes,Yes,Android,16.0,80,94.2,52.7,81.0,1643.18,Flagship,1849.61,5.91,Professional,3.85,2233,83.8,94.8,82.3,0,272068.6,7.19,57087,93804216.66,6.53,24,E-commerce Marketplace,Australia,Yes,1
2352,Realme,2794,1,1.9,1,29,1,32,0.2,98,8,79,1883,1995,8192,17,0,15,0,1,Google Tensor,5039,LCD,144,1,WiFi 6,5.2,Yes,Yes,Yes,Android,17.3,33,84.9,39.9,92.7,1355.82,Flagship,1529.89,8.56,Business User,4.68,1873,91.5,100.0,90.9,10,141383.62,8.53,56019,68356512.52,10.0,36,E-commerce Marketplace,India,Yes,0
2353,Apple,3436,1,1.8,0,26,1,64,1.0,175,10,79,984,611,4096,8,4,13,1,1,Apple Bionic,4231,AMOLED,120,1,WiFi 6,5.3,Yes,Yes,Yes,iOS,17.6,45,93.3,84.9,80.7,1699.59,Flagship,1581.6,12.55,Professional,4.92,11384,97.1,100.0,78.9,15,13630.6,5.19,40869,59041462.15,11.82,24,E-commerce Marketplace,Germany,Yes,0
2354,Motorola,5371,1,2.6,1,11,0,128,0.8,123,6,32,251,1340,6144,5,9,8,1,1,Snapdragon,4101,IPS LCD,144,1,WiFi 6E,5.0,Yes,Yes,Yes,Android,14.2,45,77.0,68.1,71.2,1485.76,Flagship,1590.02,11.37,Gamer,4.74,4505,96.5,100.0,75.6,0,18141.1,4.17,24756,36781474.56,1.4,18,Telecom Partner,Singapore,No,1
2355,Samsung,2516,0,1.1,0,19,1,128,0.2,174,6,84,434,2001,6144,16,11,11,0,0,Google Tensor,3439,LCD,144,1,WiFi 5,5.0,No,No,Yes,Android,14.6,25,88.4,69.2,94.6,1433.69,Flagship,1528.97,9.96,Gamer,4.81,877,93.4,96.0,59.3,25,50680.67,5.21,30970,33301034.48,2.99,18,Retail Store,USA,No,0
2356,Motorola,6479,0,3.2,1,10,0,512,0.3,186,6,13,823,2084,12288,9,0,4,1,1,Exynos,6618,Super AMOLED,60,1,WiFi 5,5.0,Yes,Yes,Yes,Android,13.5,25,80.0,30.0,77.4,2153.8,Flagship,2334.81,3.38,Gamer,3.55,305,67.8,100.0,54.5,10,84077.15,8.15,47336,91757049.12,1.31,36,Online Store,UAE,Yes,2
2357,Samsung,5771,1,1.4,0,2,1,256,1.0,113,4,102,1766,1419,12288,15,5,6,0,0,Apple Bionic,5058,Super AMOLED,90,1,WiFi 6,5.0,Yes,Yes,Yes,Android,15.8,80,85.6,100.0,80.1,1918.58,Flagship,2062.54,11.39,Business User,5.0,834,100.0,71.5,73.8,5,81466.64,10.12,43454,79201476.55,2.84,36,Online Store,UK,Yes,2
2358,OnePlus,4591,0,0.9,0,21,1,256,0.5,215,4,18,1348,1761,12288,6,2,18,1,1,Apple Bionic,5437,LCD,120,1,WiFi 6,5.4,Yes,Yes,Yes,Android,16.4,18,75.6,43.2,77.7,1927.33,Flagship,2012.64,6.12,Student,4.28,4415,87.3,94.5,77.8,0,34623.08,6.47,43696,84216611.68,6.87,18,Retail Store,India,Yes,2
2359,Realme,5836,0,3.0,0,14,1,64,0.6,131,6,11,512,895,6144,18,8,9,0,1,Google Tensor,5184,AMOLED,144,1,WiFi 5,5.0,Yes,Yes,Yes,Android,13.9,18,84.0,23.5,80.8,1167.54,Premium,1003.2,7.99,General User,4.91,1590,100.0,83.6,100.0,5,204692.35,0.1,51403,57014305.69,1.38,24,E-commerce Marketplace,UAE,Yes,1
2360,Google,4397,0,2.9,1,25,1,256,0.6,202,8,63,136,2115,8192,14,5,9,1,1,Apple Bionic,5789,LCD,120,1,WiFi 5,5.2,No,No,Yes,Android,17.5,45,93.6,36.3,73.8,1581.34,Flagship,1834.7,9.28,Gamer,4.37,2253,91.9,78.1,78.1,5,28663.22,10.29,48182,72382517.69,7.97,18,E-commerce Marketplace,Germany,Yes,0
2361,Oppo,5068,0,3.4,0,25,1,512,0.3,148,4,108,1109,507,6144,12,7,4,1,0,MediaTek Dimensity,5188,IPS LCD,90,0,WiFi 6,5.1,Yes,Yes,Yes,Android,15.7,18,89.9,91.9,75.3,1842.87,Flagship,1826.04,7.91,General User,5.0,660,95.8,100.0,64.1,5,85778.67,11.47,48136,84272970.8,2.3,12,Telecom Partner,Singapore,Yes,1
2362,OnePlus,2713,1,2.4,0,28,1,128,0.7,185,8,88,367,1816,8192,13,1,8,1,1,MediaTek Dimensity,5718,IPS LCD,60,0,WiFi 6,5.2,Yes,No,Yes,Android,17.2,25,88.5,84.4,72.2,1244.22,Flagship,1030.58,3.36,Student,4.56,4067,74.1,88.8,71.3,25,56832.18,13.77,54873,51205563.04,5.53,12,E-commerce Marketplace,Singapore,Yes,0
2363,Xiaomi,5101,0,3.1,0,10,1,256,0.3,232,6,18,2140,682,8192,18,11,3,0,0,Exynos,5559,AMOLED,144,1,WiFi 5,5.3,Yes,Yes,Yes,Android,15.3,45,95.6,47.4,94.2,1729.23,Flagship,1871.17,6.15,Professional,3.82,2517,74.9,88.5,72.5,15,41145.16,8.62,34272,50374544.98,8.76,36,E-commerce Marketplace,India,No,1
2364,Google,6643,1,3.2,0,12,1,256,0.1,190,6,17,903,2254,12288,6,11,4,1,1,Exynos,7060,Super AMOLED,60,1,WiFi 7,5.2,No,No,Yes,Android,17.1,18,79.8,44.0,97.9,1834.52,Flagship,2120.92,5.93,Student,4.48,2054,85.1,60.8,60.1,25,7130.77,10.77,38075,52387011.75,8.29,24,Retail Store,India,Yes,2
2365,Apple,6962,0,2.4,0,14,1,256,0.8,213,8,50,798,1966,8192,15,3,3,1,1,Snapdragon,5047,Super AMOLED,144,1,WiFi 6E,5.3,Yes,Yes,Yes,iOS,18.3,33,84.6,74.9,84.8,2007.26,Flagship,1945.81,12.48,Business User,4.73,2356,99.5,100.0,62.4,15,10089.91,1.53,36333,61990310.94,10.94,36,E-commerce Marketplace,India,Yes,1
2366,Vivo,6209,0,1.3,0,14,1,128,0.9,187,8,21,626,2129,8192,7,11,13,1,1,Exynos,4805,OLED,90,1,WiFi 6,5.0,Yes,Yes,Yes,Android,17.3,80,86.2,20.0,84.2,1329.12,Flagship,1126.33,7.24,Student,4.54,4897,84.1,97.0,90.1,5,24820.84,8.96,54311,68576544.5,8.0,18,Retail Store,USA,Yes,1
2367,Vivo,4531,1,1.1,1,8,1,256,0.5,182,6,85,1421,1623,2048,14,8,12,0,0,Google Tensor,1602,OLED,90,1,WiFi 6E,5.1,Yes,Yes,Yes,Android,18.6,65,100.0,85.7,80.8,1391.54,Flagship,1494.5,9.31,Student,4.55,1341,86.4,100.0,75.0,15,50960.43,2.6,36865,43604253.78,7.91,24,Telecom Partner,Australia,Yes,0
2368,Xiaomi,6494,0,2.5,1,18,1,128,0.5,159,4,70,156,1835,6144,11,7,19,1,0,Snapdragon,4142,AMOLED,120,1,WiFi 5,5.2,Yes,Yes,Yes,Android,17.1,18,89.3,60.6,77.8,1346.29,Flagship,1578.63,8.16,Gamer,4.27,787,85.2,56.2,58.0,5,80027.66,15.07,56649,72452683.1,4.26,18,Retail Store,Singapore,Yes,1
2369,Motorola,6978,0,2.4,1,21,0,128,0.5,218,6,14,2097,762,3072,10,6,16,1,0,Snapdragon,2946,AMOLED,90,1,WiFi 7,5.4,No,Yes,No,Android,17.1,45,89.2,61.5,78.0,1241.19,Flagship,1365.22,9.63,Professional,4.13,5886,79.2,100.0,59.9,5,27003.28,4.05,47947,56535770.08,9.88,24,E-commerce Marketplace,UAE,Yes,1
2370,Vivo,3092,0,2.9,1,18,1,128,0.7,106,4,65,1277,1670,6144,9,4,12,1,1,Snapdragon,3586,IPS LCD,60,1,WiFi 6,5.0,Yes,Yes,Yes,Android,19.0,120,89.9,63.2,87.7,1579.26,Flagship,1376.88,4.15,Gamer,4.23,518,84.8,100.0,56.8,10,35999.05,3.33,20111,28584448.07,1.58,18,E-commerce Marketplace,Germany,No,0
2371,Motorola,4010,0,3.4,1,13,1,128,1.0,167,10,37,481,844,8192,11,3,17,1,1,Apple Bionic,6125,Super AMOLED,144,1,WiFi 5,5.4,Yes,Yes,No,Android,15.2,33,82.4,60.6,98.2,1736.3,Flagship,1708.07,7.17,Business User,4.03,828,80.2,100.0,65.2,10,125570.78,5.7,37477,58564183.59,10.36,24,Retail Store,Germany,Yes,0
2372,Motorola,3247,0,1.0,0,12,1,512,0.7,190,6,30,1847,814,4096,16,10,5,0,0,Apple Bionic,2530,IPS LCD,90,1,WiFi 6E,5.3,Yes,Yes,Yes,Android,17.0,65,83.4,56.1,69.7,1717.38,Flagship,1554.96,11.17,General User,4.19,2470,85.4,79.9,70.8,20,27023.76,8.97,50470,69340934.88,9.99,36,Online Store,Germany,Yes,0
2373,Apple,4092,1,3.3,0,31,1,64,1.0,221,10,93,1460,567,4096,16,6,2,1,1,Snapdragon,5555,AMOLED,120,0,WiFi 6E,5.4,Yes,Yes,Yes,iOS,17.4,33,79.0,96.8,79.6,1750.84,Flagship,1482.57,18.84,Business User,5.0,1134,93.6,74.4,68.6,0,51840.11,10.14,45839,80256754.76,5.13,18,Telecom Partner,UAE,Yes,0
2374,OnePlus,2957,0,2.3,0,4,1,512,0.6,89,4,71,692,857,6144,9,9,7,1,1,MediaTek Dimensity,3933,LCD,144,1,WiFi 6E,5.3,Yes,Yes,No,Android,18.2,25,89.3,87.7,73.1,1867.63,Flagship,1848.66,11.14,Gamer,4.61,3691,98.6,67.5,82.1,0,265735.86,6.99,40758,76120863.54,0.92,36,Telecom Partner,UK,Yes,0
2375,Oppo,3605,1,1.3,0,12,1,64,0.5,119,6,59,416,1662,4096,18,4,7,0,1,Snapdragon,3452,OLED,120,1,WiFi 5,5.4,Yes,No,Yes,Android,15.7,18,76.2,43.1,68.6,1281.16,Flagship,1468.78,7.63,Professional,4.67,311,85.8,94.6,70.4,10,169151.98,7.29,39351,45373434.44,0.5,12,Retail Store,UAE,Yes,0
2376,Realme,2675,1,2.2,1,16,1,128,0.7,192,4,53,604,1166,4096,18,11,2,0,0,MediaTek Dimensity,3196,Super AMOLED,90,1,WiFi 6,5.1,Yes,Yes,Yes,Android,14.0,65,80.1,56.3,84.0,1222.09,Flagship,1236.0,4.17,General User,4.85,2393,92.6,100.0,78.9,0,226106.48,10.21,53792,65738665.28,1.25,36,Retail Store,Germany,Yes,0
2377,Vivo,6930,0,2.4,0,2,1,128,0.8,154,6,106,1999,1668,12288,8,1,5,1,0,MediaTek Dimensity,6580,LCD,60,1,WiFi 6,5.1,Yes,Yes,Yes,Android,15.3,120,88.4,92.0,76.6,1707.37,Flagship,1690.17,2.51,Professional,5.0,2092,97.5,53.0,67.9,15,10892.17,3.55,21619,31374887.23,6.95,24,Telecom Partner,UK,No,2
2378,Vivo,5623,0,1.7,1,13,1,128,0.9,100,6,68,1085,1399,2048,13,11,15,0,1,Snapdragon,2187,AMOLED,90,1,WiFi 6,5.3,Yes,Yes,Yes,Android,16.3,65,94.2,76.3,80.4,1256.11,Flagship,1282.95,16.01,Gamer,5.0,184,93.1,70.4,62.8,15,39942.35,5.5,25338,27053217.9,1.82,24,Telecom Partner,UAE,No,1
2379,Samsung,4786,1,2.6,1,19,1,128,0.2,86,4,72,1006,2229,4096,17,0,12,1,0,MediaTek Dimensity,3471,LCD,60,1,WiFi 6E,5.0,Yes,Yes,Yes,Android,14.7,25,74.0,48.0,63.6,1224.3,Flagship,1320.84,13.47,Student,5.0,2570,100.0,100.0,69.8,25,35873.57,4.35,29623,27200579.17,5.07,36,Telecom Partner,Singapore,No,0
2380,Motorola,3384,0,1.7,1,0,1,128,0.5,98,10,5,1542,583,12288,5,0,9,0,1,Snapdragon,6897,AMOLED,60,1,WiFi 5,5.4,Yes,Yes,Yes,Android,15.6,80,88.4,27.1,96.0,1727.93,Flagship,1962.24,2.39,Business User,4.65,5940,87.5,84.3,63.5,15,33924.0,6.72,44246,64985892.16,10.39,24,Online Store,USA,Yes,2
2381,Samsung,3220,0,2.5,0,24,1,256,0.7,162,8,50,795,741,4096,6,10,10,1,0,Google Tensor,3930,AMOLED,144,0,WiFi 6,5.4,Yes,Yes,Yes,Android,18.5,65,78.1,52.1,93.6,1545.29,Flagship,1488.12,18.8,Student,4.05,3056,88.0,76.9,84.2,5,68757.85,7.2,30778,45182888.84,9.63,18,Telecom Partner,UK,No,0
2382,Realme,3330,1,2.4,0,29,1,32,0.3,177,4,107,2060,1519,8192,12,10,6,0,1,Exynos,4696,OLED,90,1,WiFi 6E,5.2,Yes,Yes,Yes,Android,18.3,33,90.3,86.2,85.3,1528.52,Flagship,1346.92,8.29,Gamer,4.66,831,100.0,76.4,79.8,0,37512.46,9.1,37955,58014976.6,6.6,18,Telecom Partner,Germany,Yes,0
2383,Apple,3815,1,1.2,1,6,1,64,0.5,126,6,89,927,773,8192,13,8,3,0,0,Google Tensor,4903,IPS LCD,120,1,WiFi 6E,5.0,No,No,Yes,iOS,19.5,18,85.7,94.2,77.4,1954.01,Flagship,2068.26,19.88,Professional,5.0,2089,100.0,90.4,97.9,10,67399.95,8.32,37432,65828252.09,2.68,12,Telecom Partner,Singapore,Yes,2
2384,OnePlus,3601,1,3.4,0,23,1,512,0.9,204,4,5,1755,2313,12288,7,5,12,0,0,MediaTek Dimensity,6612,OLED,90,1,WiFi 6,5.2,Yes,No,Yes,Android,16.8,45,81.7,20.0,73.6,2227.07,Flagship,2575.24,13.48,Gamer,3.93,5575,80.7,87.5,68.1,15,31798.86,1.88,16170,30609963.62,3.73,24,E-commerce Marketplace,UAE,No,2
2385,Motorola,3160,1,2.1,1,6,1,32,0.3,240,6,35,387,2111,8192,14,7,9,1,1,Snapdragon,4581,LCD,90,1,WiFi 5,5.3,No,Yes,No,Android,13.1,18,92.0,55.4,71.4,1272.21,Flagship,1134.65,4.64,Student,4.35,319,91.3,86.9,75.8,0,91754.18,10.88,36257,46126517.97,6.43,12,Retail Store,India,Yes,0
2386,Google,3594,0,1.3,1,32,1,64,0.7,155,8,21,613,1753,12288,6,10,8,0,0,Google Tensor,6116,AMOLED,90,1,WiFi 6E,5.1,No,Yes,Yes,Android,13.0,18,81.7,35.4,81.8,1299.32,Flagship,1306.55,11.21,Professional,5.0,4195,97.4,100.0,57.7,10,165133.47,6.34,32052,37481224.18,8.92,18,Retail Store,India,No,0
2387,Oppo,6698,1,2.3,0,17,1,256,1.0,236,10,86,453,2115,8192,16,5,17,0,1,Exynos,6001,AMOLED,120,1,WiFi 7,5.4,No,Yes,Yes,Android,15.6,25,93.9,100.0,100.0,2026.07,Flagship,2076.34,3.33,Professional,5.0,1530,93.9,100.0,79.7,15,17634.65,2.98,24967,42997156.24,2.15,36,Telecom Partner,Germany,No,2
2388,OnePlus,6406,1,2.2,1,14,1,256,0.5,174,10,15,783,1759,8192,10,2,14,1,0,Snapdragon,5668,Super AMOLED,60,1,WiFi 5,5.3,Yes,No,Yes,Android,16.1,33,86.4,41.1,98.8,1698.95,Flagship,1726.91,5.3,General User,4.31,2300,85.7,64.5,55.2,10,45130.21,2.74,20293,31029113.12,0.5,18,Retail Store,India,No,1
2389,Xiaomi,3591,0,2.7,1,15,0,128,1.0,116,10,53,111,2270,8192,9,3,9,0,1,Snapdragon,6142,OLED,60,1,WiFi 6,5.3,No,Yes,Yes,Android,18.1,120,86.1,77.8,68.7,1395.3,Flagship,1448.39,9.66,General User,3.6,5190,81.7,62.6,68.9,5,376017.5,5.49,47971,63587239.48,2.23,24,Telecom Partner,UAE,Yes,0
2390,Motorola,6058,0,1.3,1,4,1,128,0.1,115,8,10,1598,1321,6144,18,9,8,1,0,Exynos,3755,OLED,120,1,WiFi 5,5.4,Yes,Yes,Yes,Android,15.8,45,77.4,46.0,82.9,1402.12,Flagship,1598.65,15.06,Student,3.79,1066,73.0,69.0,37.3,0,91007.83,6.58,35068,49169544.16,2.65,36,E-commerce Marketplace,USA,Yes,1
2391,Realme,6818,0,0.9,1,5,1,128,0.9,158,8,13,170,2202,6144,9,4,9,0,1,Apple Bionic,4195,Super AMOLED,120,1,WiFi 7,5.1,Yes,Yes,Yes,Android,18.9,120,86.2,20.0,95.3,1404.53,Flagship,1380.44,6.05,Gamer,4.17,2075,89.7,92.5,99.5,10,66422.35,5.55,39614,50075146.28,11.5,12,Retail Store,Singapore,Yes,1
2392,Motorola,3961,0,0.9,1,23,1,128,0.5,117,6,79,1131,839,12288,5,8,19,0,1,Exynos,5767,OLED,144,1,WiFi 6E,5.4,No,No,Yes,Android,12.2,25,75.0,100.0,83.4,1673.73,Flagship,1763.65,7.49,Professional,4.71,2156,92.3,87.1,75.9,15,5202.5,6.66,25190,35837069.89,4.98,18,Online Store,Australia,No,2
2393,Google,5453,0,2.8,1,3,1,256,0.6,232,10,69,1902,2225,6144,19,5,6,0,1,MediaTek Dimensity,5478,AMOLED,90,1,WiFi 6,5.4,Yes,Yes,Yes,Android,17.6,120,90.3,93.3,73.6,1861.45,Flagship,2178.97,2.4,Gamer,4.72,2901,87.8,91.9,72.6,25,59105.88,4.87,34320,47913723.0,0.63,36,E-commerce Marketplace,Germany,No,1
2394,Oppo,2584,0,2.0,1,27,1,128,0.4,158,6,84,1249,595,8192,19,3,8,0,0,Exynos,4604,AMOLED,60,1,WiFi 5,5.2,Yes,Yes,Yes,Android,15.4,45,90.8,68.6,79.5,1284.09,Flagship,1082.48,8.79,Student,4.13,8549,80.5,60.2,62.2,10,73940.09,6.33,40322,46599369.28,4.91,24,E-commerce Marketplace,UAE,Yes,0
2395,Motorola,4507,0,3.1,1,4,1,128,0.5,119,10,45,1658,900,8192,10,10,8,1,0,Apple Bionic,5673,LCD,90,1,WiFi 6,5.1,No,Yes,Yes,Android,13.2,45,73.8,42.8,60.0,1428.83,Flagship,1443.15,8.56,Professional,4.07,1043,87.7,89.2,76.7,0,122154.62,5.36,36461,52096570.63,3.42,12,Retail Store,UAE,Yes,0
2396,Oppo,5754,1,1.1,1,1,1,64,0.8,109,8,26,1237,1724,6144,16,1,12,0,1,Apple Bionic,3495,LCD,90,1,WiFi 5,5.1,No,Yes,Yes,Android,13.7,120,90.2,49.6,56.8,1239.98,Flagship,1113.73,0.66,Gamer,4.09,3801,90.6,73.3,69.9,0,73289.62,3.26,29266,36289254.68,3.49,18,Telecom Partner,Singapore,No,1
2397,Google,4581,0,2.6,0,15,1,256,0.1,170,6,64,2111,1500,16384,8,2,14,1,0,Snapdragon,8522,IPS LCD,90,1,WiFi 6,5.1,Yes,Yes,No,Android,15.5,65,92.6,65.9,76.6,2031.2,Flagship,1799.03,8.39,Gamer,4.63,565,94.8,100.0,77.8,20,12265.46,2.7,22080,35879116.8,1.9,36,Online Store,UAE,No,2
2398,Samsung,3070,0,1.7,1,10,1,64,0.8,191,6,79,206,1259,6144,15,7,2,1,0,Snapdragon,4012,IPS LCD,120,0,WiFi 7,5.0,Yes,Yes,Yes,Android,19.0,25,90.1,84.1,69.2,1154.82,Premium,1033.69,15.16,Professional,4.34,349,82.6,63.1,70.2,20,168819.69,6.89,29957,27675954.19,6.15,36,Retail Store,UAE,No,0
2399,Samsung,2585,1,3.0,0,15,1,512,0.4,220,8,60,839,1839,8192,17,11,19,0,1,Google Tensor,5277,AMOLED,120,1,WiFi 6E,5.3,No,Yes,Yes,Android,17.1,33,84.9,76.9,89.2,2116.37,Flagship,1971.97,11.37,Gamer,4.61,396,75.4,100.0,62.5,10,83237.89,7.98,32906,62677144.1,9.87,18,Online Store,Germany,No,2
2400,Motorola,3898,0,1.4,0,12,0,128,0.8,142,4,60,472,2124,8192,15,3,16,1,1,Snapdragon,3792,OLED,90,1,WiFi 6E,5.2,Yes,No,Yes,Android,16.4,120,97.4,69.0,87.0,1502.04,Flagship,1748.22,3.11,Professional,4.03,349,81.0,82.9,66.3,20,48010.98,5.37,27973,33613251.94,6.45,18,E-commerce Marketplace,UK,No,0
2401,Google,4904,1,2.1,0,24,1,512,0.9,102,8,45,403,1152,8192,10,5,17,1,1,Exynos,5732,IPS LCD,120,1,WiFi 6E,5.3,Yes,Yes,Yes,Android,13.1,18,79.4,50.1,84.5,2246.83,Flagship,2289.5,6.6,Gamer,3.46,5485,66.7,73.6,63.3,10,35254.5,9.67,27011,54620212.62,3.19,12,Telecom Partner,Germany,No,2
2402,Motorola,5760,0,1.0,1,10,0,128,0.8,236,10,5,1881,1317,8192,18,2,18,0,0,MediaTek Dimensity,5512,IPS LCD,90,1,WiFi 6,5.4,No,Yes,No,Android,12.5,120,85.5,47.3,63.4,1484.6,Flagship,1381.56,10.16,Student,4.77,2651,100.0,84.8,69.9,10,8143.18,5.55,44804,59864416.56,0.5,36,Retail Store,UAE,Yes,1
2403,Xiaomi,3565,1,2.5,1,17,1,512,0.2,173,4,73,1762,1664,3072,18,3,2,0,0,MediaTek Dimensity,2685,Super AMOLED,120,1,WiFi 6E,5.0,Yes,Yes,No,Android,15.1,33,100.0,84.7,100.0,1959.65,Flagship,1631.55,0.1,Business User,4.81,354,97.6,85.4,68.6,15,41846.88,3.86,27510,45823475.78,6.62,36,Retail Store,UAE,No,0
2404,Google,3623,1,2.2,1,29,1,256,0.9,127,6,45,1761,1217,8192,16,2,16,1,1,Apple Bionic,5320,IPS LCD,120,1,WiFi 6E,5.0,Yes,Yes,Yes,Android,13.3,65,94.1,68.0,80.3,1801.22,Flagship,1576.23,9.81,Student,4.78,156,100.0,77.9,71.8,15,280733.55,3.07,54332,83184302.28,5.01,12,E-commerce Marketplace,Australia,Yes,0
2405,Apple,5158,0,3.1,0,27,1,16,0.7,121,4,72,504,1865,6144,7,9,7,0,1,MediaTek Dimensity,4135,Super AMOLED,144,1,WiFi 6,5.3,No,Yes,Yes,iOS,17.6,65,87.3,82.7,78.0,1833.43,Flagship,1637.16,10.33,Professional,4.51,2305,94.9,96.0,63.5,20,88943.09,7.48,51055,74884614.92,2.87,36,Telecom Partner,India,Yes,1
2406,Realme,4950,1,1.5,0,20,1,512,0.3,140,6,52,2163,1566,4096,17,8,2,1,1,MediaTek Dimensity,3685,Super AMOLED,90,1,WiFi 6,5.2,No,Yes,Yes,Android,13.5,18,84.1,56.4,92.0,1756.51,Flagship,2068.2,7.59,Business User,3.97,1969,67.9,98.5,51.4,5,68978.3,6.88,25382,42354549.98,3.94,24,Online Store,Singapore,No,1
2407,Xiaomi,6996,1,0.8,0,21,1,512,0.6,177,8,36,535,1993,6144,11,10,18,1,0,Apple Bionic,3146,AMOLED,120,1,WiFi 6,5.4,No,Yes,No,Android,12.9,80,100.0,54.5,84.1,1906.58,Flagship,1858.46,8.6,Student,5.0,831,100.0,86.2,72.1,5,21138.23,1.59,32163,58255265.91,1.59,12,Retail Store,USA,No,1
2408,Motorola,5106,0,3.1,0,29,1,256,0.8,206,4,98,1640,2083,8192,18,5,14,1,1,Exynos,4223,Super AMOLED,144,1,WiFi 6E,5.3,Yes,Yes,No,Android,15.7,120,95.9,87.7,70.3,1977.36,Flagship,1996.39,14.1,General User,5.0,116,100.0,75.7,68.5,20,21249.25,5.52,29981,47426584.13,7.21,24,E-commerce Marketplace,Australia,No,2
2409,Realme,6976,1,2.8,0,2,1,256,0.8,84,4,43,1625,1167,3072,17,11,16,0,1,Google Tensor,3370,OLED,90,0,WiFi 6E,5.0,Yes,No,Yes,Android,14.8,18,92.6,43.9,62.7,1305.3,Flagship,1222.73,7.5,Professional,5.0,2030,99.6,99.0,75.8,0,59677.31,4.58,25111,32777388.3,3.35,18,Online Store,Singapore,No,1
2410,OnePlus,3113,0,2.7,0,15,1,64,0.2,111,4,68,2047,1746,12288,13,0,17,0,0,Exynos,6496,OLED,144,1,WiFi 6,5.4,Yes,Yes,Yes,Android,14.7,45,75.9,58.9,84.6,1730.42,Flagship,1842.55,8.25,Student,3.71,690,67.0,98.7,46.4,15,38781.65,7.28,23849,35078468.59,3.18,18,Online Store,Germany,No,2
2411,Samsung,4738,1,1.5,0,16,1,128,0.3,176,6,14,466,1775,8192,13,5,15,1,0,Apple Bionic,4717,Super AMOLED,60,1,WiFi 6E,5.2,No,Yes,Yes,Android,14.1,33,88.4,30.2,82.3,1158.59,Premium,1331.04,16.68,Gamer,4.13,6516,99.7,65.9,76.4,20,160659.47,9.92,46724,43307167.33,3.13,24,Retail Store,Germany,Yes,0
2412,Motorola,6611,1,2.5,1,24,1,128,0.9,90,10,5,126,1672,16384,7,5,11,1,1,Apple Bionic,9407,IPS LCD,144,0,WiFi 6,5.4,No,Yes,Yes,Android,17.8,18,86.1,42.6,80.6,1967.66,Flagship,2069.81,2.69,Professional,4.6,2029,100.0,100.0,83.5,0,17672.38,3.16,24279,47772817.14,1.11,12,Retail Store,Australia,No,2
2413,Realme,5210,1,0.8,0,13,1,64,1.0,226,8,20,1237,1852,8192,15,8,2,1,1,Google Tensor,3960,Super AMOLED,90,1,WiFi 6,5.4,Yes,Yes,No,Android,17.1,45,89.1,20.0,87.4,1168.46,Premium,1068.3,4.09,Business User,4.31,731,85.5,94.7,84.9,15,23288.25,6.87,32726,32503168.67,1.87,24,E-commerce Marketplace,UAE,No,1
2414,Apple,3690,0,1.4,1,0,1,256,0.6,169,10,105,2186,668,3072,19,4,3,1,1,Exynos,4224,Super AMOLED,120,0,WiFi 6,5.2,Yes,No,Yes,iOS,19.3,45,83.8,92.8,80.5,1589.28,Flagship,1543.06,17.08,General User,4.65,2669,100.0,99.0,93.9,5,826842.17,9.91,97730,147554317.7,3.76,36,E-commerce Marketplace,UAE,Yes,0
2415,OnePlus,5362,1,1.0,1,19,1,32,0.4,88,8,38,1315,1620,6144,17,6,12,1,0,Snapdragon,3446,IPS LCD,90,1,WiFi 6,5.3,Yes,Yes,No,Android,13.2,65,91.6,33.1,55.0,1212.54,Flagship,1340.59,6.68,Student,3.74,942,77.8,70.1,57.7,10,80006.37,7.42,25314,27624813.8,1.27,36,E-commerce Marketplace,Germany,No,1
2416,Apple,3832,0,2.9,1,21,1,64,0.7,178,10,37,1700,1607,8192,10,8,17,1,0,Exynos,5994,OLED,90,1,WiFi 6,5.3,Yes,Yes,Yes,iOS,16.5,18,89.6,63.9,78.8,1938.48,Flagship,1853.89,22.03,Student,4.93,5086,91.2,100.0,60.7,15,26795.54,5.55,32606,53725167.05,1.41,36,Telecom Partner,Singapore,No,2
2417,OnePlus,3135,0,3.3,1,14,1,32,0.8,233,8,94,1173,1789,6144,12,10,16,0,1,Exynos,5545,Super AMOLED,90,1,WiFi 6E,5.4,No,No,Yes,Android,18.8,18,79.5,76.0,77.2,1164.19,Premium,1361.02,4.87,Business User,5.0,2371,100.0,100.0,81.3,25,180983.03,6.4,53502,46714870.04,0.5,18,Online Store,India,Yes,0
2418,Google,6296,1,2.8,0,24,1,256,0.6,193,10,20,221,642,8192,9,4,13,1,1,Google Tensor,6097,IPS LCD,60,1,WiFi 6,5.3,Yes,Yes,Yes,Android,16.4,18,85.5,41.6,68.9,1321.81,Flagship,1152.76,4.56,General User,4.76,1894,93.7,78.6,69.0,0,141039.3,8.17,43234,57147133.54,5.18,18,E-commerce Marketplace,Germany,Yes,1
2419,OnePlus,5870,0,0.9,0,12,1,64,0.8,200,6,47,1241,625,4096,7,5,20,0,0,Google Tensor,3341,LCD,144,1,WiFi 6E,5.1,No,Yes,Yes,Android,15.0,45,87.0,62.4,55.8,1106.76,Premium,988.45,18.01,General User,4.75,5426,99.3,82.2,74.6,10,18503.5,7.38,38916,38763604.94,0.5,18,Telecom Partner,UAE,Yes,1
2420,Vivo,3482,1,1.1,0,19,1,64,1.0,188,10,87,1192,1481,6144,15,4,20,1,1,Apple Bionic,3896,IPS LCD,144,1,WiFi 5,5.3,No,Yes,Yes,Android,14.5,65,88.5,92.4,91.2,1427.58,Flagship,1193.31,11.55,Gamer,4.02,903,92.3,91.0,67.9,5,51537.08,9.21,38459,52158134.26,1.38,18,Telecom Partner,India,Yes,0
2421,OnePlus,6704,0,2.4,1,27,1,64,0.2,151,8,67,1012,979,6144,5,10,17,1,1,Apple Bionic,4782,AMOLED,144,0,WiFi 5,5.3,Yes,Yes,Yes,Android,14.1,80,86.5,56.4,78.5,1211.43,Flagship,1153.21,7.07,Student,3.88,1562,92.3,100.0,64.8,15,28503.21,6.07,32287,33246424.35,4.45,24,Telecom Partner,UAE,No,1
2422,Oppo,4827,1,3.3,0,7,1,256,1.0,217,6,28,241,1350,8192,15,8,10,1,0,Snapdragon,5884,OLED,144,1,WiFi 5,5.1,Yes,Yes,Yes,Android,12.1,80,87.8,59.0,84.6,1908.7,Flagship,2238.8,0.1,Business User,4.16,207,93.6,100.0,73.5,10,25642.39,7.59,35623,61194258.09,4.23,18,Telecom Partner,UK,Yes,2
2423,Oppo,6838,1,1.7,1,22,1,128,0.3,224,8,17,252,2016,12288,12,11,16,1,0,Snapdragon,6766,Super AMOLED,144,1,WiFi 6,5.1,Yes,Yes,Yes,Android,17.3,18,95.5,35.1,100.0,1797.97,Flagship,1953.93,4.63,General User,5.0,1897,100.0,100.0,84.5,20,279633.55,7.49,52643,75720427.77,7.23,12,Telecom Partner,India,Yes,2
2424,Apple,4536,1,2.7,0,8,1,64,0.7,178,6,52,393,865,6144,7,4,4,0,0,Apple Bionic,4274,IPS LCD,60,1,WiFi 5,5.0,Yes,No,No,iOS,16.8,80,94.5,74.0,64.6,1767.61,Flagship,1946.11,14.58,Student,4.9,1512,89.8,66.8,67.0,10,838644.25,20.49,96941,154218492.9,0.5,18,Retail Store,UK,Yes,0
2425,Motorola,6774,0,2.5,1,10,1,256,0.6,229,8,63,1892,1805,4096,14,9,12,1,0,Snapdragon,4388,Super AMOLED,90,1,WiFi 6,5.1,No,Yes,Yes,Android,14.9,18,90.3,62.9,91.2,1405.74,Flagship,1444.12,12.98,Business User,4.54,1308,90.1,91.9,81.7,10,670836.73,5.41,68845,87100353.27,5.97,18,Telecom Partner,Germany,Yes,1
2426,Google,6295,0,1.0,0,9,1,128,0.4,201,4,20,2082,2321,6144,11,5,6,0,1,Google Tensor,3116,Super AMOLED,144,0,WiFi 6,5.0,No,Yes,Yes,Android,13.4,45,94.9,38.3,81.7,1008.8,Premium,1185.67,7.41,Gamer,4.44,2258,90.1,94.9,78.6,0,189565.0,5.82,51027,51476037.6,3.14,12,Online Store,Singapore,Yes,1
2427,Google,4876,0,1.3,0,31,1,512,0.5,233,8,24,1726,1064,4096,16,11,4,1,1,MediaTek Dimensity,3746,OLED,60,0,WiFi 5,5.3,Yes,Yes,Yes,Android,15.2,33,80.9,58.1,82.0,1688.29,Flagship,1501.75,7.25,Professional,5.0,2884,100.0,82.0,72.3,10,29870.99,5.97,35683,54218926.86,1.19,12,Online Store,USA,Yes,1
2428,Xiaomi,4767,1,2.6,1,17,1,128,0.3,154,4,64,963,1283,8192,9,3,7,0,1,MediaTek Dimensity,4922,AMOLED,120,1,WiFi 5,5.1,Yes,Yes,Yes,Android,17.4,25,89.9,63.3,77.6,1565.06,Flagship,1536.38,7.27,Student,4.33,995,88.9,87.9,70.2,15,32396.24,0.5,17346,23075401.15,7.54,12,Retail Store,Germany,No,1
2429,Samsung,2599,0,1.3,0,16,1,256,0.3,229,8,96,581,1783,4096,7,6,5,1,1,MediaTek Dimensity,3566,Super AMOLED,60,1,WiFi 6,5.4,Yes,No,Yes,Android,15.5,120,93.2,88.4,75.3,1595.52,Flagship,1616.71,15.13,Student,4.98,3343,98.2,100.0,61.2,10,58195.64,7.07,35290,50675310.72,4.14,24,Retail Store,Singapore,Yes,0
2430,Oppo,3678,0,1.6,0,28,1,256,0.9,219,4,39,548,868,8192,12,1,19,0,0,Apple Bionic,4573,AMOLED,90,1,WiFi 6,5.1,Yes,Yes,Yes,Android,18.1,25,100.0,82.9,70.4,1739.06,Flagship,1889.73,7.74,General User,5.0,993,100.0,100.0,76.6,10,19115.41,5.77,30358,47514945.13,5.0,12,Online Store,UK,No,0
2431,Google,6586,1,2.7,0,3,1,128,0.4,220,10,9,491,1583,3072,12,5,19,0,1,Snapdragon,3940,AMOLED,120,0,WiFi 5,5.2,No,Yes,No,Android,16.1,80,70.0,34.1,76.3,1121.1,Premium,1231.38,1.12,General User,4.69,4196,92.7,100.0,72.5,15,64942.46,2.36,36209,34504823.42,3.18,36,E-commerce Marketplace,Singapore,Yes,1
2432,Samsung,5164,0,2.6,1,9,0,128,0.2,158,8,100,1357,2225,3072,10,4,16,0,0,Apple Bionic,4171,AMOLED,90,1,WiFi 6,5.2,No,Yes,Yes,Android,15.1,80,82.9,89.9,82.7,1450.68,Flagship,1342.73,9.89,General User,4.73,789,100.0,65.7,76.3,0,200700.05,6.12,49877,72355566.36,6.13,36,Telecom Partner,UAE,Yes,1
2433,Motorola,6972,0,1.9,1,29,1,128,0.5,111,10,91,740,544,4096,10,6,5,0,0,Exynos,3969,IPS LCD,90,1,WiFi 6,5.2,Yes,Yes,Yes,Android,12.3,33,90.7,91.0,84.6,1378.66,Flagship,1170.6,8.82,Student,4.12,286,80.7,77.6,82.6,5,47357.91,9.77,49253,64507983.93,5.25,24,Telecom Partner,Germany,Yes,1
2434,Realme,4876,0,1.2,1,28,1,128,0.3,231,6,65,914,2321,6144,16,7,13,0,1,Apple Bionic,4224,OLED,90,1,WiFi 6,5.1,Yes,Yes,Yes,Android,12.2,65,89.7,66.3,72.1,1223.2,Flagship,1404.74,9.46,Student,4.44,1066,94.3,86.7,87.8,25,26826.98,2.14,19487,17877373.8,11.89,24,Retail Store,Germany,No,1
2435,OnePlus,3058,0,2.4,0,14,1,32,0.9,224,8,47,935,1186,3072,13,2,14,0,1,Snapdragon,3708,IPS LCD,144,0,WiFi 6E,5.3,Yes,Yes,Yes,Android,18.3,33,79.8,45.4,77.1,896.08,Premium,1024.72,14.89,Student,4.61,5912,92.3,82.5,73.0,25,24332.47,9.57,39354,26448249.24,4.21,12,E-commerce Marketplace,UK,Yes,0
2436,Xiaomi,6902,0,2.9,0,14,0,64,0.6,209,6,67,1685,1721,8192,8,0,6,0,0,Apple Bionic,5058,Super AMOLED,144,1,WiFi 6,5.3,No,Yes,Yes,Android,16.8,18,87.3,68.1,71.8,1600.25,Flagship,1596.75,8.88,Professional,3.67,968,69.4,59.6,55.4,10,5000.0,5.91,19441,27999414.22,8.68,18,Online Store,UK,No,1
2437,Apple,6132,1,2.7,0,17,1,128,1.0,201,4,41,583,1107,8192,18,3,16,0,1,Exynos,4238,IPS LCD,90,0,WiFi 6,5.3,Yes,No,Yes,iOS,19.5,25,96.9,68.1,71.7,1870.13,Flagship,1609.04,15.98,General User,4.23,330,86.1,87.5,59.9,20,33475.78,3.86,31822,47609021.49,5.17,36,E-commerce Marketplace,USA,No,1
2438,Samsung,5518,1,3.1,0,25,1,512,0.7,103,10,40,1836,897,8192,14,8,10,0,0,Snapdragon,5859,LCD,144,1,WiFi 5,5.1,Yes,Yes,Yes,Android,16.9,25,98.7,65.2,78.3,2291.06,Flagship,2315.55,20.84,Gamer,4.68,2678,91.7,81.4,69.0,15,62927.87,6.3,49083,95584283.28,8.04,36,Telecom Partner,USA,Yes,2
2439,Samsung,5864,1,2.3,1,8,1,16,0.5,96,4,107,2009,2111,12288,10,9,20,1,1,Exynos,6094,AMOLED,60,1,WiFi 5,5.1,No,No,No,Android,13.6,45,95.3,100.0,92.8,1707.19,Flagship,1903.22,13.24,Gamer,5.0,235,91.9,100.0,81.1,15,131902.26,3.33,35958,52179067.32,7.03,36,E-commerce Marketplace,Germany,Yes,2
2440,Google,4297,1,1.8,0,4,1,64,0.4,165,10,89,1495,882,8192,18,0,4,0,0,Snapdragon,5547,LCD,60,1,WiFi 5,5.0,Yes,No,Yes,Android,13.2,25,97.3,81.9,74.9,1478.8,Flagship,1698.41,4.39,General User,5.0,378,100.0,94.8,77.2,0,242972.56,6.3,52256,77276172.8,4.72,12,Retail Store,Singapore,Yes,0
2441,Oppo,2502,0,2.9,1,5,1,256,0.9,134,8,108,1079,1692,3072,16,11,3,0,1,Google Tensor,3329,Super AMOLED,90,1,WiFi 6,5.3,Yes,Yes,Yes,Android,13.4,33,93.3,99.5,81.6,1487.19,Flagship,1349.12,6.33,General User,4.6,318,87.1,100.0,59.5,10,47440.09,4.82,25266,33817808.29,8.12,18,Telecom Partner,USA,No,0
2442,Apple,3215,1,1.6,0,5,1,256,0.1,103,6,58,933,2217,8192,16,2,8,1,0,Apple Bionic,5118,LCD,120,1,WiFi 5,5.3,Yes,Yes,Yes,iOS,18.2,25,80.2,79.4,57.9,2361.03,Flagship,1945.24,15.36,Student,4.51,220,93.8,100.0,55.4,15,66889.65,7.23,37508,75273886.25,9.37,36,Retail Store,USA,Yes,2
2443,Realme,3842,0,2.4,1,20,1,128,0.8,232,10,51,1822,1254,8192,16,10,14,0,0,MediaTek Dimensity,5819,OLED,120,1,WiFi 5,5.3,Yes,Yes,Yes,Android,17.0,45,89.2,70.7,92.3,1629.76,Flagship,1517.25,11.3,Business User,4.79,222,92.3,100.0,68.6,0,44012.45,4.54,29467,48024137.92,3.74,18,Online Store,Singapore,No,0
2444,Motorola,4493,0,1.8,1,25,1,16,0.7,118,8,9,1978,1862,6144,8,0,7,1,0,MediaTek Dimensity,4503,Super AMOLED,120,1,WiFi 6,5.4,No,Yes,Yes,Android,18.5,80,94.5,50.7,76.6,1255.1,Flagship,1424.94,3.41,General User,4.91,2655,100.0,83.6,100.0,15,34565.25,1.16,22812,24336640.02,6.4,12,Retail Store,Singapore,No,0
2445,OnePlus,4385,0,1.9,1,7,1,128,0.4,137,4,49,298,1674,16384,16,6,12,1,0,Apple Bionic,7634,OLED,90,1,WiFi 6,5.2,No,Yes,Yes,Android,16.2,45,89.0,36.9,61.9,1700.06,Flagship,1682.94,4.22,Business User,4.74,443,88.0,85.5,72.7,0,97327.21,3.39,24384,41454263.04,5.19,18,E-commerce Marketplace,USA,No,2
2446,Samsung,4270,0,2.0,0,10,1,128,0.5,213,4,78,989,2043,8192,17,1,15,1,1,Snapdragon,4395,AMOLED,144,0,WiFi 6E,5.4,Yes,Yes,Yes,Android,18.7,33,88.6,84.2,100.0,1425.29,Flagship,1247.19,15.84,General User,4.59,4269,94.6,100.0,89.7,0,5432.46,5.11,42008,59873582.32,7.58,24,Retail Store,Singapore,Yes,0
2447,Oppo,4461,1,3.3,0,21,1,128,0.4,195,4,92,1613,1968,8192,15,3,9,1,0,Snapdragon,4848,OLED,90,1,WiFi 6E,5.1,Yes,Yes,Yes,Android,17.1,45,80.9,61.3,76.3,1423.84,Flagship,1271.98,7.01,Business User,3.68,2793,69.9,74.4,52.2,10,41428.39,8.76,39461,50567535.22,3.13,36,Retail Store,USA,Yes,0
2448,Vivo,4648,0,2.6,1,22,1,128,0.8,184,4,36,958,2393,6144,5,8,19,1,1,MediaTek Dimensity,4696,IPS LCD,90,0,WiFi 6E,5.4,No,Yes,Yes,Android,16.5,25,100.0,44.2,80.5,1331.72,Flagship,1212.24,1.42,Gamer,4.55,568,90.7,82.8,57.1,20,73666.48,10.22,38895,41437799.52,5.7,18,E-commerce Marketplace,UAE,Yes,0
2449,Oppo,5927,0,1.0,0,31,1,512,0.9,108,10,31,1352,1206,8192,8,7,2,0,0,MediaTek Dimensity,5267,Super AMOLED,60,1,WiFi 6E,5.4,Yes,Yes,No,Android,18.1,25,80.2,51.6,88.2,1886.59,Flagship,1606.79,13.75,General User,3.98,7065,75.5,98.0,69.1,10,16417.91,7.18,25994,44136018.41,4.47,36,Retail Store,Germany,No,2
2450,Vivo,3184,0,2.6,0,6,1,128,1.0,150,8,61,1699,2014,4096,8,6,14,0,1,MediaTek Dimensity,4207,OLED,60,1,WiFi 6,5.0,Yes,Yes,Yes,Android,17.5,45,94.7,76.9,72.3,1249.83,Flagship,1117.92,4.03,Student,4.99,7142,94.0,96.7,78.3,10,32938.69,2.82,36322,40856692.73,3.07,18,E-commerce Marketplace,Germany,Yes,0
2451,OnePlus,4264,0,2.7,0,32,1,128,0.5,144,6,104,764,1016,8192,10,2,18,1,1,Google Tensor,5399,LCD,90,1,WiFi 6,5.0,No,Yes,Yes,Android,18.1,80,98.4,63.3,91.2,1678.98,Flagship,1755.09,7.76,Business User,4.51,783,90.6,98.5,95.6,10,37978.32,7.14,44114,66659871.35,1.47,18,Online Store,Singapore,Yes,0
2452,Xiaomi,4161,1,3.2,1,8,1,128,0.2,139,6,66,460,1740,4096,11,3,7,0,0,Google Tensor,3341,IPS LCD,60,1,WiFi 7,5.4,Yes,Yes,Yes,Android,15.4,65,100.0,59.8,61.7,981.55,Premium,871.8,9.51,General User,4.7,1959,94.1,78.6,60.5,10,69538.02,4.87,12412,10964698.74,5.66,12,E-commerce Marketplace,UK,No,0
2453,Samsung,4122,0,1.8,1,7,1,256,0.6,224,8,43,1973,1123,6144,14,11,19,1,1,Snapdragon,4704,OLED,90,1,WiFi 6,5.0,Yes,Yes,Yes,Android,17.0,33,89.0,65.0,72.6,1356.48,Flagship,1366.65,10.88,Student,4.18,8713,88.7,82.9,84.2,0,10749.65,2.59,32440,44004211.2,7.11,18,Telecom Partner,UAE,No,0
2454,Apple,3404,1,1.6,0,19,1,128,0.5,173,8,43,311,1774,3072,7,9,13,1,1,MediaTek Dimensity,3610,OLED,144,1,WiFi 6,5.3,Yes,Yes,Yes,iOS,16.8,65,85.7,85.1,70.3,1827.86,Flagship,1742.2,16.91,Student,4.25,1520,89.2,93.5,97.5,15,24400.83,2.84,30575,47503796.58,3.77,18,E-commerce Marketplace,UAE,No,0
2455,Oppo,2909,1,2.9,1,4,1,256,0.4,172,4,14,1628,1912,8192,18,8,20,0,1,MediaTek Dimensity,4619,OLED,60,1,WiFi 6E,5.4,Yes,Yes,No,Android,12.1,65,96.1,49.4,91.7,1565.8,Flagship,1793.28,1.83,General User,4.44,1622,98.1,85.5,77.0,20,110274.33,7.33,50993,63875871.52,5.11,24,Retail Store,India,Yes,0
2456,Motorola,3029,1,1.8,0,27,1,256,0.5,191,6,16,124,1958,4096,11,8,14,1,1,Exynos,3463,Super AMOLED,144,1,WiFi 5,5.3,Yes,Yes,No,Android,16.6,65,80.3,65.9,85.8,1488.83,Flagship,1689.46,0.81,General User,4.56,751,100.0,62.8,68.0,5,53198.5,7.72,36686,51888256.51,3.63,36,E-commerce Marketplace,Germany,Yes,0
2457,Apple,2576,1,3.4,1,20,1,512,0.6,148,10,45,979,1416,8192,12,6,5,0,1,Snapdragon,6298,Super AMOLED,60,1,WiFi 5,5.0,Yes,No,No,iOS,16.4,120,100.0,70.7,69.0,2500.0,Flagship,2451.9,15.76,General User,4.87,1568,100.0,72.7,72.4,10,30089.42,6.04,26958,60655500.0,7.28,24,E-commerce Marketplace,Germany,No,2
2458,Xiaomi,3526,1,2.5,0,9,1,128,0.7,172,8,71,970,2160,4096,8,2,14,0,0,Apple Bionic,3657,Super AMOLED,120,0,WiFi 5,5.0,No,Yes,Yes,Android,17.4,25,86.4,93.6,83.2,1283.86,Flagship,1499.86,8.25,Professional,5.0,1957,100.0,100.0,70.7,0,33555.24,4.88,16377,21025775.22,4.98,36,Telecom Partner,USA,No,0
2459,Samsung,6452,0,3.3,1,7,1,256,0.5,118,6,68,583,1559,3072,14,2,8,1,1,MediaTek Dimensity,3308,Super AMOLED,144,1,WiFi 6,5.3,No,No,Yes,Android,17.4,65,75.1,81.1,77.4,1622.54,Flagship,1540.87,19.59,General User,4.52,473,97.7,62.7,60.3,10,8743.46,9.48,41835,61091064.81,5.96,36,Retail Store,Singapore,Yes,1
2460,Google,2850,1,1.6,1,17,0,128,0.7,84,4,6,1085,1880,2048,10,6,7,0,1,Google Tensor,2616,OLED,90,1,WiFi 6,5.3,Yes,Yes,Yes,Android,16.2,120,89.9,20.2,99.7,868.67,Premium,953.47,0.82,Professional,4.02,484,89.5,68.0,76.8,15,17045.04,7.38,38563,28473743.03,6.68,24,Online Store,UK,Yes,0
2461,OnePlus,4641,1,1.2,0,31,1,64,0.6,206,8,44,410,1201,6144,11,10,8,1,1,MediaTek Dimensity,3894,Super AMOLED,90,1,WiFi 6E,5.0,No,Yes,No,Android,15.5,18,92.1,55.3,82.3,1371.43,Flagship,1494.76,2.78,Professional,4.57,482,95.4,95.2,63.1,15,18303.92,3.73,33697,39281115.2,3.9,36,E-commerce Marketplace,India,No,0
2462,Google,5261,0,0.9,0,7,1,128,0.5,103,4,98,738,1840,6144,19,3,14,0,1,Exynos,2259,IPS LCD,120,1,WiFi 6,5.3,Yes,Yes,Yes,Android,16.2,33,76.3,96.9,71.3,1365.3,Flagship,1475.71,3.46,Business User,5.0,1276,100.0,93.5,92.2,10,154370.87,7.4,53890,66218415.3,7.88,24,Retail Store,UK,Yes,1
2463,Realme,5880,1,2.6,0,8,1,32,0.9,108,6,10,102,1921,6144,15,10,18,0,1,MediaTek Dimensity,3744,OLED,120,1,WiFi 6,5.4,Yes,Yes,Yes,Android,16.2,18,90.2,31.8,90.5,1231.43,Flagship,1222.11,4.7,Student,4.47,697,94.8,100.0,66.2,15,76265.85,8.6,35218,36863226.48,6.41,36,Telecom Partner,Germany,Yes,1
2464,Samsung,6474,1,3.4,1,5,1,128,0.4,197,10,39,1735,2390,6144,13,2,3,1,0,Apple Bionic,5147,OLED,60,0,WiFi 7,5.2,No,Yes,Yes,Android,14.2,33,98.0,74.1,70.9,1302.58,Flagship,1446.98,15.34,General User,4.67,86,99.7,94.0,76.2,20,161266.45,5.41,40386,42084796.7,3.47,18,Retail Store,USA,Yes,1
2465,Google,4153,0,0.9,0,3,1,512,0.5,221,10,68,351,672,4096,14,11,16,0,1,Apple Bionic,3546,Super AMOLED,60,1,WiFi 6E,5.3,Yes,Yes,Yes,Android,12.6,18,80.2,76.6,76.8,1737.06,Flagship,1689.48,3.11,Professional,4.7,1874,96.3,98.5,68.4,15,386288.42,7.45,59129,87304027.63,7.09,36,E-commerce Marketplace,UAE,Yes,0
2466,Motorola,4322,1,2.7,1,19,1,128,0.7,178,8,36,909,1121,3072,10,11,9,1,1,MediaTek Dimensity,3984,IPS LCD,120,1,WiFi 5,5.1,No,No,Yes,Android,14.8,18,88.1,73.1,71.5,1159.51,Premium,988.12,4.32,General User,4.9,1127,92.1,89.4,83.2,0,63378.38,1.85,23751,27539522.01,3.97,12,E-commerce Marketplace,UK,No,0
2467,OnePlus,3443,0,3.0,0,31,1,128,0.4,152,8,5,1532,1289,16384,16,0,15,1,0,Snapdragon,8361,LCD,60,1,WiFi 6,5.0,No,No,Yes,Android,16.8,18,86.4,42.3,85.5,1738.76,Flagship,1469.57,11.48,General User,4.75,4802,93.4,92.8,62.7,10,85069.16,5.88,33199,51952583.92,7.63,36,Online Store,UAE,No,2
2468,Xiaomi,6443,0,2.5,0,31,1,64,0.2,107,10,62,238,1196,8192,19,6,15,0,1,MediaTek Dimensity,5914,AMOLED,120,1,WiFi 6,5.2,No,Yes,Yes,Android,18.8,80,82.5,67.7,66.7,1635.59,Flagship,1855.99,5.41,Professional,4.57,3370,96.7,61.7,79.3,20,16509.18,1.23,27291,35709509.35,5.49,36,Online Store,Singapore,No,1
2469,Apple,5289,0,3.0,0,30,1,32,0.2,127,10,103,1824,984,8192,16,3,16,1,0,Google Tensor,6152,OLED,90,0,WiFi 6,5.1,Yes,Yes,Yes,iOS,18.2,45,90.5,97.8,74.7,1891.94,Flagship,1842.3,17.42,Professional,4.95,4272,98.0,99.6,68.3,10,161152.62,3.48,40388,68770505.45,2.14,24,E-commerce Marketplace,UAE,Yes,2
2470,Motorola,3847,0,1.1,0,4,1,256,0.5,225,8,34,1820,1682,6144,18,9,17,1,1,MediaTek Dimensity,4209,IPS LCD,144,1,WiFi 6,5.0,Yes,Yes,Yes,Android,15.2,33,88.0,55.4,70.4,1686.18,Flagship,1783.04,0.1,General User,4.79,935,96.3,82.2,66.8,0,31020.87,5.27,40619,68490945.42,0.5,36,E-commerce Marketplace,Germany,Yes,0
2471,Realme,4576,0,2.4,1,20,1,128,0.6,224,8,19,1388,1948,8192,11,2,7,0,0,MediaTek Dimensity,5261,LCD,60,1,WiFi 5,5.4,Yes,Yes,Yes,Android,15.0,33,81.7,46.5,82.6,1321.14,Flagship,1247.44,4.3,Business User,4.07,508,82.1,79.7,73.6,15,84555.92,7.38,47457,53292739.83,5.77,18,Telecom Partner,UAE,Yes,0
2472,Motorola,4627,1,1.5,0,29,1,512,0.8,228,10,51,1434,2244,6144,11,5,13,0,1,Snapdragon,4339,AMOLED,90,1,WiFi 6E,5.3,No,Yes,Yes,Android,18.0,45,94.1,49.5,80.7,1923.31,Flagship,1964.36,16.99,Professional,4.91,11987,95.9,95.1,71.7,20,176136.26,11.95,50958,78406424.78,0.5,24,Online Store,UAE,Yes,2
2473,Google,4958,1,3.2,1,11,1,128,0.5,234,10,30,2125,1493,4096,16,8,19,1,1,Apple Bionic,4750,LCD,120,1,WiFi 5,5.0,No,Yes,No,Android,17.3,45,93.4,47.2,97.5,1297.03,Flagship,1256.89,4.45,General User,4.53,241,93.3,91.0,85.7,25,154193.16,9.53,60649,58997679.35,1.88,36,Retail Store,Australia,Yes,1
2474,Vivo,6975,1,3.5,0,23,1,256,0.2,102,4,33,102,932,4096,18,0,15,1,0,Snapdragon,3974,AMOLED,144,1,WiFi 5,5.0,No,Yes,No,Android,16.7,65,84.4,54.0,90.0,1758.45,Flagship,1674.57,8.45,Business User,4.25,1217,92.6,79.1,39.9,25,9964.56,7.77,32132,42376886.55,9.34,24,Online Store,Singapore,No,1
2475,Xiaomi,5094,1,3.2,0,23,1,512,1.0,91,6,69,1897,2067,4096,11,2,7,0,1,Google Tensor,4275,IPS LCD,60,1,WiFi 5,5.4,Yes,Yes,Yes,Android,18.0,80,79.8,78.2,73.3,2002.76,Flagship,2288.23,9.28,Professional,5.0,7292,96.1,100.0,85.1,10,166938.49,4.12,43099,77685257.92,2.01,24,Online Store,UAE,Yes,1
2476,Oppo,5042,1,1.1,1,21,1,128,0.5,115,6,107,125,2254,12288,17,4,2,0,0,Google Tensor,5759,IPS LCD,90,0,WiFi 5,5.0,Yes,Yes,Yes,Android,13.8,80,98.5,68.6,87.5,1776.67,Flagship,1511.95,12.08,Business User,4.63,2742,81.0,81.9,47.5,0,18521.33,0.1,9103,16173027.01,2.83,18,Telecom Partner,Germany,No,2
2477,Xiaomi,6667,1,2.8,1,9,1,256,0.5,152,4,87,1991,1050,6144,9,6,4,0,1,Snapdragon,4587,AMOLED,90,1,WiFi 6E,5.2,Yes,No,No,Android,17.2,33,100.0,64.5,68.8,1494.65,Flagship,1628.08,6.3,Gamer,4.73,135,90.8,72.4,53.8,20,73879.56,2.64,27921,33385698.12,3.43,12,E-commerce Marketplace,Germany,No,1
2478,Oppo,2570,1,0.8,0,30,1,512,0.8,197,10,28,535,1201,4096,15,1,3,1,1,Apple Bionic,4209,IPS LCD,60,0,WiFi 6,5.4,Yes,Yes,Yes,Android,12.2,80,98.5,83.1,74.4,1768.97,Flagship,1490.37,6.03,General User,4.72,3084,92.8,92.3,86.6,25,10676.77,4.09,19076,25308653.79,4.41,18,Retail Store,UK,No,0
2479,Apple,5669,1,2.2,1,17,1,64,0.2,178,4,40,600,1697,8192,18,5,20,1,0,Google Tensor,4277,AMOLED,60,1,WiFi 6,5.2,Yes,Yes,Yes,iOS,17.4,18,99.1,53.0,81.2,1657.83,Flagship,1632.28,12.62,Student,4.56,525,87.4,90.7,61.4,5,30905.27,0.1,12327,19414266.89,5.25,36,Retail Store,UK,No,1
2480,OnePlus,2860,0,1.3,1,0,1,128,0.6,80,4,39,120,1668,3072,15,11,5,0,1,Exynos,2652,AMOLED,144,1,WiFi 5,5.3,Yes,Yes,Yes,Android,17.6,18,95.8,45.7,86.3,1126.69,Premium,1272.54,9.75,Business User,4.9,2003,100.0,71.2,75.3,10,20920.97,6.23,40110,40672382.31,6.55,36,E-commerce Marketplace,UAE,Yes,0
2481,Samsung,4105,1,1.0,0,17,1,128,0.8,159,6,36,1343,1798,6144,9,7,5,1,1,Apple Bionic,3440,LCD,60,1,WiFi 6E,5.4,No,Yes,Yes,Android,16.6,45,91.6,58.2,75.9,1326.22,Flagship,1463.66,8.99,Professional,4.2,1131,78.7,77.7,58.2,10,8790.67,3.7,26276,31362981.05,5.04,12,Online Store,UAE,No,0
2482,Vivo,5658,1,2.3,1,23,1,64,0.3,113,4,93,179,1660,12288,16,2,13,1,1,Snapdragon,5832,LCD,90,1,WiFi 6,5.0,Yes,Yes,Yes,Android,15.4,25,86.8,96.7,72.0,1689.4,Flagship,1669.07,8.08,General User,4.72,3570,92.7,100.0,83.7,0,8430.67,6.15,31389,53028576.6,9.23,36,Retail Store,Singapore,No,2
2483,Realme,6710,0,1.3,1,0,1,512,0.5,162,8,106,1559,2193,12288,12,8,9,0,0,Exynos,6730,Super AMOLED,144,1,WiFi 6E,5.2,No,Yes,Yes,Android,13.9,25,87.1,100.0,80.3,2500.0,Flagship,2291.28,7.18,Business User,5.0,678,94.6,100.0,93.3,15,36517.29,4.01,39700,84362500.0,5.18,18,Online Store,Australia,Yes,2
2484,Vivo,4332,0,0.9,0,23,1,64,0.1,191,8,66,149,1864,8192,14,1,15,1,0,MediaTek Dimensity,4719,Super AMOLED,120,1,WiFi 6E,5.2,Yes,Yes,Yes,Android,16.4,120,90.3,62.3,92.6,1539.21,Flagship,1293.5,8.94,Business User,4.41,650,80.7,94.9,61.2,10,17720.87,7.13,38941,53944538.95,5.55,36,Online Store,UAE,Yes,0
2485,Xiaomi,3443,0,1.5,0,16,1,256,0.6,124,4,78,1435,1631,8192,8,3,20,1,1,MediaTek Dimensity,5257,Super AMOLED,60,1,WiFi 5,5.4,No,Yes,Yes,Android,18.0,80,71.2,97.3,85.2,1789.35,Flagship,1712.75,4.2,Student,4.12,1646,83.1,100.0,79.0,0,348773.87,7.82,53514,95755275.9,8.93,12,Online Store,Singapore,Yes,0
2486,Oppo,5828,0,1.7,0,16,1,128,0.2,218,8,15,435,710,8192,6,4,2,0,0,Exynos,4326,OLED,60,1,WiFi 6,5.0,No,Yes,Yes,Android,12.4,33,86.8,52.6,94.0,1283.66,Flagship,1190.98,6.86,Gamer,4.45,3102,96.1,100.0,90.4,10,77443.02,7.82,46594,53829768.64,4.9,18,E-commerce Marketplace,Australia,Yes,1
2487,Apple,2641,0,3.2,0,15,1,512,1.0,216,6,105,1239,1297,8192,9,9,12,0,0,Google Tensor,4853,OLED,144,1,WiFi 6E,5.3,No,Yes,Yes,iOS,19.1,33,72.6,84.0,85.1,2500.0,Flagship,2550.72,12.37,Professional,3.75,2891,87.7,94.7,86.6,15,13525.5,5.91,31749,67466625.0,0.85,18,Online Store,Australia,No,2
2488,Motorola,6944,1,1.8,1,16,1,256,0.1,132,10,46,1866,648,3072,19,7,11,0,1,Google Tensor,4207,AMOLED,90,1,WiFi 6,5.1,No,Yes,Yes,Android,16.9,18,91.2,70.1,95.8,1300.26,Flagship,1351.02,8.79,Professional,4.91,3094,100.0,84.3,63.5,0,9577.1,3.59,34315,44618421.9,7.16,36,Telecom Partner,Australia,No,1
2489,Motorola,3817,1,3.4,0,23,1,256,0.4,205,10,51,940,748,12288,11,1,13,1,0,MediaTek Dimensity,8018,AMOLED,60,1,WiFi 6,5.4,Yes,No,Yes,Android,17.4,45,82.4,53.2,97.3,1908.18,Flagship,1883.66,7.43,Professional,4.43,1980,95.9,74.2,59.4,10,51193.97,9.18,38085,65405731.77,4.58,24,E-commerce Marketplace,Australia,Yes,2
2490,Google,5019,0,2.7,1,22,1,128,0.9,84,6,18,594,734,8192,10,7,17,0,1,Apple Bionic,5404,AMOLED,90,1,WiFi 6,5.2,No,Yes,Yes,Android,18.1,33,87.3,42.9,71.5,1547.9,Flagship,1599.2,4.75,Professional,5.0,471,100.0,98.8,74.1,0,6772.71,7.13,22418,34700822.2,5.65,12,Online Store,Singapore,No,1
2491,Vivo,3277,0,3.4,0,16,1,128,0.2,193,8,75,708,1836,16384,5,10,20,0,0,Google Tensor,8671,OLED,120,1,WiFi 6,5.0,Yes,Yes,Yes,Android,15.9,25,96.0,90.5,90.3,2185.03,Flagship,2090.76,1.5,General User,4.94,575,98.6,92.0,63.2,0,215641.4,12.68,49987,109223094.6,7.71,12,Retail Store,Germany,Yes,2
2492,OnePlus,3881,1,3.1,1,18,1,128,0.7,213,6,37,1012,1743,12288,7,5,18,1,1,Snapdragon,6875,LCD,120,1,WiFi 5,5.2,No,No,Yes,Android,16.6,25,81.3,97.2,59.8,1806.2,Flagship,1792.2,0.88,General User,5.0,1046,84.5,73.3,78.1,0,100996.78,10.61,38308,69191909.6,9.34,24,Retail Store,Australia,Yes,2
2493,Realme,6941,0,1.4,0,7,1,512,0.6,235,8,49,1755,1622,12288,7,3,12,1,1,Snapdragon,7084,OLED,120,1,WiFi 6,5.3,Yes,Yes,Yes,Android,18.8,18,90.7,59.6,80.8,2197.53,Flagship,2306.87,4.74,Business User,4.08,2482,86.2,80.6,60.4,15,71950.86,5.38,11765,21975849.38,5.79,24,Retail Store,Australia,No,2
2494,Xiaomi,5872,0,2.7,0,29,1,16,0.6,118,10,81,1795,2217,6144,12,0,5,0,1,Exynos,5307,IPS LCD,144,1,WiFi 6,5.2,Yes,Yes,No,Android,15.4,25,78.3,100.0,71.6,1495.19,Flagship,1315.22,7.75,Business User,4.44,2959,87.3,100.0,59.5,5,72953.07,6.87,33033,46921080.71,5.0,36,Retail Store,Germany,No,1
2495,Apple,2822,1,3.0,1,7,1,128,0.5,153,10,47,200,1012,6144,10,2,13,1,0,MediaTek Dimensity,5081,LCD,144,1,WiFi 5,5.0,Yes,Yes,Yes,iOS,18.8,80,88.7,74.9,78.5,2186.43,Flagship,1815.19,14.34,Gamer,4.21,309,77.4,100.0,63.3,5,69428.69,8.18,26876,55824368.05,4.37,36,E-commerce Marketplace,USA,No,2
2496,Oppo,4068,1,1.4,1,32,1,64,0.5,184,10,42,1799,1468,3072,10,7,12,0,0,Apple Bionic,3220,Super AMOLED,60,1,WiFi 7,5.4,Yes,Yes,No,Android,18.3,18,80.8,90.1,92.9,1160.24,Premium,1014.59,15.3,Gamer,5.0,346,98.7,92.6,81.9,10,163104.83,9.78,42600,44483601.6,2.95,12,Retail Store,UK,Yes,0
2497,Google,5716,0,2.3,1,24,1,256,0.4,135,4,51,1531,2229,4096,8,9,18,1,0,Apple Bionic,3338,OLED,120,1,WiFi 6,5.4,Yes,No,Yes,Android,12.5,80,89.0,73.3,75.2,1624.82,Flagship,1651.92,10.44,Professional,5.0,9154,100.0,87.4,66.8,15,16943.53,7.49,38971,53822731.19,5.62,18,Telecom Partner,UK,Yes,1
2498,Oppo,6107,0,2.2,1,21,1,128,0.4,86,6,74,364,814,4096,11,10,4,0,1,MediaTek Dimensity,4299,OLED,144,0,WiFi 7,5.3,Yes,No,Yes,Android,12.8,18,90.3,88.7,94.3,1221.24,Flagship,1069.03,7.37,Business User,4.64,2489,100.0,90.7,64.1,0,44009.17,9.67,39562,48314696.88,4.37,36,Retail Store,Singapore,Yes,1
2499,Vivo,2953,0,2.9,0,5,1,16,0.2,217,10,88,1140,1489,16384,10,9,11,0,0,MediaTek Dimensity,9648,IPS LCD,144,1,WiFi 6E,5.3,No,Yes,Yes,Android,13.8,33,82.7,100.0,86.4,2095.39,Flagship,2016.01,11.6,General User,4.15,8156,83.6,91.8,74.3,15,44319.63,9.59,32507,57897616.32,8.93,18,Telecom Partner,Singapore,No,2
2500,Vivo,6023,1,1.5,0,25,1,32,0.2,195,6,78,1950,1256,8192,13,8,4,1,1,MediaTek Dimensity,4442,OLED,120,1,WiFi 6E,5.2,No,Yes,Yes,Android,12.5,80,95.6,76.1,74.1,1498.58,Flagship,1439.79,13.06,Gamer,4.19,67,94.5,69.6,82.2,15,70968.62,10.59,43688,55649468.58,6.61,18,Telecom Partner,UAE,Yes,1
2501,Apple,4866,1,2.5,0,12,1,256,0.5,101,4,27,281,2249,8192,10,5,20,1,0,Snapdragon,4701,OLED,120,1,WiFi 6,5.2,Yes,Yes,Yes,iOS,16.8,33,80.5,67.7,68.0,2059.54,Flagship,2032.76,16.52,Professional,4.06,4645,87.8,100.0,45.7,15,12999.59,7.93,22233,38921289.9,1.42,36,Online Store,Australia,No,2
2502,Motorola,4127,0,3.0,0,20,1,256,0.4,194,8,61,1425,914,12288,14,6,8,0,1,Exynos,8072,IPS LCD,144,1,WiFi 6,5.1,Yes,Yes,Yes,Android,16.9,25,87.1,80.5,50.8,1894.03,Flagship,1804.27,3.94,Business User,4.14,103,82.7,68.0,72.5,0,43368.77,3.86,16083,30461684.49,0.5,36,Retail Store,UK,No,2
2503,Xiaomi,5629,1,2.7,0,11,0,256,0.6,105,10,79,490,2230,2048,8,3,6,1,0,Apple Bionic,3754,Super AMOLED,144,1,WiFi 6,5.2,Yes,Yes,Yes,Android,16.3,18,79.0,82.1,95.0,1626.35,Flagship,1514.79,13.02,Student,4.4,1126,79.4,76.2,48.4,0,6992.72,8.0,38686,62916976.1,1.86,36,Telecom Partner,USA,Yes,1
2504,Motorola,3031,0,1.1,1,19,1,128,0.9,182,6,88,758,1072,6144,8,1,20,1,0,Exynos,3233,OLED,60,1,WiFi 5,5.2,No,Yes,Yes,Android,18.1,80,95.2,90.8,86.2,1583.47,Flagship,1428.89,11.91,Business User,4.93,2736,95.3,89.3,75.8,15,24708.55,12.43,46781,62964863.56,3.62,24,E-commerce Marketplace,Australia,Yes,0
2505,OnePlus,4087,1,1.6,1,2,1,256,0.9,163,10,39,1882,2146,6144,7,1,4,0,0,MediaTek Dimensity,4643,AMOLED,90,1,WiFi 6E,5.0,Yes,Yes,Yes,Android,16.0,120,92.0,55.0,69.1,1765.17,Flagship,1514.8,7.84,General User,4.24,4708,78.4,58.8,60.8,15,42815.96,6.77,28894,43352398.68,7.06,24,Online Store,Australia,No,0
2506,Realme,4525,1,1.1,0,0,1,512,0.9,93,4,89,1770,1739,4096,16,7,2,1,0,Google Tensor,3397,IPS LCD,120,0,WiFi 6,5.1,No,Yes,Yes,Android,18.2,80,90.3,86.9,73.6,1744.78,Flagship,1473.7,5.52,Professional,4.73,3740,88.4,76.0,78.7,10,178589.19,7.33,50668,79564061.74,5.22,24,Retail Store,UK,Yes,0
2507,Samsung,6848,0,3.2,0,4,1,128,0.4,194,10,85,580,1794,8192,12,2,15,0,0,Apple Bionic,6046,Super AMOLED,144,1,WiFi 6,5.0,Yes,Yes,Yes,Android,18.9,25,91.3,80.9,81.6,1661.11,Flagship,1826.26,13.43,Gamer,4.38,822,83.0,89.9,72.9,0,137396.38,11.8,44072,73208439.92,1.37,12,Retail Store,Australia,Yes,1
2508,OnePlus,6403,0,1.8,0,31,1,512,1.0,120,4,9,1999,1279,6144,13,3,3,1,0,Google Tensor,3733,Super AMOLED,60,1,WiFi 5,5.4,Yes,Yes,Yes,Android,17.3,33,89.2,51.8,75.5,1913.89,Flagship,2005.03,6.01,Student,4.91,688,91.6,86.8,80.6,15,727217.6,10.93,87437,142243079.9,3.77,24,Telecom Partner,India,Yes,1
2509,Oppo,3151,0,3.4,0,17,1,64,0.3,202,10,84,1570,634,8192,10,4,9,1,0,MediaTek Dimensity,6162,OLED,120,1,WiFi 6,5.3,Yes,Yes,Yes,Android,16.9,33,91.1,61.9,90.9,1685.0,Flagship,1835.62,0.88,Student,5.0,1401,100.0,74.7,80.8,5,18136.66,9.15,32570,52136427.5,5.35,12,Retail Store,India,No,0
2510,Oppo,3623,0,1.2,1,19,1,128,1.0,162,8,11,567,1028,6144,16,4,17,0,1,Google Tensor,4200,Super AMOLED,60,1,WiFi 6,5.2,No,Yes,No,Android,14.7,120,91.6,43.8,80.2,1280.24,Flagship,1475.05,10.79,Professional,3.96,888,77.7,83.8,46.8,0,142776.25,5.81,36456,46672429.44,5.53,36,Online Store,UK,Yes,0
2511,Apple,6954,0,1.5,0,15,1,256,0.4,217,4,75,1472,1607,8192,10,4,8,0,0,Exynos,3993,Super AMOLED,60,1,WiFi 6E,5.2,Yes,Yes,Yes,iOS,18.4,80,96.1,100.0,76.9,2203.42,Flagship,1958.63,17.08,Business User,3.99,711,91.6,94.3,49.9,5,45321.18,3.04,21699,45421410.05,4.92,18,Retail Store,Singapore,No,2
2512,Vivo,6076,0,3.3,1,19,0,128,0.8,186,8,99,1791,1651,4096,16,4,3,0,0,Snapdragon,3782,AMOLED,60,0,WiFi 5,5.1,No,Yes,No,Android,15.8,33,88.0,49.8,85.9,944.36,Premium,1073.27,14.06,Student,4.89,2050,100.0,100.0,81.4,5,27722.62,8.48,44558,39974853.24,2.9,24,Telecom Partner,Singapore,Yes,1
2513,Google,4400,0,1.3,1,11,1,128,0.4,107,6,40,252,2269,4096,7,6,20,0,0,Apple Bionic,3194,Super AMOLED,144,1,WiFi 6,5.2,Yes,Yes,Yes,Android,14.4,25,100.0,69.1,87.5,1438.89,Flagship,1508.43,7.19,General User,4.71,3928,100.0,77.0,76.6,0,23706.76,0.1,16460,23684129.4,2.96,24,Retail Store,India,No,0
2514,OnePlus,3643,0,0.9,1,30,1,128,0.2,113,10,57,1981,1285,4096,15,8,10,1,1,Apple Bionic,4414,AMOLED,144,1,WiFi 6,5.0,No,Yes,Yes,Android,15.7,33,99.3,84.2,89.8,1559.67,Flagship,1472.92,5.61,Gamer,4.71,9170,93.4,96.6,66.2,15,46593.22,11.38,41440,54937816.08,4.39,12,Telecom Partner,UK,Yes,0
2515,Google,5939,0,1.1,1,25,1,128,0.5,235,10,41,370,2162,6144,14,3,17,1,1,Exynos,5139,IPS LCD,60,1,WiFi 6,5.1,No,Yes,Yes,Android,17.4,65,83.8,48.9,63.9,1222.38,Flagship,1077.85,10.78,Professional,3.94,207,80.7,88.4,46.3,10,168180.74,14.37,52312,57550628.3,4.33,36,Telecom Partner,India,Yes,1
2516,Realme,6449,0,3.0,0,30,1,256,0.9,233,4,82,1904,1424,6144,17,10,18,1,0,Snapdragon,3780,OLED,144,1,WiFi 7,5.3,No,Yes,Yes,Android,16.2,18,72.4,84.9,87.6,1726.25,Flagship,1499.47,6.45,General User,4.96,1246,89.2,100.0,73.1,10,13920.94,4.26,32225,50065565.62,3.57,24,Telecom Partner,Germany,No,1
2517,Oppo,6917,1,2.7,0,19,1,128,0.5,220,4,102,798,2148,8192,18,9,11,0,1,Google Tensor,3983,Super AMOLED,144,1,WiFi 6E,5.4,Yes,Yes,No,Android,12.4,45,96.0,96.3,82.9,1571.23,Flagship,1832.19,14.47,Student,4.59,11962,98.8,63.1,88.5,10,146872.6,7.88,47685,67431692.3,1.78,36,Retail Store,Germany,Yes,1
2518,Xiaomi,3980,1,3.2,0,5,1,128,0.5,135,10,55,2028,2367,12288,10,4,13,0,1,MediaTek Dimensity,7939,AMOLED,90,0,WiFi 5,5.0,Yes,No,Yes,Android,16.3,33,79.8,53.7,69.2,1678.19,Flagship,1979.08,1.43,Business User,4.26,7847,79.5,100.0,66.9,5,5000.0,7.72,31912,50876679.32,4.71,24,Retail Store,Germany,No,2
2519,Realme,5971,1,2.1,1,27,1,128,0.6,107,4,96,1078,2283,6144,11,7,13,0,1,MediaTek Dimensity,3903,IPS LCD,144,1,WiFi 5,5.4,Yes,Yes,No,Android,18.8,120,100.0,100.0,63.2,1735.05,Flagship,1780.62,4.16,General User,4.31,2382,82.1,74.4,70.5,10,53438.5,8.35,24656,38501453.52,7.91,36,Telecom Partner,UK,No,1
2520,Oppo,4887,0,1.3,0,20,1,256,0.7,91,10,71,1730,1086,8192,15,5,6,0,0,Google Tensor,5752,OLED,90,1,WiFi 6,5.2,No,Yes,No,Android,16.4,65,85.9,49.7,89.6,1627.45,Flagship,1371.79,2.17,Student,4.53,115,93.4,100.0,60.8,15,84612.72,3.84,33103,45792455.75,9.62,24,E-commerce Marketplace,UK,No,1
2521,Vivo,5913,1,1.5,1,31,1,128,0.4,154,6,103,524,2310,4096,12,8,13,1,1,Snapdragon,3142,IPS LCD,120,1,WiFi 6E,5.2,Yes,Yes,Yes,Android,12.3,45,93.6,100.0,76.8,1085.9,Premium,1178.91,7.7,Business User,5.0,470,98.6,100.0,82.4,10,76174.41,5.58,35703,34892898.93,4.94,18,Retail Store,Australia,Yes,1
2522,Apple,4247,1,2.0,1,22,1,32,0.9,112,8,11,1296,612,6144,5,4,7,1,1,MediaTek Dimensity,4476,AMOLED,120,1,WiFi 5,5.1,Yes,No,Yes,iOS,16.3,18,79.7,23.0,80.1,1626.28,Flagship,1759.87,14.71,Professional,4.88,1503,100.0,92.6,92.2,0,55707.67,7.14,45050,73263914.0,4.31,36,Retail Store,USA,Yes,0
2523,Oppo,4404,0,2.5,1,25,1,512,0.1,104,6,10,1619,1546,4096,10,9,5,1,1,MediaTek Dimensity,4041,IPS LCD,144,1,WiFi 6E,5.2,Yes,Yes,No,Android,16.6,120,97.3,63.4,48.3,1824.51,Flagship,2001.39,1.18,Student,4.06,6124,71.5,83.9,67.6,0,87050.61,9.8,47044,85832248.44,9.56,18,Telecom Partner,Australia,Yes,0
2524,Xiaomi,2708,1,3.1,1,9,0,64,0.4,81,10,18,314,1922,4096,9,9,7,0,1,Exynos,4925,OLED,90,1,WiFi 5,5.1,Yes,Yes,Yes,Android,14.2,45,85.8,20.0,92.5,1119.29,Premium,1222.48,11.18,General User,4.41,939,84.0,99.8,61.0,0,110294.61,8.63,41080,45980433.2,2.94,36,E-commerce Marketplace,UK,Yes,0
2525,Apple,3318,1,3.3,1,27,1,64,0.5,216,4,33,865,1935,4096,9,5,19,1,0,Apple Bionic,3805,LCD,90,0,WiFi 5,5.3,Yes,Yes,Yes,iOS,16.4,33,94.0,83.0,89.1,1800.73,Flagship,1788.01,13.82,Business User,4.81,1112,99.9,69.2,84.6,20,26393.75,12.13,50761,73125484.42,10.45,12,Retail Store,UK,Yes,0
2526,Google,2616,1,2.8,1,16,1,128,0.4,167,4,26,131,2021,8192,11,10,4,1,1,MediaTek Dimensity,4707,IPS LCD,90,1,WiFi 7,5.2,Yes,Yes,Yes,Android,17.0,120,85.6,48.2,67.5,1710.24,Flagship,1764.86,12.83,General User,4.18,4524,72.3,90.1,73.7,0,73939.8,6.96,31599,54041873.76,2.82,18,Online Store,Australia,No,0
2527,Motorola,2580,0,3.1,0,32,1,16,0.4,168,4,34,1349,1562,6144,17,6,4,0,0,MediaTek Dimensity,5548,IPS LCD,120,0,WiFi 5,5.3,Yes,No,Yes,Android,13.3,80,85.0,20.0,68.4,1021.39,Premium,1159.6,10.53,Business User,4.25,382,86.2,77.7,56.4,15,35799.38,6.49,18158,15764439.68,7.61,24,E-commerce Marketplace,USA,No,0
2528,Google,3103,1,2.8,1,28,1,16,0.6,102,10,8,1515,1906,3072,11,6,7,0,1,Google Tensor,3346,OLED,90,1,WiFi 6,5.1,Yes,Yes,Yes,Android,18.3,25,85.8,21.6,94.8,888.64,Premium,787.98,4.88,General User,3.91,4612,89.4,100.0,69.1,10,16983.34,7.52,36532,29217416.83,6.12,12,Retail Store,Germany,Yes,0
2529,Samsung,6302,0,0.9,1,18,1,128,0.8,109,6,97,703,796,8192,14,0,5,1,1,Google Tensor,4716,IPS LCD,144,1,WiFi 6E,5.3,Yes,Yes,Yes,Android,17.3,33,78.6,100.0,81.3,1697.56,Flagship,1401.71,9.75,General User,4.4,2128,83.8,95.0,78.1,20,31392.98,5.25,23144,31430662.91,7.95,24,Retail Store,USA,No,1
2530,Xiaomi,3606,0,2.9,0,3,1,128,0.2,211,4,48,512,1779,12288,18,4,6,1,0,Snapdragon,6245,IPS LCD,60,1,WiFi 5,5.2,No,Yes,Yes,Android,16.4,120,83.0,76.6,86.1,1781.73,Flagship,1520.19,9.45,Business User,3.91,3958,77.3,87.5,88.3,10,91461.03,4.53,38449,61655163.09,6.22,12,Online Store,Singapore,Yes,2
2531,Oppo,5358,0,2.6,0,32,1,128,0.7,115,6,30,655,1930,12288,19,9,12,1,0,Snapdragon,6655,AMOLED,144,1,WiFi 6,5.3,Yes,Yes,No,Android,18.0,18,78.2,42.9,86.3,1794.32,Flagship,1677.77,4.52,General User,4.3,1119,84.4,80.0,78.2,10,15363.28,2.63,14368,23202710.78,3.34,12,Online Store,India,No,2
2532,Google,4748,1,2.1,1,7,1,512,0.5,165,8,44,2142,2328,16384,14,3,18,0,1,Apple Bionic,7785,AMOLED,60,1,WiFi 6,5.3,Yes,Yes,No,Android,18.7,80,86.3,53.2,81.8,2303.58,Flagship,2625.65,13.03,Professional,4.08,2281,79.7,87.2,76.3,5,71838.65,10.14,43680,95589355.68,3.7,24,E-commerce Marketplace,USA,Yes,2
2533,Xiaomi,3577,1,2.0,1,19,1,32,0.3,203,8,20,1050,2329,6144,11,7,2,0,0,Google Tensor,4370,Super AMOLED,60,1,WiFi 7,5.0,Yes,Yes,Yes,Android,17.2,45,89.8,30.0,79.0,874.43,Premium,982.11,6.79,Professional,4.18,3340,90.9,100.0,86.0,5,145093.81,9.95,57435,47711742.7,2.85,36,Retail Store,UAE,Yes,0
2534,Motorola,5989,0,2.9,0,29,1,128,0.3,227,8,73,133,1822,4096,6,4,8,1,1,Google Tensor,4649,AMOLED,90,1,WiFi 6,5.3,No,Yes,No,Android,13.8,80,93.1,92.9,85.9,1575.1,Flagship,1386.33,12.68,Business User,5.0,2186,89.3,100.0,36.4,10,95770.92,6.94,32063,45452188.17,6.01,36,E-commerce Marketplace,India,No,1
2535,Google,5084,1,0.9,1,0,1,128,0.3,197,8,6,923,1834,6144,9,2,17,1,0,Google Tensor,3877,OLED,144,1,WiFi 6E,5.4,Yes,Yes,Yes,Android,18.3,25,82.2,36.0,99.5,1453.62,Flagship,1663.74,8.61,Business User,4.69,3156,100.0,100.0,79.4,10,13377.24,6.36,31380,41053136.04,6.62,36,E-commerce Marketplace,UAE,No,1
2536,Apple,3842,1,1.9,0,16,1,256,0.9,91,10,30,1579,881,8192,7,2,6,0,0,Google Tensor,5991,AMOLED,144,1,WiFi 6E,5.4,Yes,Yes,Yes,iOS,17.2,65,82.0,47.6,91.7,2413.98,Flagship,2287.89,10.27,Gamer,4.53,1038,90.2,57.3,70.2,15,42598.82,7.59,41207,84551942.78,4.44,18,Retail Store,Germany,Yes,2
2537,OnePlus,3487,0,1.6,0,1,1,512,0.4,80,4,6,1374,1171,12288,12,10,3,1,0,MediaTek Dimensity,6433,IPS LCD,90,1,WiFi 5,5.1,Yes,Yes,Yes,Android,16.7,18,86.0,35.7,78.2,2141.0,Flagship,2444.65,4.45,Professional,4.24,318,70.2,92.5,66.2,20,178511.56,4.99,20126,34471812.8,9.05,18,Online Store,Australia,No,2
2538,Google,2728,0,0.8,1,24,0,64,0.8,81,10,24,1273,1887,6144,13,9,9,0,1,MediaTek Dimensity,3526,LCD,144,1,WiFi 7,5.1,No,No,Yes,Android,12.2,65,88.8,49.7,67.0,1337.42,Flagship,1306.91,13.97,General User,4.85,749,100.0,100.0,81.3,0,28246.39,5.1,30412,40673617.04,8.65,36,Online Store,UAE,No,0
2539,OnePlus,5784,1,3.5,1,14,1,256,0.3,153,8,105,1756,912,2048,15,11,7,0,0,Exynos,3058,Super AMOLED,144,1,WiFi 6E,5.1,Yes,Yes,Yes,Android,15.9,120,88.9,90.3,88.0,1541.46,Flagship,1520.65,2.96,Professional,4.76,497,93.0,91.5,69.8,5,10266.48,4.97,33144,48535642.73,10.34,24,E-commerce Marketplace,USA,No,1
2540,Google,4017,1,1.2,0,22,1,128,0.7,109,4,20,1813,1336,8192,16,10,7,0,0,Snapdragon,3490,IPS LCD,120,1,WiFi 6,5.0,No,Yes,Yes,Android,15.1,120,72.7,74.2,71.6,1749.51,Flagship,1778.4,3.1,Business User,5.0,907,100.0,100.0,85.1,0,72132.33,4.02,26412,46208058.12,3.4,24,Retail Store,Singapore,No,0
2541,Xiaomi,5894,0,3.3,0,31,1,128,0.9,87,4,34,258,2169,6144,9,4,3,0,1,Exynos,4594,IPS LCD,90,1,WiFi 6,5.4,No,Yes,No,Android,15.8,120,83.2,40.9,73.3,1681.34,Flagship,1737.64,2.45,Gamer,3.89,249,87.3,88.1,62.7,0,56138.57,10.31,39700,66749198.0,10.02,24,Retail Store,UK,Yes,1
2542,Xiaomi,6437,0,1.5,0,7,1,512,0.7,182,10,18,1804,748,16384,15,1,3,1,1,Exynos,7708,OLED,144,1,WiFi 6,5.4,Yes,Yes,Yes,Android,18.9,25,84.0,52.4,72.8,2473.56,Flagship,2498.6,10.83,Business User,4.7,317,95.8,100.0,96.4,0,14522.68,5.65,36976,91462354.56,3.99,36,Online Store,Australia,Yes,2
2543,Motorola,5103,0,2.1,1,27,1,64,0.4,95,8,22,237,743,8192,7,7,5,0,1,Apple Bionic,5410,Super AMOLED,120,1,WiFi 6,5.2,Yes,Yes,Yes,Android,18.2,80,84.0,57.5,82.3,1557.84,Flagship,1335.95,12.1,Student,4.25,392,89.2,91.5,63.1,5,154393.23,6.24,20864,30877635.07,1.37,18,E-commerce Marketplace,UAE,No,1
2544,Oppo,3552,0,1.6,0,18,1,128,0.3,193,6,85,515,510,2048,13,1,20,0,0,Exynos,2441,IPS LCD,60,1,WiFi 6E,5.1,Yes,Yes,Yes,Android,16.0,45,83.8,100.0,77.0,1098.89,Premium,1185.4,4.92,Student,5.0,5374,96.7,100.0,88.0,0,10764.33,8.61,48524,53322538.36,0.5,36,Online Store,India,Yes,0
2545,Apple,3020,1,1.3,1,14,1,128,0.4,87,10,14,312,1116,6144,8,8,2,1,1,Apple Bionic,4790,LCD,60,0,WiFi 6,5.2,No,Yes,Yes,iOS,17.9,65,85.5,63.0,59.2,1475.25,Flagship,1267.33,8.99,Gamer,4.57,3145,93.9,100.0,74.0,5,111347.71,9.26,39646,55563373.42,2.87,24,Online Store,UAE,Yes,0
2546,Google,3490,0,3.0,0,22,0,64,1.0,191,8,65,1461,1521,4096,11,8,15,1,0,Google Tensor,4392,Super AMOLED,90,1,WiFi 6,5.3,No,Yes,Yes,Android,12.3,65,89.3,61.4,81.5,1156.16,Premium,1209.49,9.38,Business User,5.0,1221,92.0,96.2,67.3,25,399053.49,8.04,55603,48214473.36,5.49,36,Retail Store,USA,Yes,0
2547,Realme,5468,0,2.6,0,3,1,16,0.6,175,6,95,1655,1397,12288,5,5,2,0,1,Exynos,6491,IPS LCD,144,1,WiFi 6E,5.3,Yes,Yes,Yes,Android,18.5,45,81.1,79.3,63.3,1606.83,Flagship,1405.79,10.59,Gamer,5.0,1821,100.0,93.0,92.1,15,65108.28,5.71,31791,43420322.65,4.26,36,Online Store,Singapore,No,2
2548,Apple,2716,0,3.0,1,10,1,64,0.8,189,8,81,1513,936,8192,11,8,8,0,0,MediaTek Dimensity,5958,OLED,120,1,WiFi 5,5.0,Yes,Yes,No,iOS,19.2,18,83.9,60.8,87.2,1875.76,Flagship,1736.64,12.7,Student,4.81,2322,95.3,83.6,76.5,0,22667.43,7.98,37582,70494812.32,2.9,12,Online Store,Australia,Yes,0
2549,Realme,6108,1,2.4,1,22,1,512,0.2,111,10,26,1457,1352,8192,9,1,16,1,1,Google Tensor,6162,Super AMOLED,60,0,WiFi 6,5.3,No,No,Yes,Android,15.3,33,87.8,65.2,81.5,1970.84,Flagship,1953.52,2.56,General User,3.74,743,78.1,56.1,66.8,5,279754.08,6.8,31873,59675754.15,7.49,24,Telecom Partner,Singapore,No,2
2550,OnePlus,5632,1,3.3,0,13,1,32,1.0,163,10,19,1965,693,8192,9,0,2,1,0,Google Tensor,5566,LCD,144,1,WiFi 6,5.3,Yes,Yes,Yes,Android,13.3,25,97.6,71.3,87.0,1514.73,Flagship,1452.05,0.1,Gamer,4.22,541,89.7,100.0,64.3,10,11659.37,8.0,44162,60204155.63,4.89,36,Retail Store,India,Yes,1
2551,Samsung,3678,0,1.7,0,23,1,128,0.7,150,4,106,827,1302,3072,19,0,16,0,0,Google Tensor,2874,LCD,60,0,WiFi 6,5.0,Yes,Yes,Yes,Android,12.4,33,92.0,95.3,68.3,1031.22,Premium,937.76,14.28,Student,5.0,88,100.0,60.9,66.3,15,342913.18,10.2,59890,52495800.93,5.98,24,E-commerce Marketplace,Germany,Yes,0
2552,Samsung,4586,1,0.9,0,18,1,32,0.8,136,10,27,821,1712,4096,7,5,13,0,1,Google Tensor,3890,AMOLED,144,1,WiFi 5,5.2,Yes,Yes,Yes,Android,13.0,65,88.2,50.8,79.7,1241.33,Flagship,1115.18,13.71,Student,4.49,1732,82.5,86.2,63.8,0,265420.61,6.84,43327,53783104.91,8.43,24,Online Store,UAE,Yes,0
2553,Realme,6668,1,1.0,0,13,1,64,1.0,99,10,70,1270,2173,12288,9,5,15,0,1,Exynos,5803,OLED,90,1,WiFi 5,5.0,No,Yes,Yes,Android,14.4,18,91.1,62.0,84.5,1835.07,Flagship,1902.62,0.71,Professional,5.0,3176,98.6,100.0,90.7,5,29789.99,2.72,32438,56549700.63,3.2,18,Telecom Partner,Singapore,No,2
2554,Google,6078,1,2.3,1,20,1,32,0.4,121,10,78,2082,1531,3072,10,3,7,1,0,MediaTek Dimensity,4421,OLED,144,1,WiFi 6,5.3,Yes,Yes,Yes,Android,16.9,25,83.4,74.2,80.5,1269.92,Flagship,1069.57,8.04,General User,4.39,1164,91.7,65.7,59.8,10,75921.5,12.76,54593,62395868.3,3.16,24,Online Store,Germany,Yes,1
2555,Oppo,6533,1,1.8,0,29,1,64,0.2,159,4,75,925,570,8192,6,1,7,0,1,MediaTek Dimensity,4376,AMOLED,144,0,WiFi 7,5.4,Yes,Yes,Yes,Android,15.1,18,79.0,76.2,66.9,1371.75,Flagship,1542.37,5.27,Gamer,4.21,1106,92.4,84.2,89.3,15,54891.19,9.09,53480,62357011.5,6.29,12,E-commerce Marketplace,Singapore,Yes,1
2556,Xiaomi,5156,0,1.3,0,11,1,16,0.3,86,10,10,727,1990,6144,6,9,3,1,0,Snapdragon,4556,OLED,60,1,WiFi 5,5.2,No,Yes,Yes,Android,14.4,120,90.6,25.1,93.2,1198.58,Premium,1214.25,6.85,General User,4.9,1650,100.0,88.2,58.2,0,13144.79,4.71,24166,28964884.28,2.0,18,Telecom Partner,UAE,No,1
2557,Xiaomi,6839,1,1.7,0,7,1,512,0.3,187,10,35,542,568,12288,13,2,19,1,0,Snapdragon,6563,Super AMOLED,60,1,WiFi 6,5.4,Yes,Yes,Yes,Android,18.8,120,88.4,37.3,61.6,2170.49,Flagship,1935.74,9.0,Gamer,4.26,2954,82.8,66.6,53.2,15,226318.09,8.67,33495,61795478.17,5.14,18,E-commerce Marketplace,UAE,No,2
2558,Samsung,2926,1,3.3,0,14,1,128,0.8,223,8,38,559,1831,6144,7,2,4,1,0,Snapdragon,4991,AMOLED,120,1,WiFi 6,5.1,Yes,No,Yes,Android,16.5,80,95.9,21.1,86.0,1302.24,Flagship,1527.82,14.29,Student,4.52,3109,90.7,94.8,74.5,5,42290.07,3.14,36791,45515176.25,7.65,12,Retail Store,UK,Yes,0
2559,Xiaomi,4839,1,3.4,1,25,1,128,0.8,168,4,29,1721,522,6144,14,7,17,0,0,Snapdragon,4265,LCD,90,1,WiFi 6,5.4,Yes,No,Yes,Android,14.2,33,85.5,58.7,60.6,1392.27,Flagship,1192.79,3.69,Business User,4.57,2257,85.5,86.9,61.0,5,38911.67,4.14,27052,35780503.64,8.73,18,E-commerce Marketplace,USA,No,1
2560,Motorola,5627,0,0.8,0,8,1,128,0.9,178,10,98,842,511,8192,12,7,12,0,1,Google Tensor,4764,Super AMOLED,144,1,WiFi 6,5.1,Yes,Yes,Yes,Android,12.1,25,85.2,90.6,83.3,1577.32,Flagship,1733.06,13.96,Business User,4.27,1088,98.6,83.6,92.8,0,9076.76,10.7,50817,80154670.44,5.91,36,E-commerce Marketplace,Singapore,Yes,1
2561,Oppo,3234,1,3.2,0,22,1,128,0.2,127,10,47,855,1272,6144,7,8,15,1,0,MediaTek Dimensity,5296,AMOLED,120,1,WiFi 6E,5.3,Yes,Yes,Yes,Android,13.4,65,93.0,74.0,93.0,1454.53,Flagship,1696.71,0.55,Student,4.9,604,92.2,100.0,65.1,15,159403.22,7.83,36136,44676761.67,5.99,24,E-commerce Marketplace,Australia,Yes,0
2562,Google,4805,0,1.7,0,29,1,512,0.5,142,8,50,1008,1861,16384,14,7,9,1,0,MediaTek Dimensity,7909,OLED,60,1,WiFi 7,5.2,No,Yes,Yes,Android,17.1,45,90.6,61.6,100.0,2496.5,Flagship,2219.35,8.61,Student,4.05,3164,81.1,89.2,67.8,10,256162.39,6.32,37869,85085962.65,6.03,12,Online Store,Singapore,Yes,2
2563,Realme,5076,1,2.8,0,23,1,16,1.0,201,8,67,643,1808,8192,18,11,15,0,1,Google Tensor,5878,LCD,60,0,WiFi 5,5.0,Yes,Yes,Yes,Android,12.8,18,94.6,78.4,88.3,1320.8,Flagship,1284.92,4.15,Business User,4.56,3790,100.0,94.9,72.9,15,57760.71,10.11,45748,51360364.64,5.8,24,E-commerce Marketplace,Singapore,Yes,1
2564,Apple,3475,1,2.8,0,21,1,512,0.8,155,10,14,1052,744,16384,12,9,18,1,1,Snapdragon,8629,IPS LCD,60,1,WiFi 6,5.3,Yes,Yes,No,iOS,19.3,45,86.0,48.4,70.7,2500.0,Flagship,2442.14,12.8,Professional,5.0,2209,100.0,100.0,73.5,25,79362.57,6.19,44260,82987500.0,2.82,18,Online Store,UAE,Yes,2
2565,Motorola,4554,0,1.4,0,13,1,128,0.4,204,6,56,514,2141,6144,10,4,11,1,0,Google Tensor,3924,AMOLED,90,1,WiFi 6E,5.4,Yes,No,Yes,Android,17.0,65,89.6,91.5,84.9,1548.6,Flagship,1505.94,9.5,Gamer,5.0,346,89.8,89.3,84.0,0,9290.28,3.41,36111,55921494.6,0.5,18,Online Store,Germany,Yes,0
2566,Realme,3090,0,2.5,1,24,1,128,0.5,187,6,33,680,639,16384,18,2,20,0,1,MediaTek Dimensity,6756,IPS LCD,120,1,WiFi 6E,5.0,No,Yes,Yes,Android,17.5,80,74.9,56.6,89.3,1944.93,Flagship,1711.23,9.7,Gamer,4.69,1157,100.0,96.5,100.0,15,39588.4,1.15,35419,58554354.32,1.95,36,Telecom Partner,India,Yes,2
2567,Realme,5024,1,2.7,0,6,1,256,0.7,220,10,33,1921,2257,6144,5,9,18,0,1,MediaTek Dimensity,4959,AMOLED,90,0,WiFi 6,5.1,No,Yes,No,Android,14.9,33,100.0,47.5,99.4,1569.3,Flagship,1360.38,0.1,Student,4.53,954,100.0,100.0,86.0,0,95695.99,5.92,41358,64903109.4,6.46,18,Online Store,USA,Yes,1
2568,Oppo,4058,0,0.9,0,14,1,64,1.0,130,10,69,1585,647,4096,16,7,3,0,1,Exynos,3769,IPS LCD,144,1,WiFi 6,5.3,Yes,Yes,Yes,Android,17.4,25,96.3,100.0,88.8,1460.08,Flagship,1355.72,8.53,Professional,4.85,15450,95.0,100.0,79.1,0,6279.91,11.16,40290,58826623.2,4.66,36,Online Store,UAE,Yes,0
2569,Oppo,3165,1,1.9,0,4,1,128,0.7,213,6,72,306,1653,6144,18,10,19,0,0,Exynos,4270,IPS LCD,144,1,WiFi 5,5.3,No,Yes,No,Android,18.3,120,87.9,81.4,89.1,1632.27,Flagship,1860.4,7.52,Student,4.57,6077,86.1,83.4,80.5,25,50174.09,2.61,35515,43477551.79,7.51,18,Online Store,UK,Yes,0
2570,Samsung,3586,0,1.4,1,20,1,64,0.4,224,10,60,444,1647,6144,11,6,16,1,0,MediaTek Dimensity,4375,LCD,90,0,WiFi 5,5.4,No,Yes,Yes,Android,16.3,25,85.6,76.3,69.7,1248.14,Flagship,1122.69,12.92,Gamer,4.41,3281,91.4,89.1,69.9,10,225827.88,3.38,34927,39234407.2,8.95,18,Retail Store,Singapore,No,0
2571,OnePlus,6164,0,1.2,1,11,1,128,1.0,161,4,84,1151,1833,16384,9,9,7,1,1,Apple Bionic,6246,OLED,60,1,WiFi 5,5.3,Yes,Yes,Yes,Android,15.0,25,85.2,100.0,78.1,1705.08,Flagship,1789.64,11.06,Business User,5.0,3480,100.0,92.2,63.6,0,115357.61,7.84,46764,79736361.12,6.34,18,Online Store,Australia,Yes,2
2572,Oppo,5364,0,1.1,0,2,1,256,0.7,117,8,24,1494,1380,12288,19,6,9,0,1,MediaTek Dimensity,6272,LCD,90,1,WiFi 6,5.2,Yes,Yes,Yes,Android,14.6,25,98.4,39.9,83.7,2142.19,Flagship,2152.96,6.85,Professional,3.87,1501,90.6,80.5,86.8,0,53680.21,6.09,26116,55945434.04,1.48,24,E-commerce Marketplace,UAE,No,2
2573,Motorola,2967,1,1.4,0,0,1,256,0.7,195,4,26,953,2381,6144,15,9,3,0,1,Exynos,4162,AMOLED,60,1,WiFi 6E,5.0,Yes,Yes,Yes,Android,14.4,33,90.8,81.9,100.0,1586.18,Flagship,1448.95,7.8,Business User,4.85,2808,100.0,91.9,89.0,25,14343.19,7.82,34818,41420711.43,4.93,12,Online Store,Germany,No,0
2574,OnePlus,5648,1,1.9,1,20,1,32,0.5,166,10,52,1685,970,3072,19,6,7,1,0,Apple Bionic,3036,Super AMOLED,120,1,WiFi 6,5.2,Yes,Yes,Yes,Android,14.0,18,89.7,46.2,73.8,979.5,Premium,836.24,10.25,Student,4.39,3463,81.1,76.0,39.6,20,28007.22,4.37,16623,13025782.8,2.25,12,E-commerce Marketplace,UAE,No,1
2575,Motorola,5295,1,1.3,1,13,1,256,0.7,211,8,83,1221,768,4096,16,0,2,0,0,Google Tensor,3466,IPS LCD,90,1,WiFi 6E,5.0,Yes,Yes,Yes,Android,12.4,80,85.7,74.9,65.8,1599.83,Flagship,1387.26,2.32,Gamer,5.0,22085,97.8,100.0,69.5,15,88360.89,4.53,45064,61280528.25,6.37,12,Retail Store,Singapore,Yes,1
2576,Vivo,2502,0,2.9,1,10,1,64,0.1,177,8,103,1968,2139,12288,11,9,11,1,1,Apple Bionic,7419,AMOLED,90,1,WiFi 5,5.3,No,No,Yes,Android,13.1,25,93.4,100.0,99.0,1829.36,Flagship,1870.67,7.23,General User,5.0,553,100.0,90.1,52.1,15,162864.94,6.49,40404,62826442.22,4.19,12,Retail Store,UK,Yes,2
2577,Samsung,3414,1,2.8,0,19,1,32,0.8,218,6,91,212,726,12288,17,5,14,0,0,Apple Bionic,7739,Super AMOLED,60,1,WiFi 5,5.0,Yes,No,No,Android,13.8,25,88.3,76.5,100.0,1588.37,Flagship,1544.98,15.88,Professional,4.49,771,88.1,100.0,74.9,5,32951.06,5.2,31045,46845399.32,3.77,12,Retail Store,UAE,No,2
2578,Google,3082,1,0.9,1,7,1,64,0.2,135,4,42,159,1819,12288,19,8,12,1,0,MediaTek Dimensity,5923,IPS LCD,60,1,WiFi 5,5.0,Yes,Yes,Yes,Android,15.7,25,94.1,57.7,69.1,1532.1,Flagship,1319.75,9.91,Student,3.73,177,84.7,73.7,51.9,0,27922.96,11.07,38754,59375003.4,4.72,12,E-commerce Marketplace,Australia,Yes,2
2579,Apple,3476,0,1.8,1,8,1,64,1.0,131,8,88,1825,1867,8192,7,1,19,1,1,MediaTek Dimensity,5410,IPS LCD,144,1,WiFi 6,5.4,Yes,No,Yes,iOS,19.7,120,75.7,100.0,68.0,2207.07,Flagship,2520.73,15.67,General User,3.96,2406,81.1,78.5,60.8,0,78967.86,3.54,20883,46090242.81,5.02,18,Telecom Partner,USA,No,2
2580,Xiaomi,3071,1,1.1,1,31,1,64,0.9,136,8,28,1061,1867,8192,10,3,14,0,0,Apple Bionic,4645,IPS LCD,144,1,WiFi 6,5.4,Yes,Yes,Yes,Android,16.0,25,90.4,56.9,67.5,1471.66,Flagship,1552.56,6.35,Business User,4.04,248,90.7,87.8,86.3,0,37253.62,7.22,36136,53179905.76,3.7,24,Retail Store,Singapore,Yes,0
2581,Samsung,6536,1,1.2,1,15,1,128,0.7,231,4,60,732,2049,6144,12,8,5,0,1,Exynos,3731,AMOLED,144,1,WiFi 5,5.0,Yes,Yes,Yes,Android,15.3,80,89.4,62.3,69.5,1549.25,Flagship,1706.12,20.04,Professional,3.36,2477,60.6,87.8,52.0,0,23631.08,4.76,41810,64774142.5,1.36,24,Telecom Partner,India,Yes,1
2582,Samsung,6066,1,1.5,0,29,1,256,0.6,97,4,50,347,1133,8192,5,6,5,1,1,Exynos,4675,AMOLED,144,1,WiFi 6,5.4,No,No,Yes,Android,12.7,120,86.5,96.0,76.6,1852.98,Flagship,2039.69,15.3,Professional,4.56,2890,95.5,100.0,72.6,15,27501.98,9.6,35851,56466508.08,2.84,36,E-commerce Marketplace,Australia,Yes,1
2583,Vivo,3888,1,1.7,1,29,1,512,0.7,229,8,53,181,2048,3072,14,5,6,1,0,MediaTek Dimensity,3688,OLED,144,1,WiFi 5,5.2,No,Yes,Yes,Android,14.9,120,86.2,59.9,71.3,1968.35,Flagship,2034.65,13.66,Student,4.85,403,95.5,100.0,68.7,15,67987.4,8.38,47946,80218332.74,2.04,12,Online Store,India,Yes,0
2584,Samsung,6153,1,1.3,0,31,1,128,0.6,104,4,28,1109,1990,6144,9,5,7,1,1,Snapdragon,4222,LCD,120,0,WiFi 5,5.2,Yes,Yes,No,Android,18.0,18,83.2,57.0,86.4,1129.52,Premium,1012.12,8.25,Professional,4.32,1069,84.9,100.0,79.1,5,91564.96,5.83,46003,49363243.13,9.06,12,Online Store,Germany,Yes,1
2585,Realme,6286,0,1.8,0,19,1,128,0.6,162,6,107,469,1991,3072,18,11,12,1,0,Google Tensor,3236,AMOLED,90,1,WiFi 6,5.4,No,Yes,Yes,Android,18.3,33,85.3,87.8,84.7,1177.37,Premium,1161.46,7.33,General User,4.71,519,83.6,65.9,49.4,25,40143.29,5.87,22829,20158634.8,1.58,24,Retail Store,UK,No,1
2586,Google,4266,1,1.0,0,18,1,256,0.4,229,6,91,977,1742,3072,12,6,7,1,0,MediaTek Dimensity,2449,LCD,144,1,WiFi 6E,5.3,No,Yes,Yes,Android,14.3,45,88.9,58.2,43.7,1348.21,Flagship,1550.17,4.24,Student,4.51,3166,94.7,84.2,48.9,10,13598.89,0.6,13311,16151420.98,3.58,36,E-commerce Marketplace,Australia,No,0
2587,Google,2940,1,2.8,0,19,1,128,0.2,82,10,42,1766,656,6144,16,8,2,0,0,Apple Bionic,5935,Super AMOLED,60,0,WiFi 5,5.2,Yes,Yes,Yes,Android,17.7,18,83.7,38.6,79.9,1180.82,Premium,1054.94,8.53,Student,4.21,1263,85.8,74.5,72.4,5,8545.85,7.6,43270,48539377.33,9.24,24,E-commerce Marketplace,India,Yes,0
2588,Google,2877,0,1.6,0,1,1,128,0.5,147,8,100,1877,1301,4096,8,6,12,1,1,Snapdragon,3108,Super AMOLED,60,1,WiFi 5,5.0,Yes,Yes,Yes,Android,14.6,65,92.2,82.3,100.0,1364.38,Flagship,1432.91,1.69,Student,3.95,1891,93.1,98.2,67.7,10,11554.73,7.85,37658,46241839.84,11.26,24,E-commerce Marketplace,USA,Yes,0
2589,OnePlus,6575,1,1.3,0,15,1,128,0.7,103,6,7,263,784,12288,15,1,12,0,1,Snapdragon,5716,IPS LCD,120,1,WiFi 6,5.2,Yes,Yes,Yes,Android,14.4,45,100.0,20.0,85.5,1593.91,Flagship,1317.8,11.41,Gamer,4.14,219,88.0,92.8,71.8,10,87718.51,7.08,41349,59315926.13,0.5,24,E-commerce Marketplace,Australia,Yes,2
2590,Xiaomi,3082,1,1.1,1,27,1,256,0.3,126,10,75,468,2136,16384,9,0,4,0,1,MediaTek Dimensity,8493,OLED,60,0,WiFi 6,5.2,Yes,No,Yes,Android,13.1,65,99.0,84.7,80.7,2328.9,Flagship,2244.62,8.25,Gamer,4.27,3326,91.8,96.1,82.5,0,138170.55,10.07,43527,101370030.3,3.59,24,Retail Store,Singapore,Yes,2
2591,OnePlus,2958,1,2.2,1,26,1,128,0.4,217,6,17,1422,1715,6144,8,11,7,1,1,MediaTek Dimensity,3569,IPS LCD,144,1,WiFi 6E,5.4,Yes,Yes,Yes,Android,18.3,25,88.7,41.1,73.1,1488.68,Flagship,1335.11,5.67,Student,3.42,10597,71.4,66.7,54.1,5,32432.16,11.17,27600,39033189.6,7.18,18,Online Store,India,No,0
2592,Samsung,6311,0,1.8,0,7,1,128,0.4,213,10,27,1802,1603,6144,16,6,3,0,0,Google Tensor,5284,IPS LCD,90,1,WiFi 6E,5.3,Yes,No,Yes,Android,18.2,80,80.3,20.0,80.3,1517.52,Flagship,1383.23,17.71,Professional,3.53,347,74.8,84.0,60.2,0,5137.76,7.33,39061,59275848.72,10.19,18,Telecom Partner,India,Yes,1
2593,Vivo,4061,1,2.7,0,22,1,64,0.6,185,8,102,2016,1979,8192,17,1,8,0,1,Google Tensor,5987,Super AMOLED,60,1,WiFi 5,5.4,Yes,Yes,Yes,Android,15.7,18,75.7,90.3,76.7,1701.4,Flagship,1746.03,2.65,Business User,5.0,6951,98.2,100.0,70.4,0,27808.61,9.14,34054,57939475.6,0.5,18,E-commerce Marketplace,India,No,0
2594,Xiaomi,4439,0,2.2,0,26,1,128,0.9,192,10,63,1635,962,12288,10,11,6,1,0,Snapdragon,6844,IPS LCD,60,1,WiFi 6E,5.3,Yes,Yes,Yes,Android,14.5,25,81.8,86.0,67.1,1504.56,Flagship,1754.39,8.39,General User,4.79,2090,92.1,92.3,71.9,10,25838.55,5.99,29578,40051688.11,0.5,24,Telecom Partner,UK,No,2
2595,OnePlus,3645,1,2.1,1,16,1,256,0.5,106,6,41,1377,1394,6144,11,2,10,0,0,Apple Bionic,3936,AMOLED,144,1,WiFi 6,5.0,Yes,Yes,Yes,Android,15.5,25,86.7,39.7,95.9,1445.41,Flagship,1681.6,6.21,Business User,5.0,4736,88.9,86.2,81.9,10,152245.13,8.1,50592,65813564.45,8.09,12,E-commerce Marketplace,Australia,Yes,0
2596,Samsung,2894,1,2.6,0,18,1,128,0.6,232,8,16,270,1172,8192,13,6,5,0,0,Snapdragon,6037,Super AMOLED,90,1,WiFi 6,5.2,Yes,Yes,No,Android,15.9,80,92.1,33.4,90.4,1583.23,Flagship,1857.24,8.35,Professional,4.91,1146,100.0,100.0,84.4,15,32712.1,8.77,29303,39434380.39,6.76,12,Retail Store,Australia,No,0
2597,Google,2983,1,2.0,0,5,1,64,0.6,107,4,26,1807,1809,3072,9,5,14,0,0,MediaTek Dimensity,2301,IPS LCD,90,1,WiFi 6,5.2,Yes,Yes,Yes,Android,17.2,25,88.3,75.0,81.0,1350.4,Flagship,1494.46,14.7,Business User,5.0,1147,100.0,89.2,69.7,5,58110.62,13.04,52003,66713608.64,5.03,12,Online Store,UK,Yes,0
2598,OnePlus,2601,0,2.4,0,31,1,256,0.4,144,8,10,1523,1544,6144,12,0,8,0,0,Google Tensor,4739,OLED,144,0,WiFi 6E,5.1,Yes,Yes,No,Android,16.1,80,100.0,65.5,77.3,1517.04,Flagship,1254.04,10.13,Gamer,4.13,1454,89.6,84.3,82.0,20,487542.76,5.16,48754,59169414.53,5.38,36,Telecom Partner,Australia,Yes,0
2599,Realme,5238,0,1.8,0,27,1,128,0.8,222,6,104,105,1251,4096,14,0,18,1,0,MediaTek Dimensity,3217,IPS LCD,144,1,WiFi 6E,5.1,No,Yes,Yes,Android,17.9,120,81.3,78.3,70.2,1366.76,Flagship,1210.18,8.48,Student,4.53,851,94.3,95.1,80.5,0,73444.28,6.86,48521,66316561.96,4.71,18,Online Store,India,Yes,1
2600,Xiaomi,4982,1,1.2,1,20,1,256,0.2,145,10,8,124,1431,8192,19,1,6,1,0,Exynos,4815,IPS LCD,60,1,WiFi 6E,5.0,Yes,No,Yes,Android,12.1,45,82.6,77.1,63.3,1574.94,Flagship,1604.89,1.57,Student,4.2,2099,89.5,100.0,82.1,15,50680.67,1.45,27658,37025736.94,1.93,24,E-commerce Marketplace,India,No,1
2601,Realme,6151,1,2.4,1,0,1,256,0.2,154,4,29,1874,609,12288,9,5,18,1,1,Exynos,5973,IPS LCD,60,1,WiFi 6,5.0,No,Yes,Yes,Android,14.7,45,97.4,37.3,78.0,1660.15,Flagship,1629.69,14.08,Gamer,4.7,5722,96.4,81.2,54.4,10,65118.52,7.19,18103,27048325.91,8.59,12,Telecom Partner,Australia,No,2
2602,Realme,6475,0,3.3,1,27,1,256,0.5,183,8,13,189,1246,16384,16,8,12,1,0,Google Tensor,9328,Super AMOLED,90,1,WiFi 5,5.2,Yes,Yes,Yes,Android,13.2,45,90.2,30.3,91.5,2191.71,Flagship,2540.87,2.6,Student,3.95,798,92.4,84.6,75.0,10,126842.39,7.86,39824,78554393.14,5.26,12,Online Store,Australia,Yes,2
2603,OnePlus,3758,0,3.4,1,0,1,32,0.9,181,4,40,1373,1880,8192,12,6,5,1,1,Apple Bionic,5270,Super AMOLED,60,1,WiFi 6E,5.1,Yes,Yes,Yes,Android,12.5,25,92.7,60.6,66.9,1234.49,Flagship,1376.83,5.11,Business User,4.66,5331,89.4,72.2,81.4,0,109649.27,5.99,41324,51014064.76,0.5,36,Retail Store,Singapore,Yes,0
2604,Xiaomi,4512,1,1.9,0,5,1,128,0.2,136,6,27,1415,1042,3072,16,11,3,0,1,Exynos,2520,AMOLED,120,1,WiFi 5,5.1,Yes,No,Yes,Android,13.5,18,76.5,63.8,61.4,1269.01,Flagship,1263.16,0.1,General User,4.29,2240,81.1,92.0,48.3,10,57980.85,3.67,38961,44497708.75,6.7,36,E-commerce Marketplace,UK,Yes,0
2605,Oppo,5397,1,2.0,1,8,1,64,0.3,147,6,90,424,2085,3072,15,8,8,0,1,MediaTek Dimensity,2946,AMOLED,144,0,WiFi 5,5.2,Yes,Yes,Yes,Android,15.8,18,81.8,79.3,67.8,1075.16,Premium,1136.41,9.19,Business User,4.8,482,95.7,100.0,52.0,10,50125.35,8.45,32531,31478426.96,8.05,12,Retail Store,UAE,No,1
2606,OnePlus,6592,1,1.3,1,5,1,128,0.3,199,6,59,225,2312,3072,7,4,10,0,1,Exynos,2602,Super AMOLED,120,0,WiFi 6,5.3,Yes,No,No,Android,16.9,33,90.5,51.8,72.0,963.29,Premium,853.0,3.02,Professional,4.13,874,79.0,100.0,78.1,10,76093.47,3.52,23966,20777587.33,5.45,18,Retail Store,USA,No,1
2607,OnePlus,3630,1,3.1,0,30,1,64,0.6,126,8,79,987,1051,12288,6,0,18,1,0,Exynos,7834,IPS LCD,120,1,WiFi 5,5.3,No,No,Yes,Android,14.1,65,82.8,66.5,78.8,1725.61,Flagship,1578.44,12.61,General User,4.76,4475,88.4,90.2,92.7,20,36643.74,5.62,21280,29376784.64,6.13,18,E-commerce Marketplace,USA,No,2
2608,Realme,6507,1,2.6,0,21,1,32,0.3,231,4,34,815,1768,8192,18,0,18,1,0,MediaTek Dimensity,4985,AMOLED,90,0,WiFi 6E,5.4,Yes,Yes,Yes,Android,12.4,18,97.3,60.9,92.2,1251.15,Flagship,1449.07,0.99,Professional,4.64,12450,94.0,90.2,73.4,0,8477.02,4.72,25906,32412291.9,2.84,24,E-commerce Marketplace,Singapore,No,1
2609,OnePlus,3247,0,2.2,0,13,1,256,0.4,99,4,22,233,888,8192,14,5,3,0,1,Google Tensor,4162,IPS LCD,120,0,WiFi 6E,5.1,Yes,Yes,Yes,Android,16.2,120,92.5,57.8,63.2,1769.68,Flagship,1455.59,8.96,Student,5.0,1762,100.0,100.0,98.1,25,26076.27,4.07,45544,60448729.44,1.75,36,Telecom Partner,UK,Yes,0
2610,OnePlus,3412,1,0.8,0,3,1,128,1.0,122,6,61,1915,1380,12288,12,1,5,0,0,Exynos,6222,Super AMOLED,90,1,WiFi 7,5.2,No,Yes,Yes,Android,15.3,45,85.5,59.5,75.6,1561.7,Flagship,1392.11,8.42,Professional,4.41,414,88.9,57.5,54.0,5,20822.71,8.53,37575,55746833.62,0.5,12,Online Store,UK,Yes,2
2611,OnePlus,3570,0,2.4,1,17,1,512,0.6,171,10,19,988,1233,6144,13,9,20,1,1,Google Tensor,4467,OLED,60,1,WiFi 6,5.1,No,Yes,Yes,Android,18.9,80,77.3,37.9,95.0,1867.83,Flagship,1918.15,1.61,General User,3.8,1427,71.0,84.3,57.7,10,122444.26,6.2,34438,57891896.59,8.72,24,E-commerce Marketplace,Singapore,No,0
2612,Apple,3345,0,2.9,1,1,1,256,0.7,168,6,33,146,1453,8192,18,3,10,1,0,Google Tensor,5515,IPS LCD,90,1,WiFi 6,5.1,Yes,Yes,No,iOS,17.7,18,80.2,58.2,81.2,1933.56,Flagship,2105.14,13.44,Student,5.0,21664,91.1,100.0,60.9,10,26599.5,4.78,33213,57797395.45,0.5,24,Online Store,Australia,No,2
2613,OnePlus,4107,0,1.8,1,27,1,128,0.9,217,6,44,1697,2296,4096,10,7,12,1,1,Snapdragon,4090,LCD,60,1,WiFi 6,5.4,No,Yes,Yes,Android,17.9,18,79.3,33.6,78.9,1324.52,Flagship,1533.49,6.41,General User,3.93,1835,79.2,89.2,69.3,0,51313.24,5.21,32035,42430998.2,6.65,18,E-commerce Marketplace,Singapore,No,0
2614,Vivo,6099,0,2.2,1,18,1,512,0.4,150,6,47,1343,1628,3072,19,3,13,0,1,MediaTek Dimensity,3657,IPS LCD,60,0,WiFi 5,5.1,Yes,Yes,Yes,Android,16.8,120,79.5,37.5,75.9,1779.12,Flagship,1492.71,8.85,Business User,4.28,3319,79.2,100.0,52.9,0,18559.04,5.65,33503,59605857.36,5.57,24,Online Store,Germany,No,1
2615,OnePlus,4628,0,3.1,0,16,1,64,1.0,132,10,49,1138,1352,4096,11,0,20,0,0,Google Tensor,5108,IPS LCD,144,1,WiFi 6,5.0,Yes,Yes,No,Android,15.9,33,84.2,47.2,70.7,1351.21,Flagship,1536.03,12.69,Professional,3.83,1580,77.5,100.0,91.4,0,25096.68,5.62,31385,42407725.85,3.49,12,Telecom Partner,India,No,0
2616,OnePlus,4570,0,1.0,1,17,1,128,0.6,224,8,47,1929,593,6144,7,3,12,0,1,Exynos,4342,IPS LCD,60,1,WiFi 6,5.1,Yes,No,No,Android,12.1,45,89.0,79.6,70.9,1278.48,Flagship,1391.25,6.5,General User,4.66,740,90.1,98.9,64.0,5,37210.84,7.67,33742,40981548.55,1.95,36,Telecom Partner,UAE,No,0
2617,Realme,4206,1,1.4,0,4,1,64,0.1,115,4,66,1034,1539,2048,19,9,4,1,0,Exynos,1746,OLED,60,1,WiFi 7,5.0,No,No,Yes,Android,16.2,18,100.0,74.0,78.4,807.73,Premium,780.61,6.4,Gamer,5.0,1472,96.4,92.3,84.7,15,175689.78,4.24,56347,38686187.96,5.1,36,E-commerce Marketplace,UK,Yes,0
2618,Vivo,5284,0,2.0,0,7,1,128,0.8,190,8,50,1033,1073,12288,13,9,7,0,0,Apple Bionic,7059,AMOLED,144,1,WiFi 6,5.4,Yes,No,Yes,Android,15.3,18,77.4,71.5,90.4,2126.12,Flagship,2487.08,17.03,Gamer,3.61,469,60.8,85.1,78.4,15,83122.57,4.31,30119,54431117.04,0.5,36,Retail Store,India,No,2
2619,Vivo,5254,1,1.6,0,28,1,512,1.0,200,4,99,803,1723,8192,15,7,14,1,1,Apple Bionic,3647,OLED,90,0,WiFi 5,5.0,Yes,Yes,No,Android,15.7,33,75.7,88.8,100.0,1980.85,Flagship,1912.77,10.02,General User,4.71,109,92.3,100.0,92.7,0,223394.36,5.45,55892,110713668.2,2.57,24,Online Store,India,Yes,2
2620,Google,4813,0,1.5,0,7,1,256,0.3,95,6,101,1064,2281,4096,15,2,6,1,1,Apple Bionic,3377,LCD,120,1,WiFi 6,5.4,Yes,No,Yes,Android,14.8,45,87.3,97.2,95.0,1759.28,Flagship,1833.06,13.29,Gamer,5.0,419,100.0,94.2,81.8,5,57805.94,0.1,18494,30909318.1,3.36,18,Online Store,Germany,No,1
2621,Apple,3832,1,2.4,1,14,1,256,1.0,240,8,106,603,877,6144,9,3,11,1,0,Snapdragon,4427,AMOLED,120,1,WiFi 5,5.1,No,Yes,No,iOS,18.8,18,86.4,84.8,75.5,2362.53,Flagship,1994.09,10.0,General User,5.0,1440,100.0,91.2,82.5,20,95359.33,4.71,29646,56031651.5,11.39,12,Telecom Partner,Germany,No,2
2622,Realme,5734,1,3.0,1,28,1,64,0.5,216,10,92,668,1552,4096,18,3,15,0,1,Exynos,4334,AMOLED,90,1,WiFi 6,5.2,No,Yes,Yes,Android,12.2,25,93.8,96.9,92.1,1232.24,Flagship,1031.4,12.46,Gamer,4.66,3529,95.5,71.5,69.7,15,33151.16,9.43,32723,34274201.09,5.63,12,Retail Store,UAE,No,1
2623,Xiaomi,3232,0,1.8,1,19,1,64,0.7,112,6,84,1236,1292,6144,7,7,15,0,0,MediaTek Dimensity,3800,AMOLED,60,0,WiFi 7,5.4,Yes,Yes,Yes,Android,12.8,65,73.8,87.7,82.7,1349.39,Flagship,1333.72,10.1,Professional,4.2,3571,74.0,87.0,60.9,0,42493.24,5.69,22216,29978048.24,0.5,24,Online Store,UK,No,0
2624,Motorola,4843,1,1.0,0,17,1,128,0.8,175,8,74,1591,891,8192,13,5,5,0,0,Google Tensor,5138,OLED,144,1,WiFi 5,5.3,No,Yes,Yes,Android,16.9,120,83.6,68.7,97.1,1845.35,Flagship,1940.79,4.88,Professional,4.55,574,87.4,83.7,62.5,10,11698.18,2.34,23565,39137105.48,5.86,18,Telecom Partner,USA,No,2
2625,Oppo,6578,0,1.5,0,17,1,512,0.3,166,8,72,134,1737,12288,9,6,4,0,1,Exynos,6556,LCD,60,1,WiFi 6E,5.0,Yes,Yes,Yes,Android,17.1,45,78.3,69.9,64.2,2085.65,Flagship,2041.39,6.93,Student,4.77,31994,95.4,91.6,52.0,10,89232.38,5.46,23767,44612679.2,6.25,24,Online Store,India,No,2
2626,Apple,4182,1,1.5,0,31,1,32,0.6,176,10,41,1260,2248,2048,8,3,13,1,0,MediaTek Dimensity,3207,OLED,60,1,WiFi 5,5.2,No,No,Yes,iOS,18.8,120,72.7,85.8,90.7,1528.53,Flagship,1259.95,12.6,General User,4.12,664,88.2,100.0,85.6,15,31986.88,3.16,34609,44965760.55,8.75,24,Retail Store,Germany,No,0
2627,OnePlus,2837,0,2.5,1,19,1,128,0.6,108,8,78,1894,710,6144,11,3,16,0,0,Google Tensor,5823,IPS LCD,60,1,WiFi 6,5.2,No,Yes,Yes,Android,18.5,120,90.8,59.4,75.3,1482.08,Flagship,1457.72,7.49,Professional,4.63,1007,100.0,100.0,81.8,20,35429.68,4.22,29601,35096840.06,10.58,36,Retail Store,Australia,No,0
2628,Vivo,6598,0,2.6,1,14,0,256,1.0,86,6,96,1922,824,8192,14,6,16,0,1,Exynos,5177,Super AMOLED,120,1,WiFi 6,5.1,Yes,Yes,Yes,Android,17.1,65,92.9,69.4,80.9,1745.88,Flagship,1531.48,4.01,Gamer,4.25,477,90.5,100.0,96.4,10,16514.69,6.81,23727,37282045.28,2.68,12,Telecom Partner,Australia,No,1
2629,Xiaomi,5730,1,2.1,1,6,1,128,0.2,184,10,85,1524,1432,12288,16,6,13,0,1,Exynos,6571,IPS LCD,120,1,WiFi 7,5.0,No,Yes,Yes,Android,16.6,120,96.4,67.6,71.7,1859.01,Flagship,1771.02,4.29,Business User,4.77,312,88.4,93.5,56.2,5,74715.5,12.44,36508,64475300.23,1.33,24,Telecom Partner,UAE,Yes,2
2630,Xiaomi,4165,1,1.9,1,29,1,128,1.0,105,8,26,770,1773,4096,14,11,8,0,1,Snapdragon,3870,Super AMOLED,120,1,WiFi 6E,5.2,Yes,No,Yes,Android,14.8,33,86.6,47.5,100.0,1334.87,Flagship,1379.26,7.41,Professional,5.0,8368,97.6,98.5,72.6,10,46432.49,9.46,48152,57848994.22,8.97,12,E-commerce Marketplace,Singapore,Yes,0
2631,Samsung,5129,1,1.2,0,16,1,128,0.2,175,10,37,2193,1408,4096,10,8,16,1,0,MediaTek Dimensity,4161,LCD,144,1,WiFi 6E,5.1,No,No,Yes,Android,12.4,45,85.3,44.5,62.1,1326.8,Flagship,1151.3,13.19,Professional,3.85,1289,74.2,91.2,57.9,0,34842.58,0.1,29893,39662032.4,4.06,24,Online Store,India,No,1
2632,Samsung,2823,0,1.6,0,12,1,32,0.4,211,10,59,1112,2167,16384,7,10,18,1,0,Exynos,8187,Super AMOLED,144,1,WiFi 5,5.0,No,Yes,Yes,Android,18.4,45,92.9,82.4,72.2,1892.77,Flagship,1807.44,16.47,General User,4.74,768,98.5,92.4,71.9,0,57462.2,5.16,45007,85187899.39,3.07,36,Online Store,Singapore,Yes,2
2633,Realme,4915,1,1.2,0,5,1,512,0.3,156,8,75,1790,1931,8192,9,6,3,0,0,Google Tensor,5201,AMOLED,60,1,WiFi 6,5.2,No,Yes,No,Android,17.3,33,85.1,62.1,74.6,1848.16,Flagship,1708.07,3.7,Professional,4.0,185,69.5,82.4,67.6,10,30363.12,8.93,30620,50931593.28,3.92,36,Telecom Partner,India,No,2
2634,Motorola,3575,0,2.3,1,1,1,128,0.5,125,4,46,988,1300,12288,7,2,11,0,1,Apple Bionic,5972,LCD,120,1,WiFi 5,5.1,No,No,Yes,Android,12.5,80,86.4,78.1,74.4,1821.31,Flagship,1588.99,10.45,Gamer,4.59,977,98.2,91.4,63.0,25,37341.15,3.35,27742,37895086.52,5.45,24,E-commerce Marketplace,Australia,No,2
2635,Motorola,2955,0,2.5,0,3,1,32,0.2,131,8,30,526,2292,4096,10,6,2,0,0,Exynos,3688,OLED,90,1,WiFi 6,5.4,Yes,Yes,No,Android,14.7,120,100.0,59.8,81.4,1237.0,Flagship,1389.47,10.53,General User,3.99,3034,92.9,100.0,65.0,5,25427.55,1.63,23187,27248203.05,1.3,12,Online Store,Germany,No,0
2636,Realme,5177,1,0.9,0,25,1,64,0.3,189,4,44,1705,1808,6144,8,2,8,0,0,Apple Bionic,3911,AMOLED,144,1,WiFi 5,5.4,Yes,Yes,Yes,Android,12.2,80,86.2,57.9,93.4,1403.85,Flagship,1357.69,8.76,Student,4.64,2460,100.0,85.3,94.8,0,60925.43,9.41,46367,65092312.95,0.99,36,Online Store,Germany,Yes,1
2637,Realme,2636,0,1.6,0,25,1,128,0.3,204,10,71,1975,2262,8192,16,0,6,1,0,Google Tensor,5559,IPS LCD,120,1,WiFi 6,5.3,Yes,Yes,Yes,Android,13.4,18,85.8,56.9,57.3,1281.61,Flagship,1245.62,2.19,Student,4.3,149,87.2,77.7,73.0,0,135727.44,8.24,41415,53077878.15,5.96,12,Retail Store,Singapore,Yes,0
2638,Realme,3626,1,2.3,1,32,1,256,0.3,214,8,72,2107,1189,3072,7,5,20,0,1,Google Tensor,3431,AMOLED,90,1,WiFi 6,5.3,Yes,Yes,Yes,Android,16.9,18,93.4,100.0,93.6,1586.58,Flagship,1402.79,8.48,Student,4.93,256,100.0,100.0,79.7,20,25299.95,3.79,35926,45599578.46,1.93,18,E-commerce Marketplace,Singapore,Yes,0
2639,Apple,4149,1,0.8,0,17,1,128,0.4,144,6,28,1395,562,8192,17,5,19,0,1,Google Tensor,3872,IPS LCD,144,0,WiFi 5,5.0,Yes,Yes,Yes,iOS,17.8,45,86.7,67.0,90.7,2107.52,Flagship,2004.66,23.6,General User,4.7,5915,96.7,100.0,75.9,0,32407.82,4.59,20822,43882781.44,5.17,12,E-commerce Marketplace,Australia,No,2
2640,Vivo,2556,1,1.7,0,5,1,128,0.9,204,10,93,2104,1969,12288,12,9,15,0,1,Apple Bionic,6562,LCD,60,0,WiFi 6,5.4,No,Yes,Yes,Android,12.8,65,86.8,89.0,83.5,1731.13,Flagship,1539.49,11.3,General User,4.57,1079,82.8,100.0,86.9,0,63409.83,5.16,36474,63141235.62,8.81,12,Online Store,India,Yes,2
2641,Vivo,6944,1,1.6,1,7,1,512,0.5,150,6,57,206,1770,12288,16,7,14,0,1,Google Tensor,5854,IPS LCD,144,0,WiFi 5,5.1,No,No,Yes,Android,12.7,120,83.0,70.9,63.5,2250.54,Flagship,1950.32,9.28,Gamer,4.26,840,85.9,86.9,55.5,20,121802.03,10.1,43557,78421416.62,1.91,36,Retail Store,Singapore,Yes,2
2642,Apple,3273,1,3.3,1,26,1,32,0.3,186,4,86,1728,1185,12288,7,1,11,1,0,Snapdragon,6888,IPS LCD,144,1,WiFi 6,5.3,No,Yes,Yes,iOS,16.0,18,79.7,100.0,85.6,2212.69,Flagship,1831.12,12.2,Professional,5.0,1510,100.0,100.0,96.5,0,107058.95,10.25,53716,118856856.0,2.07,36,Telecom Partner,UAE,Yes,2
2643,Google,3716,1,2.4,1,14,1,128,0.1,187,10,67,1259,1191,16384,9,2,13,1,1,Snapdragon,8451,IPS LCD,144,1,WiFi 6,5.4,No,Yes,Yes,Android,13.7,33,90.0,61.7,74.8,1970.15,Flagship,1780.79,4.89,Student,5.0,13797,100.0,93.5,91.2,0,18742.89,11.2,40000,78806000.0,3.18,36,Telecom Partner,UAE,Yes,2
2644,Google,5125,0,2.4,0,27,1,64,0.8,139,4,94,541,1506,12288,12,6,9,0,1,Apple Bionic,5708,Super AMOLED,90,1,WiFi 6,5.3,Yes,Yes,Yes,Android,12.3,45,100.0,83.4,90.1,1684.33,Flagship,1753.98,10.29,Student,4.7,11685,99.0,88.6,68.0,5,61957.75,6.23,42404,67851212.85,5.23,12,Retail Store,Australia,Yes,2
2645,Xiaomi,4695,0,1.3,1,16,1,256,0.8,95,4,9,1913,572,12288,14,0,9,1,1,Google Tensor,5704,IPS LCD,120,0,WiFi 6E,5.4,Yes,Yes,Yes,Android,13.0,33,72.6,38.9,86.8,1794.91,Flagship,1801.42,13.58,Business User,3.77,827,85.0,100.0,67.7,20,73000.32,8.68,42039,60364977.19,1.26,12,Online Store,Germany,Yes,2
2646,Oppo,5172,0,1.3,0,10,1,64,0.9,147,4,96,2031,1564,12288,18,8,12,1,1,Google Tensor,5890,IPS LCD,60,0,WiFi 6,5.3,Yes,Yes,Yes,Android,15.2,45,75.2,100.0,78.2,1786.17,Flagship,1647.86,3.11,Gamer,5.0,1065,97.0,92.2,80.8,10,112880.07,6.52,32196,51756776.39,7.69,24,Online Store,USA,No,2
2647,Vivo,6435,0,3.1,1,7,1,256,0.4,231,4,36,889,1442,8192,16,0,12,0,1,Snapdragon,5212,OLED,120,1,WiFi 5,5.2,Yes,Yes,Yes,Android,18.3,80,71.2,56.6,89.4,1849.96,Flagship,2107.92,14.08,Gamer,4.35,192,90.4,86.8,91.6,25,15073.24,4.84,31829,44161782.63,5.31,18,E-commerce Marketplace,Germany,No,1
2648,Samsung,4426,0,3.0,0,13,1,256,0.9,111,4,31,1717,1408,3072,17,9,14,1,0,MediaTek Dimensity,2989,LCD,90,1,WiFi 6E,5.0,No,Yes,Yes,Android,16.4,18,95.0,56.3,66.7,1302.71,Flagship,1094.96,22.03,Business User,4.5,1722,92.9,97.7,71.0,15,58408.77,6.35,37623,41660079.58,5.07,12,E-commerce Marketplace,Germany,Yes,0
2649,Motorola,6192,0,1.1,1,26,1,128,0.2,124,6,38,1702,1667,4096,14,4,3,0,1,Exynos,2991,AMOLED,60,1,WiFi 6,5.3,Yes,Yes,Yes,Android,13.2,45,81.5,64.9,69.5,1151.8,Premium,978.52,10.98,General User,4.71,3586,100.0,94.4,77.2,25,62118.68,7.7,24389,21068437.65,9.41,12,Retail Store,USA,No,1
2650,Realme,4591,1,2.8,1,19,1,128,0.3,82,6,13,510,1580,8192,15,6,15,0,0,Apple Bionic,5232,AMOLED,144,1,WiFi 6E,5.2,No,Yes,No,Android,15.5,45,86.5,38.2,82.5,1737.13,Flagship,1891.67,8.59,Business User,4.49,1732,100.0,95.5,99.9,20,84373.75,4.05,40808,56711040.83,2.31,18,E-commerce Marketplace,Singapore,Yes,2
2651,Apple,5002,0,1.8,0,20,1,512,0.3,175,8,84,391,1198,2048,13,4,5,0,0,Snapdragon,3246,OLED,60,1,WiFi 6,5.2,Yes,Yes,Yes,iOS,19.3,65,93.0,98.2,75.5,2183.11,Flagship,2367.7,16.59,Student,5.0,1461,98.3,100.0,79.1,0,264739.27,8.39,54441,118850691.5,0.5,24,Online Store,USA,Yes,1
2652,Google,6752,0,2.8,0,26,1,512,0.5,185,8,67,1727,770,8192,18,2,6,1,0,MediaTek Dimensity,5088,Super AMOLED,60,1,WiFi 6,5.1,Yes,Yes,Yes,Android,18.8,80,86.8,73.9,82.3,2015.85,Flagship,2289.34,10.54,General User,4.74,249,94.0,99.6,74.4,20,51752.97,9.83,36680,59153102.4,5.23,12,Online Store,UK,Yes,2
2653,Vivo,3867,0,1.9,1,18,1,32,0.6,162,4,37,1855,1411,2048,18,2,15,0,1,Google Tensor,3252,LCD,144,0,WiFi 5,5.0,Yes,Yes,Yes,Android,15.3,45,93.6,57.9,79.7,993.06,Premium,874.48,6.19,Gamer,4.03,731,89.2,91.3,84.9,10,80414.81,8.27,37169,33219942.43,7.41,12,Online Store,UK,Yes,0
2654,OnePlus,5014,1,1.8,0,28,1,256,0.7,195,10,96,307,1033,4096,15,11,13,1,0,MediaTek Dimensity,4868,Super AMOLED,60,1,WiFi 5,5.2,Yes,Yes,No,Android,14.2,33,93.8,73.0,73.6,1213.19,Flagship,1025.38,1.86,General User,4.57,1667,90.5,84.3,87.2,5,27849.98,1.38,22233,25624210.61,5.57,24,Online Store,UK,No,1
2655,Oppo,4341,0,3.1,0,4,1,256,1.0,135,4,35,661,1662,8192,11,10,20,1,1,Exynos,4905,LCD,144,1,WiFi 6,5.2,Yes,No,Yes,Android,14.7,25,96.7,85.0,56.8,1788.53,Flagship,1951.94,12.74,General User,3.35,4225,65.2,80.2,60.9,10,26555.07,2.52,23893,38460012.56,7.03,12,Retail Store,Australia,No,2
2656,OnePlus,2872,0,2.6,0,10,1,512,0.6,235,8,41,523,2383,8192,8,9,15,0,1,Snapdragon,5540,AMOLED,144,0,WiFi 6,5.2,Yes,Yes,No,Android,13.2,80,83.0,68.2,72.8,2078.39,Flagship,1924.66,6.6,Professional,5.0,493,100.0,74.4,92.0,10,23303.18,6.72,45271,84681714.32,0.5,12,Telecom Partner,UK,Yes,2
2657,Vivo,5001,0,2.5,1,26,1,64,0.8,102,4,77,282,1881,12288,9,5,10,1,1,MediaTek Dimensity,6290,IPS LCD,60,1,WiFi 6,5.2,No,Yes,Yes,Android,12.9,18,92.7,83.0,81.1,1585.39,Flagship,1727.77,12.43,Student,4.49,856,100.0,100.0,60.2,10,122381.19,9.07,47486,67755446.59,2.76,12,E-commerce Marketplace,Australia,Yes,2
2658,Apple,6965,1,3.2,1,8,1,256,0.5,135,6,45,1675,1109,6144,16,8,6,0,1,MediaTek Dimensity,5520,AMOLED,60,1,WiFi 6,5.3,No,No,Yes,iOS,19.2,33,85.3,61.6,89.1,2114.45,Flagship,2236.83,11.99,Student,4.43,2359,91.5,93.4,77.7,15,22507.37,9.41,32244,57951576.93,4.25,24,Online Store,USA,No,1
2659,Apple,6187,0,2.0,0,0,1,256,0.6,112,10,108,1849,831,12288,10,3,8,1,0,Google Tensor,7373,AMOLED,60,1,WiFi 6,5.1,Yes,Yes,Yes,iOS,18.4,120,82.8,100.0,84.4,2423.72,Flagship,2749.45,14.61,General User,4.28,495,93.0,89.4,85.1,15,33519.04,13.9,29013,59771480.11,5.48,36,Telecom Partner,UAE,No,2
2660,Vivo,6490,1,2.4,0,6,0,128,0.8,233,8,86,1536,2364,8192,18,3,19,0,0,Exynos,5648,LCD,144,0,WiFi 5,5.2,Yes,No,Yes,Android,15.7,45,79.9,72.0,66.0,1302.37,Flagship,1161.32,8.22,Professional,4.87,7262,100.0,66.6,82.0,20,39187.54,4.22,30553,31833048.49,6.4,18,Telecom Partner,UAE,No,1
2661,Samsung,2963,1,3.1,0,5,1,128,0.3,118,4,46,290,2027,8192,14,11,20,0,0,Exynos,5865,Super AMOLED,120,1,WiFi 6E,5.4,No,Yes,No,Android,12.6,18,83.0,56.9,87.1,1472.46,Flagship,1539.75,13.16,Student,3.79,1751,82.2,100.0,72.2,5,42413.99,1.98,31034,43411507.46,9.91,36,Retail Store,Singapore,No,0
2662,Xiaomi,6082,1,1.4,0,4,1,256,0.9,130,10,49,379,944,8192,12,0,9,0,0,MediaTek Dimensity,4960,AMOLED,144,1,WiFi 6E,5.4,Yes,No,Yes,Android,16.3,120,84.2,57.0,66.4,1843.97,Flagship,1646.26,8.38,Professional,4.7,1132,91.3,74.5,62.9,20,108294.37,6.57,29598,43662259.25,4.86,36,Telecom Partner,Singapore,No,1
2663,Google,4746,0,2.1,1,16,1,128,0.3,235,10,40,289,546,6144,7,10,16,0,0,Google Tensor,5066,LCD,120,1,WiFi 6,5.4,No,Yes,Yes,Android,16.8,65,94.0,56.3,77.7,1482.03,Flagship,1217.75,3.55,Student,4.13,579,81.2,83.2,60.3,0,86049.64,3.54,28074,41606510.22,5.34,24,Online Store,USA,No,0
2664,Google,4676,1,1.1,1,25,1,512,0.6,81,4,38,2090,1271,3072,19,7,4,0,1,Apple Bionic,2076,IPS LCD,60,1,WiFi 5,5.0,Yes,No,No,Android,12.1,65,97.8,48.4,79.2,1901.54,Flagship,2026.09,5.42,Student,4.0,371,76.0,100.0,58.5,0,107659.32,7.21,48149,91557249.46,0.5,36,Online Store,Singapore,Yes,0
2665,Samsung,3150,0,3.4,1,14,1,256,0.5,234,4,57,203,2384,8192,12,0,12,0,1,Snapdragon,4922,IPS LCD,120,1,WiFi 6E,5.4,No,Yes,Yes,Android,17.5,45,83.4,82.6,58.9,1615.41,Flagship,1338.32,14.42,Professional,3.87,5189,73.9,72.5,72.6,10,46083.83,7.28,39418,57308608.24,9.87,24,Telecom Partner,UAE,Yes,0
2666,Apple,6133,1,1.1,1,16,1,256,0.7,164,10,45,2061,2231,8192,15,9,20,0,1,Google Tensor,5676,AMOLED,120,1,WiFi 6E,5.0,Yes,No,Yes,iOS,17.7,65,86.2,27.6,95.9,2285.5,Flagship,2469.42,10.98,Professional,4.43,590,83.6,95.0,63.2,5,30120.79,6.35,26816,58223569.6,5.4,36,Retail Store,Germany,No,2
2667,Realme,3581,1,1.6,0,18,1,128,0.9,127,4,66,1393,846,12288,12,3,2,1,1,Exynos,5810,IPS LCD,144,1,WiFi 6,5.3,Yes,Yes,Yes,Android,14.5,120,85.9,40.9,70.5,1618.59,Flagship,1832.23,9.06,Gamer,4.12,2564,86.3,74.3,90.0,5,58933.3,3.9,36898,56736597.13,6.42,12,Telecom Partner,India,Yes,2
2668,OnePlus,4360,1,1.2,0,8,1,256,0.8,174,10,55,1207,1266,8192,9,0,10,1,1,Snapdragon,6003,AMOLED,144,1,WiFi 6,5.2,No,Yes,Yes,Android,15.3,33,85.5,92.6,77.2,1865.29,Flagship,2149.6,1.36,Business User,5.0,2676,95.8,63.7,59.2,15,175381.42,8.36,42861,67955965.49,7.18,12,Telecom Partner,UK,Yes,2
2669,Motorola,4430,0,3.0,0,29,1,512,0.9,179,10,25,1191,614,6144,13,9,7,1,1,Apple Bionic,5394,Super AMOLED,120,1,WiFi 6,5.3,No,Yes,Yes,Android,18.8,25,98.0,58.7,90.7,1967.27,Flagship,2194.38,7.41,Student,4.5,4418,84.1,79.1,84.8,15,241954.41,7.58,46944,78498794.45,5.29,36,Retail Store,Germany,Yes,2
2670,OnePlus,5567,0,1.3,0,29,1,32,0.1,125,6,89,723,1835,6144,18,0,4,0,1,Apple Bionic,3801,IPS LCD,144,1,WiFi 6,5.3,Yes,Yes,Yes,Android,18.1,25,97.2,95.8,74.9,1210.57,Flagship,1382.14,0.1,Professional,4.66,1228,96.1,96.5,61.5,0,15735.31,8.18,35344,42786386.08,4.98,18,Telecom Partner,Germany,Yes,1
2671,Oppo,4528,0,3.3,1,8,1,64,0.2,157,10,54,1749,720,2048,9,4,14,0,1,Snapdragon,4742,Super AMOLED,144,1,WiFi 5,5.2,Yes,Yes,Yes,Android,17.1,120,95.9,65.4,87.5,1375.11,Flagship,1247.49,0.55,General User,4.68,1876,94.0,100.0,90.0,0,130878.22,10.3,54638,75133260.18,5.12,12,Retail Store,India,Yes,0
2672,Vivo,5141,1,1.4,0,12,1,128,0.1,82,10,45,2172,597,4096,18,2,12,1,0,Snapdragon,4250,Super AMOLED,120,1,WiFi 6E,5.1,Yes,Yes,No,Android,17.2,120,95.4,59.3,82.8,1501.44,Flagship,1274.37,6.27,Professional,4.43,257,86.7,93.5,64.3,0,36535.42,8.1,33064,49643612.16,6.96,36,Retail Store,USA,No,1
2673,OnePlus,5007,0,2.3,1,0,1,512,0.5,153,4,73,1008,1129,3072,10,11,20,0,0,Exynos,3119,AMOLED,60,1,WiFi 6,5.2,Yes,Yes,No,Android,14.8,45,91.7,74.6,62.9,1843.33,Flagship,1763.89,1.0,Business User,4.7,1710,93.3,85.6,55.3,5,29107.13,7.89,30585,53559335.65,0.5,24,Telecom Partner,India,No,1
2674,Apple,5404,0,0.9,1,25,1,512,0.5,106,8,19,204,619,3072,18,10,8,1,1,Exynos,2316,LCD,120,0,WiFi 6,5.4,No,Yes,Yes,iOS,18.1,120,81.5,35.5,89.2,2184.01,Flagship,1867.67,19.43,Gamer,4.78,477,94.8,97.5,86.6,25,5499.81,3.18,39143,64116527.57,7.15,36,E-commerce Marketplace,India,Yes,1
2675,Apple,2515,0,1.6,0,30,1,128,0.8,176,10,79,1184,1968,4096,17,5,7,1,0,Snapdragon,4290,AMOLED,144,1,WiFi 6,5.4,Yes,Yes,No,iOS,18.4,25,84.4,100.0,84.8,2068.48,Flagship,1748.4,19.46,Student,5.0,5984,100.0,100.0,65.4,10,20417.36,8.49,39115,72817735.68,7.1,36,Online Store,UAE,Yes,0
2676,Google,4233,1,2.6,1,10,1,128,0.4,99,8,26,1028,1877,3072,16,11,20,1,0,Google Tensor,3291,OLED,144,1,WiFi 6,5.3,No,Yes,Yes,Android,18.6,18,85.1,34.6,96.9,1422.61,Flagship,1534.0,5.88,General User,4.29,731,87.6,100.0,66.2,25,48449.75,6.58,23339,24901721.09,0.5,24,Telecom Partner,UK,No,0
2677,Realme,3074,1,2.9,1,4,1,128,0.5,106,10,105,679,556,16384,17,9,14,0,0,MediaTek Dimensity,8373,LCD,60,0,WiFi 6E,5.3,No,Yes,Yes,Android,13.1,18,87.6,97.3,92.5,1858.33,Flagship,1583.32,4.23,General User,5.0,3046,100.0,69.4,73.9,5,44827.06,6.79,28735,50729156.92,1.53,18,E-commerce Marketplace,UK,No,2
2678,Motorola,4601,1,1.5,0,12,1,256,0.5,119,10,10,748,1455,8192,5,3,13,0,0,Apple Bionic,5484,LCD,60,1,WiFi 6,5.2,Yes,Yes,Yes,Android,15.9,18,99.6,62.6,82.9,1609.37,Flagship,1599.45,1.74,General User,4.52,18412,93.1,78.9,79.6,25,55309.52,4.74,28953,34947067.21,8.67,24,Retail Store,India,No,0
2679,Xiaomi,3115,0,1.2,1,7,1,256,0.7,108,6,60,452,704,4096,9,1,5,0,0,Exynos,2592,LCD,60,1,WiFi 6E,5.4,No,Yes,No,Android,17.0,33,91.8,56.6,77.9,1219.81,Flagship,1344.67,1.67,General User,4.25,549,80.0,81.9,66.4,5,10952.0,6.96,36397,42177553.34,0.5,12,Telecom Partner,India,Yes,0
2680,Oppo,5212,0,1.3,0,5,1,512,0.5,135,6,35,2104,1375,8192,12,2,5,0,0,MediaTek Dimensity,4657,LCD,120,1,WiFi 6E,5.0,No,Yes,Yes,Android,18.8,25,84.8,52.3,70.6,1888.14,Flagship,1720.84,1.13,Gamer,4.64,1681,92.3,92.0,70.3,0,9842.06,5.81,37279,70387971.06,4.92,36,Retail Store,Singapore,Yes,2
2681,Vivo,6585,1,0.9,1,29,1,512,0.7,91,8,98,587,668,8192,17,5,14,1,0,Google Tensor,4838,LCD,120,1,WiFi 5,5.1,No,Yes,Yes,Android,17.9,120,84.5,88.2,79.9,2256.04,Flagship,1961.29,8.25,Student,4.88,3352,90.8,100.0,62.4,5,72402.7,3.95,30921,66271062.2,5.87,18,Online Store,UK,No,2
2682,OnePlus,3959,1,3.0,1,9,0,256,0.5,160,10,51,223,1662,2048,5,1,17,0,1,Exynos,3759,Super AMOLED,120,1,WiFi 6E,5.0,Yes,No,Yes,Android,13.9,80,83.1,48.0,72.9,1446.41,Flagship,1546.97,3.33,Business User,4.43,1348,86.0,88.9,76.3,25,119682.29,2.72,25331,27479258.78,0.5,12,Retail Store,Australia,No,0
2683,OnePlus,6986,0,3.4,1,23,1,64,1.0,98,8,56,1779,1077,3072,12,4,5,1,1,Apple Bionic,4202,Super AMOLED,120,1,WiFi 6E,5.1,No,Yes,Yes,Android,12.8,25,86.5,68.4,83.3,1253.07,Flagship,1449.59,7.18,Business User,4.7,5058,93.6,85.4,62.6,10,26441.82,6.02,42018,47386345.73,7.26,24,E-commerce Marketplace,India,Yes,1
2684,Oppo,5563,1,1.0,0,14,1,256,0.5,92,4,26,1430,837,6144,19,0,9,0,0,Google Tensor,3143,LCD,60,0,WiFi 7,5.0,No,Yes,Yes,Android,12.4,65,87.5,64.3,73.9,1442.26,Flagship,1547.22,5.49,Gamer,5.0,873,96.7,56.1,67.6,20,23116.39,0.28,16068,18539386.94,8.4,18,Telecom Partner,UK,No,1
2685,Google,3786,1,1.1,1,1,1,128,0.3,130,10,62,656,2122,12288,18,9,8,0,1,Google Tensor,5955,Super AMOLED,60,1,WiFi 6E,5.4,Yes,Yes,Yes,Android,13.3,18,83.9,62.9,72.2,1599.71,Flagship,1860.66,11.73,Gamer,3.97,362,77.2,98.0,60.6,0,72266.89,6.86,33483,53563089.93,1.27,36,Telecom Partner,Germany,No,2
2686,Oppo,5931,1,2.8,1,28,1,128,0.7,177,8,6,1363,1931,16384,16,1,2,1,0,Exynos,8016,OLED,120,0,WiFi 5,5.3,Yes,Yes,No,Android,18.9,120,79.9,43.5,92.7,1752.1,Flagship,1831.11,7.2,Student,3.21,345,63.1,78.8,53.9,15,86232.02,3.42,28098,41845929.93,2.6,24,E-commerce Marketplace,Australia,No,2
2687,Xiaomi,4997,0,1.5,0,11,1,128,0.6,83,8,54,669,1785,6144,19,9,10,1,0,Apple Bionic,4308,OLED,120,1,WiFi 6,5.0,Yes,Yes,Yes,Android,16.5,33,90.1,86.6,71.6,1445.41,Flagship,1263.68,6.72,Business User,5.0,2954,95.7,79.1,62.5,15,20051.83,5.29,45149,55469993.68,7.41,24,E-commerce Marketplace,UK,Yes,1
2688,Realme,2522,0,1.0,1,29,1,128,0.2,211,8,5,1422,958,4096,13,11,8,1,1,Exynos,3167,OLED,60,1,WiFi 7,5.3,Yes,Yes,Yes,Android,16.4,45,98.5,50.5,59.9,925.34,Premium,812.46,2.64,Professional,4.52,1616,98.6,71.0,88.2,15,22907.34,5.47,43917,34542433.26,2.09,12,Retail Store,Singapore,Yes,0
2689,Google,5254,1,2.6,1,4,1,64,0.8,175,4,83,829,649,12288,13,5,13,0,1,Google Tensor,6188,LCD,120,1,WiFi 6,5.0,Yes,Yes,No,Android,18.0,33,100.0,100.0,75.6,1819.03,Flagship,1537.19,9.45,General User,4.92,2669,100.0,78.7,76.5,0,14443.89,6.4,29110,52951963.3,4.18,12,E-commerce Marketplace,Singapore,No,2
2690,Samsung,3864,1,3.5,1,32,1,64,0.8,169,8,91,1164,2389,6144,5,4,20,1,0,Google Tensor,6167,OLED,144,1,WiFi 5,5.2,Yes,Yes,Yes,Android,13.1,25,87.6,83.2,88.0,1494.7,Flagship,1323.11,21.13,Business User,4.76,2064,94.7,73.4,54.5,0,64420.53,8.56,38133,56997395.1,5.03,24,E-commerce Marketplace,UAE,Yes,0
2691,Apple,3540,0,2.9,1,27,1,128,0.5,207,4,47,302,601,8192,14,6,13,0,0,Google Tensor,4714,LCD,144,1,WiFi 6E,5.3,Yes,Yes,Yes,iOS,19.9,18,92.1,62.1,80.8,2073.83,Flagship,1837.87,18.76,General User,4.5,24645,92.0,72.7,53.2,0,50680.67,2.74,19657,40765276.31,0.5,12,Telecom Partner,India,No,2
2692,Samsung,5101,1,1.1,1,24,1,128,0.8,104,8,79,1610,2397,6144,7,8,3,1,1,Google Tensor,3987,AMOLED,120,1,WiFi 6,5.4,No,Yes,Yes,Android,13.8,80,81.2,87.7,73.7,1350.66,Flagship,1428.4,14.26,Student,4.36,687,95.9,100.0,70.9,15,23029.37,8.02,41979,48194452.72,10.01,12,Telecom Partner,UAE,Yes,1
2693,Apple,3586,1,1.2,0,16,0,512,0.5,203,10,29,1949,1530,16384,17,6,16,1,1,Exynos,8160,OLED,60,1,WiFi 6,5.2,Yes,No,Yes,iOS,16.5,45,84.9,53.5,91.6,2500.0,Flagship,2893.14,13.08,Student,3.84,802,84.3,97.7,82.0,10,54940.81,7.73,49299,110922750.0,4.12,18,Online Store,UAE,Yes,2
2694,Apple,4650,0,2.7,0,21,1,512,0.2,220,8,69,1731,2168,8192,8,2,18,0,0,Snapdragon,5417,AMOLED,60,1,WiFi 6,5.0,Yes,No,Yes,iOS,16.9,18,90.9,32.3,69.4,2071.75,Flagship,2239.4,12.18,Business User,4.5,228,95.1,100.0,83.2,10,290564.99,11.8,46453,86615102.48,6.75,24,E-commerce Marketplace,Singapore,Yes,2
2695,Xiaomi,4584,0,1.9,0,7,1,128,0.1,232,8,17,100,1555,6144,14,3,8,1,0,Google Tensor,4092,AMOLED,120,0,WiFi 5,5.4,Yes,Yes,Yes,Android,14.7,25,89.3,39.0,96.7,1260.72,Flagship,1062.14,11.9,Business User,4.19,222,82.8,94.0,72.1,15,73556.2,7.69,37758,40461925.9,4.03,12,Telecom Partner,Australia,Yes,0
2696,Samsung,3586,1,1.9,0,0,1,128,0.4,214,4,67,1772,925,8192,10,1,17,0,1,MediaTek Dimensity,4377,AMOLED,120,1,WiFi 6,5.2,No,No,No,Android,14.5,33,80.2,61.8,86.2,1409.0,Flagship,1496.53,14.32,Professional,4.8,4278,100.0,100.0,61.6,5,15187.31,6.82,41529,55588642.95,4.56,18,Retail Store,USA,Yes,0
2697,Samsung,2837,1,3.4,0,30,1,32,0.9,83,6,67,2196,1816,2048,16,7,11,1,0,Exynos,3951,LCD,60,1,WiFi 6,5.4,No,Yes,No,Android,18.2,80,94.5,73.8,78.3,1046.76,Premium,908.62,6.85,Gamer,3.33,3588,70.7,79.0,50.3,25,61133.53,7.33,30351,23827659.57,7.6,18,Online Store,Australia,No,0
2698,Vivo,6516,0,1.3,1,18,1,64,0.9,192,6,30,1079,585,4096,5,6,13,1,1,Snapdragon,3073,OLED,90,0,WiFi 6,5.3,No,No,Yes,Android,17.3,18,94.0,59.2,85.3,941.85,Premium,844.67,13.94,Business User,4.18,1449,89.7,91.3,62.5,25,89044.1,7.25,35025,24741222.19,5.93,12,Telecom Partner,USA,Yes,1
2699,Oppo,4443,1,0.8,1,24,1,128,0.4,149,6,60,1946,1423,4096,12,9,4,1,1,MediaTek Dimensity,2649,LCD,144,1,WiFi 5,5.3,Yes,Yes,No,Android,18.1,25,81.1,61.8,67.2,1293.31,Flagship,1475.23,9.56,Professional,4.94,639,93.1,95.2,85.0,5,116609.61,4.57,30308,37237757.51,7.13,24,Online Store,Singapore,No,0
2700,Realme,6223,1,2.9,1,11,1,64,0.5,153,8,90,1814,2400,8192,11,10,2,0,1,MediaTek Dimensity,5800,OLED,90,0,WiFi 6,5.0,Yes,Yes,Yes,Android,13.1,18,79.3,81.5,75.2,1208.41,Flagship,1100.96,4.09,Business User,4.96,1216,90.4,84.4,69.2,10,17112.41,5.5,47648,51820487.71,7.69,24,Telecom Partner,UK,Yes,1
2701,OnePlus,6486,0,1.1,0,7,1,256,0.6,186,6,107,294,1526,4096,8,5,2,0,1,Snapdragon,2768,IPS LCD,120,1,WiFi 6E,5.2,No,Yes,No,Android,14.3,18,73.6,100.0,77.9,1538.37,Flagship,1319.43,8.48,Student,4.56,11541,100.0,85.3,71.6,0,53430.95,0.1,22582,34739471.34,3.32,36,E-commerce Marketplace,Singapore,No,1
2702,Apple,5927,0,2.6,1,11,1,256,0.4,118,6,105,1322,1508,6144,11,4,5,0,1,Snapdragon,4367,LCD,60,1,WiFi 6,5.4,No,No,Yes,iOS,17.3,65,85.8,76.4,74.5,2035.1,Flagship,1925.2,12.11,General User,4.68,3599,92.1,79.5,83.0,10,310708.33,3.84,42686,78183250.74,3.55,24,Telecom Partner,USA,Yes,1
2703,Google,5070,1,2.4,1,8,1,128,0.5,85,6,101,872,1019,8192,13,0,4,0,1,Snapdragon,5368,OLED,60,0,WiFi 6E,5.4,Yes,Yes,Yes,Android,13.2,65,93.2,85.9,76.7,1490.84,Flagship,1738.27,9.93,General User,3.93,1600,80.4,100.0,72.0,5,44851.63,6.86,48658,68914228.08,10.1,12,Online Store,USA,Yes,1
2704,Vivo,5551,1,1.9,1,12,0,256,0.9,164,4,26,1634,1993,3072,7,5,18,0,1,Exynos,2373,Super AMOLED,90,1,WiFi 6,5.4,No,Yes,No,Android,18.4,120,79.4,49.8,82.9,1273.28,Flagship,1418.65,6.24,Gamer,4.8,299,91.1,86.5,73.0,10,53063.56,6.57,30762,35251775.42,3.13,18,Telecom Partner,India,No,1
2705,Samsung,4774,0,1.7,1,1,1,32,0.8,199,4,38,1346,1275,4096,13,0,4,1,0,Apple Bionic,2666,LCD,144,1,WiFi 6E,5.4,Yes,Yes,No,Android,18.4,120,78.6,70.6,79.3,1378.28,Flagship,1216.79,12.7,Business User,4.31,3026,92.6,98.0,82.2,0,127928.89,11.09,48515,66867254.2,6.0,36,Retail Store,UK,Yes,0
2706,Oppo,4108,0,1.8,0,13,1,256,0.1,211,8,68,1928,1008,8192,12,7,7,1,0,Google Tensor,4873,AMOLED,120,0,WiFi 5,5.2,Yes,Yes,Yes,Android,12.0,18,88.0,98.0,82.1,1592.11,Flagship,1335.75,3.76,Student,4.86,99,93.6,100.0,89.2,20,23948.35,2.54,41750,53176474.0,10.43,12,Retail Store,Australia,Yes,0
2707,Google,2599,1,3.0,1,22,1,512,1.0,199,8,71,451,2107,6144,10,2,9,0,1,Snapdragon,5008,IPS LCD,144,1,WiFi 6,5.0,Yes,Yes,Yes,Android,12.7,18,88.4,76.7,70.4,2006.22,Flagship,1993.85,11.48,Gamer,4.68,1360,90.0,87.8,55.7,20,128750.38,12.11,48359,77615034.38,5.31,24,E-commerce Marketplace,Singapore,Yes,0
2708,Vivo,4380,1,0.9,1,13,1,256,0.7,122,8,81,433,2175,3072,12,1,18,0,1,Snapdragon,3454,LCD,60,1,WiFi 6E,5.3,Yes,No,Yes,Android,12.2,120,84.6,62.2,52.6,1364.88,Flagship,1594.29,0.67,Gamer,5.0,1159,96.1,96.2,81.0,10,11800.02,7.68,49278,60532700.98,1.03,24,Telecom Partner,USA,Yes,0
2709,Google,4749,1,1.7,0,1,1,64,0.8,117,8,65,1769,1717,8192,11,10,6,0,0,Exynos,5140,AMOLED,60,1,WiFi 5,5.2,Yes,Yes,Yes,Android,12.2,80,79.4,63.9,71.1,1470.53,Flagship,1467.62,9.29,General User,4.13,454,82.3,92.2,70.1,0,66190.54,5.27,34030,50042135.9,5.31,36,Online Store,USA,No,0
2710,Samsung,6032,1,1.5,1,7,1,128,1.0,158,10,22,1805,1947,6144,18,0,4,1,1,Apple Bionic,5402,Super AMOLED,120,1,WiFi 6,5.0,No,Yes,Yes,Android,12.1,18,99.7,61.4,76.0,1534.62,Flagship,1478.55,15.96,Student,4.56,8927,95.7,85.3,65.6,15,55339.79,7.22,47708,62231603.32,3.36,36,Retail Store,Singapore,Yes,1
2711,Vivo,6748,1,3.1,1,25,1,512,0.7,218,10,70,103,1015,2048,13,5,15,0,0,Apple Bionic,3451,AMOLED,144,1,WiFi 6,5.3,Yes,No,No,Android,14.3,120,81.5,74.8,92.8,2030.84,Flagship,1973.05,7.36,Professional,4.82,1941,94.4,86.3,72.5,15,74870.82,9.96,41959,72430213.23,9.24,24,Online Store,Australia,Yes,1
2712,Apple,6237,1,2.5,1,19,1,64,0.4,214,8,10,2158,1581,6144,15,8,11,1,0,Google Tensor,4939,AMOLED,144,1,WiFi 5,5.4,No,Yes,Yes,iOS,17.8,65,95.9,51.2,92.3,1986.19,Flagship,1938.91,17.85,Student,4.7,568,98.3,90.3,62.2,20,77101.67,9.47,25077,39846149.3,1.21,24,Telecom Partner,UAE,No,1
2713,Motorola,2509,1,2.1,0,10,1,128,0.1,213,10,83,387,2057,8192,15,4,2,1,1,Google Tensor,5926,LCD,60,1,WiFi 5,5.1,Yes,No,Yes,Android,12.0,25,96.4,77.8,72.0,1292.66,Flagship,1161.91,11.67,General User,4.59,2517,92.6,100.0,74.6,5,59018.53,8.46,41900,51454331.3,0.81,12,Online Store,UAE,Yes,0
2714,Samsung,5961,0,1.9,1,4,1,256,0.9,169,8,48,361,505,6144,14,0,12,0,1,Snapdragon,3870,OLED,144,1,WiFi 6E,5.1,No,No,Yes,Android,12.4,25,86.8,74.7,87.3,1657.05,Flagship,1711.04,15.85,Professional,4.78,1209,96.6,84.3,45.7,5,44187.73,6.38,21996,34626048.21,3.36,12,E-commerce Marketplace,Singapore,No,1
2715,Xiaomi,3578,1,3.1,1,23,0,256,0.5,126,4,45,1459,589,3072,8,4,2,0,1,Apple Bionic,3305,IPS LCD,60,1,WiFi 5,5.0,Yes,No,No,Android,16.7,65,91.3,87.8,76.3,1449.03,Flagship,1226.8,13.56,Professional,5.0,1675,100.0,93.5,77.1,5,54810.39,6.86,36007,49566462.05,5.15,12,E-commerce Marketplace,Germany,Yes,0
2716,Motorola,6979,1,2.5,0,3,1,64,0.8,176,8,54,1531,818,8192,13,11,17,1,1,Apple Bionic,5378,LCD,90,1,WiFi 6,5.4,No,Yes,Yes,Android,16.0,18,90.7,74.8,73.9,1421.22,Flagship,1331.29,13.22,General User,5.0,1555,100.0,80.3,73.1,5,60415.82,7.55,41207,55636001.91,5.91,18,E-commerce Marketplace,Singapore,Yes,1
2717,Google,2825,0,1.8,0,30,1,64,0.6,120,6,81,1931,933,6144,15,1,9,1,0,MediaTek Dimensity,3992,OLED,90,1,WiFi 5,5.1,Yes,Yes,Yes,Android,13.8,80,82.4,79.4,88.3,1361.59,Flagship,1540.79,1.0,Student,4.56,95,96.4,100.0,70.3,15,47450.69,2.51,29030,33597914.04,3.55,18,E-commerce Marketplace,Germany,No,0
2718,Samsung,6334,1,1.8,1,14,1,64,0.2,177,4,99,1946,1759,8192,7,1,9,1,1,Apple Bionic,4066,AMOLED,120,1,WiFi 5,5.3,Yes,Yes,Yes,Android,18.9,33,85.1,97.9,81.0,1507.36,Flagship,1376.13,19.8,Professional,4.08,638,72.1,88.4,73.0,20,31630.51,6.61,37803,45586184.06,1.45,24,E-commerce Marketplace,Singapore,Yes,1
2719,Oppo,2935,0,2.8,0,26,1,128,0.5,195,4,61,1891,586,6144,15,6,16,1,0,Exynos,4335,LCD,120,1,WiFi 6,5.4,No,Yes,Yes,Android,18.1,120,88.5,37.2,70.7,1415.38,Flagship,1580.26,8.99,Professional,4.38,2167,79.3,100.0,72.2,0,140851.74,5.99,34553,48905625.14,5.07,18,E-commerce Marketplace,Singapore,No,0
2720,Oppo,5984,0,2.1,1,4,1,128,0.1,201,8,94,346,2052,12288,13,6,15,1,0,Google Tensor,6604,OLED,60,0,WiFi 6,5.4,Yes,Yes,Yes,Android,14.4,33,90.9,100.0,88.4,1670.87,Flagship,1816.55,7.65,Gamer,5.0,705,100.0,100.0,72.7,15,46346.64,4.55,31328,44493263.06,3.53,18,Telecom Partner,Germany,No,2
2721,Xiaomi,5647,1,1.7,1,19,1,32,0.3,209,8,62,2140,720,6144,15,10,10,1,0,Snapdragon,4524,AMOLED,144,1,WiFi 5,5.1,Yes,No,Yes,Android,12.3,45,86.0,57.0,86.6,1299.55,Flagship,1219.59,5.29,Student,4.74,706,93.9,89.5,73.3,0,18954.29,4.23,21837,28378273.35,11.2,24,Telecom Partner,Germany,No,1
2722,Apple,5872,0,3.1,0,21,1,256,0.4,123,10,47,1513,634,4096,15,5,14,0,0,MediaTek Dimensity,4587,AMOLED,60,1,WiFi 6,5.3,Yes,Yes,Yes,iOS,17.8,18,82.6,73.1,87.4,1805.41,Flagship,1643.56,20.73,Gamer,4.69,109,100.0,100.0,78.0,10,96857.91,7.62,39723,64544671.29,1.95,24,Online Store,India,Yes,1
2723,Apple,6991,1,1.9,0,3,1,64,0.6,98,8,50,1927,1708,12288,9,2,8,0,1,Exynos,6780,LCD,90,1,WiFi 6E,5.3,Yes,Yes,Yes,iOS,18.0,120,92.9,69.4,88.6,2032.65,Flagship,1844.21,16.2,Business User,5.0,583,100.0,100.0,92.3,15,34976.46,4.88,28130,48601677.82,3.01,24,Online Store,USA,No,2
2724,Apple,3991,0,2.1,1,22,1,64,0.6,153,10,91,1950,1974,6144,12,10,19,1,1,Snapdragon,4789,AMOLED,144,0,WiFi 6,5.0,Yes,No,Yes,iOS,17.9,25,82.3,100.0,92.4,1722.42,Flagship,1968.69,10.41,Student,5.0,3481,100.0,83.6,65.1,10,62504.83,10.25,31254,48449263.21,6.41,18,Online Store,Australia,No,0
2725,Xiaomi,6126,0,3.4,0,24,1,256,0.7,188,8,36,1512,544,8192,7,11,9,1,0,Exynos,6005,Super AMOLED,120,0,WiFi 6,5.0,Yes,Yes,Yes,Android,12.0,120,96.4,38.8,87.0,1755.91,Flagship,1889.16,5.78,General User,4.67,132,86.4,100.0,70.8,10,55098.19,13.05,53949,85256629.73,0.5,12,Telecom Partner,India,Yes,1
2726,Vivo,6987,0,3.4,0,24,1,256,0.9,191,6,6,1624,1766,4096,19,7,10,1,1,Google Tensor,4589,LCD,120,0,WiFi 6E,5.2,Yes,Yes,Yes,Android,16.0,33,81.3,36.8,69.1,1439.37,Flagship,1656.32,6.54,General User,5.0,990,100.0,82.4,86.1,0,140367.5,11.35,47171,67896522.27,5.89,12,Retail Store,UK,Yes,1
2727,Vivo,3607,0,2.1,0,14,1,128,0.6,132,10,39,895,2379,6144,14,2,15,0,0,MediaTek Dimensity,5318,OLED,144,1,WiFi 6E,5.0,Yes,Yes,Yes,Android,13.3,65,89.2,45.6,76.8,1708.38,Flagship,1776.59,1.71,Gamer,4.06,2121,74.7,74.4,55.7,5,33804.87,3.96,19266,31267966.63,1.32,18,E-commerce Marketplace,USA,No,0
2728,Google,2988,0,0.8,0,23,1,256,1.0,214,6,53,1326,1667,12288,18,1,13,1,0,Apple Bionic,5447,AMOLED,144,1,WiFi 6E,5.0,Yes,Yes,No,Android,15.1,120,98.1,53.1,84.7,1994.21,Flagship,2215.04,11.92,General User,4.45,2548,95.1,98.7,80.4,15,53657.09,6.51,29580,50140422.03,2.84,12,Retail Store,UAE,No,2
2729,Samsung,6208,1,3.3,0,27,1,256,0.7,148,10,14,1143,2016,3072,16,8,17,1,1,Google Tensor,4354,LCD,144,1,WiFi 5,5.1,Yes,Yes,Yes,Android,13.9,80,98.5,54.9,96.8,1665.29,Flagship,1810.18,13.34,Professional,5.0,2701,100.0,75.8,76.8,0,60192.44,1.84,19949,33220870.21,0.5,24,E-commerce Marketplace,UAE,No,1
2730,Xiaomi,4977,1,1.3,1,21,1,256,0.6,209,10,42,1105,2389,6144,19,8,3,1,0,Apple Bionic,4413,AMOLED,144,1,WiFi 6,5.1,Yes,Yes,No,Android,13.7,45,87.2,73.3,79.7,1694.36,Flagship,1817.5,1.74,General User,4.41,2921,79.9,92.7,54.3,0,42850.83,6.22,19794,33538161.84,3.94,18,Online Store,USA,No,1
2731,Oppo,4369,1,2.4,0,6,1,256,0.4,197,8,33,1671,1388,12288,15,7,5,1,0,Exynos,5928,AMOLED,90,0,WiFi 6,5.3,No,Yes,Yes,Android,12.7,120,96.5,67.1,93.1,1980.32,Flagship,1939.06,3.05,Student,5.0,601,100.0,100.0,85.8,5,163033.62,7.68,48287,90842526.25,4.69,18,Online Store,Australia,Yes,2
2732,Samsung,3563,1,1.1,1,7,1,256,0.1,137,8,15,1215,2084,2048,12,2,13,1,1,Snapdragon,2919,Super AMOLED,144,0,WiFi 6,5.2,No,Yes,Yes,Android,18.6,25,87.9,23.6,83.1,1047.1,Premium,1189.59,7.34,Professional,3.96,1509,85.7,79.4,78.1,10,37536.76,8.61,38047,35855112.33,3.11,36,E-commerce Marketplace,India,Yes,0
2733,Samsung,2967,0,1.8,1,21,1,16,0.3,104,4,45,1328,1251,6144,16,3,2,1,1,Apple Bionic,4136,IPS LCD,144,1,WiFi 6,5.2,No,Yes,Yes,Android,13.9,33,76.5,42.5,72.2,1296.32,Flagship,1109.66,16.97,Student,5.0,1341,97.8,100.0,81.9,5,92127.42,3.72,24552,30235886.21,9.83,18,Retail Store,Singapore,No,0
2734,Realme,4040,0,3.3,0,25,1,256,1.0,168,8,29,1011,1873,8192,5,10,20,0,1,MediaTek Dimensity,6005,OLED,120,1,WiFi 6E,5.4,Yes,Yes,Yes,Android,13.0,25,89.7,62.5,85.4,1783.37,Flagship,1512.22,0.1,Student,5.0,748,100.0,100.0,71.1,0,57433.1,11.5,46713,83306562.81,4.87,18,Retail Store,Germany,Yes,2
2735,Samsung,3540,0,2.7,0,10,1,128,0.3,128,10,13,1805,1774,2048,7,10,8,1,1,MediaTek Dimensity,3696,OLED,90,1,WiFi 6,5.3,Yes,No,Yes,Android,17.6,45,83.1,53.7,81.2,1293.82,Flagship,1504.38,14.9,Student,4.55,324,86.8,69.1,55.3,5,12387.45,3.05,20684,25423304.24,2.44,24,Telecom Partner,USA,No,0
2736,Vivo,5731,1,3.2,0,6,1,128,0.7,111,6,63,1942,1475,6144,9,10,15,0,0,Exynos,5284,IPS LCD,120,1,WiFi 5,5.0,No,No,Yes,Android,16.9,25,95.8,61.5,67.7,1551.3,Flagship,1278.76,0.1,Business User,4.21,428,91.8,84.8,58.1,15,12052.4,9.64,31480,41509685.4,6.2,36,Telecom Partner,Singapore,No,1
2737,Oppo,6220,0,2.9,0,29,1,256,0.9,209,4,101,2174,1632,2048,13,9,3,0,0,Snapdragon,3110,LCD,90,1,WiFi 6E,5.4,No,Yes,No,Android,13.2,65,92.0,91.1,73.9,1445.91,Flagship,1191.71,13.14,Business User,5.0,1608,100.0,92.3,81.3,5,22954.57,6.35,39373,54083323.71,8.4,18,Online Store,India,Yes,1
2738,Samsung,4822,0,2.7,1,5,1,128,0.9,200,6,93,1201,1012,4096,6,6,14,1,0,Snapdragon,4038,Super AMOLED,120,1,WiFi 6,5.3,Yes,Yes,Yes,Android,15.4,33,94.6,63.2,74.7,1334.24,Flagship,1367.87,18.35,Professional,5.0,288,93.7,100.0,61.6,0,229238.72,7.39,42814,57124151.36,2.17,24,E-commerce Marketplace,Germany,Yes,0
2739,Xiaomi,4778,0,2.5,0,9,1,128,0.7,134,10,74,1530,1364,6144,18,10,2,0,1,Exynos,5470,OLED,90,1,WiFi 5,5.4,Yes,Yes,Yes,Android,17.7,80,89.2,78.9,74.4,1446.44,Flagship,1398.42,11.39,Business User,5.0,586,97.4,83.7,52.1,5,74998.14,4.6,29465,40488386.87,5.73,18,Online Store,UK,No,0
2740,Google,2711,1,3.3,0,1,1,256,0.3,104,10,32,1516,1078,4096,12,10,3,1,0,Snapdragon,4923,IPS LCD,90,1,WiFi 6E,5.3,Yes,No,No,Android,15.6,45,87.1,76.4,78.8,1536.28,Flagship,1810.29,8.03,Professional,5.0,2295,100.0,76.4,72.8,5,72086.81,5.84,35835,52299964.11,2.49,12,Online Store,UAE,Yes,0
2741,Apple,5211,1,1.8,1,1,1,64,0.4,86,6,101,1988,1362,8192,6,7,14,1,1,Apple Bionic,4456,OLED,60,1,WiFi 5,5.2,Yes,Yes,Yes,iOS,19.6,18,86.4,100.0,70.6,1680.41,Flagship,1384.88,15.83,General User,4.79,764,92.8,87.0,65.2,20,85192.53,4.45,29990,40316396.72,3.06,24,E-commerce Marketplace,UK,No,1
2742,Apple,5186,1,2.4,1,11,1,128,0.6,85,6,68,1204,1497,4096,18,5,8,1,1,Exynos,3659,Super AMOLED,144,1,WiFi 5,5.0,No,No,Yes,iOS,16.5,33,83.4,78.4,78.0,1670.82,Flagship,1377.49,17.1,Business User,4.47,153,86.5,84.2,60.1,5,18005.99,2.96,25657,40724817.3,1.98,24,Online Store,UK,No,1
2743,Xiaomi,5762,0,2.0,0,6,1,256,0.2,171,4,26,1994,787,12288,8,6,3,1,0,MediaTek Dimensity,6435,IPS LCD,144,1,WiFi 5,5.0,Yes,Yes,Yes,Android,12.9,33,90.1,62.0,50.2,1850.76,Flagship,2079.88,11.67,Student,3.6,1685,81.2,77.4,53.8,15,58834.0,11.26,27814,43755482.84,3.41,24,Retail Store,UAE,No,2
2744,Google,4741,0,2.7,1,17,1,16,0.5,142,4,92,1753,598,4096,15,10,9,1,0,Apple Bionic,2835,Super AMOLED,120,1,WiFi 6E,5.3,No,Yes,Yes,Android,17.8,33,91.2,93.4,86.1,1317.52,Flagship,1231.1,7.56,Student,4.32,880,85.3,90.2,51.9,25,34881.81,7.28,35541,35119483.74,5.62,36,E-commerce Marketplace,Germany,Yes,0
2745,OnePlus,4787,0,1.1,1,17,1,64,0.2,125,6,62,1932,1519,12288,14,3,8,1,0,Snapdragon,5106,AMOLED,144,1,WiFi 6,5.1,Yes,Yes,Yes,Android,18.6,65,85.5,68.6,85.6,1839.72,Flagship,1965.95,7.59,General User,4.17,7985,79.5,71.5,68.1,20,61545.74,7.37,33436,49210302.34,0.5,36,Online Store,Germany,No,2
2746,OnePlus,3407,0,2.1,1,5,1,32,0.2,97,10,7,2060,1341,8192,13,4,16,0,1,Google Tensor,5305,LCD,90,0,WiFi 6,5.1,Yes,Yes,Yes,Android,15.2,45,88.9,53.0,77.0,1365.24,Flagship,1230.68,1.84,Gamer,4.9,563,100.0,81.0,78.0,0,71028.84,3.58,41748,56996039.52,5.32,12,Telecom Partner,Germany,Yes,0
2747,Samsung,5793,0,1.3,0,11,1,64,0.7,163,6,53,1415,1535,12288,15,0,4,0,0,Exynos,5798,OLED,90,1,WiFi 6,5.0,Yes,Yes,Yes,Android,12.6,18,96.0,63.3,93.3,1329.81,Flagship,1377.27,13.1,Gamer,4.65,1026,100.0,80.1,77.6,10,32356.1,6.51,42402,50747943.26,9.59,18,Telecom Partner,Singapore,Yes,1
2748,Realme,4475,1,1.6,1,24,1,128,0.6,166,10,31,1228,2255,4096,10,0,7,0,1,Exynos,3902,LCD,60,1,WiFi 6E,5.3,No,Yes,Yes,Android,12.9,33,92.4,31.6,62.7,1045.04,Premium,1110.28,9.67,Professional,5.0,546,97.9,91.1,81.8,15,118620.39,7.27,45967,40831750.63,2.39,12,Retail Store,UAE,Yes,0
2749,Realme,3177,0,1.1,0,10,1,256,0.7,81,4,99,647,707,3072,8,5,16,1,0,MediaTek Dimensity,3265,OLED,120,0,WiFi 5,5.3,Yes,No,Yes,Android,16.2,33,79.5,100.0,84.4,1464.65,Flagship,1636.81,5.67,Student,4.35,5117,85.1,74.7,62.2,0,27564.97,9.07,31993,46858547.45,8.59,12,E-commerce Marketplace,UK,No,0
2750,Realme,4902,0,1.5,1,4,1,64,0.4,116,6,34,1725,2307,6144,17,8,19,1,0,MediaTek Dimensity,4304,LCD,60,1,WiFi 6,5.1,No,Yes,Yes,Android,18.7,25,96.9,67.2,82.9,1185.28,Premium,1066.85,14.29,Business User,4.49,845,100.0,84.2,86.3,20,151579.04,6.75,48246,45748015.1,0.5,36,Telecom Partner,Australia,Yes,1
2751,Realme,4876,0,3.4,1,12,1,512,1.0,103,4,68,1491,1338,8192,16,11,10,0,1,Apple Bionic,5527,LCD,60,1,WiFi 6,5.4,No,Yes,Yes,Android,14.7,80,89.0,59.2,82.3,2253.78,Flagship,2212.89,9.83,Professional,4.46,547,80.6,83.4,76.2,25,43045.99,4.62,40392,68276011.32,4.99,36,Retail Store,Singapore,Yes,2
2752,Xiaomi,4979,0,1.5,1,8,1,256,0.6,104,8,68,2183,1580,8192,17,8,7,1,1,Apple Bionic,5066,LCD,60,0,WiFi 6,5.4,No,No,Yes,Android,14.9,120,82.9,65.0,100.0,1680.77,Flagship,1854.49,9.22,General User,5.0,2258,100.0,70.3,75.2,25,514057.74,1.67,53252,67128273.03,8.98,12,E-commerce Marketplace,Singapore,Yes,1
2753,Oppo,3116,1,2.5,1,17,1,32,1.0,222,8,35,1139,2083,3072,17,7,8,0,1,Google Tensor,3183,AMOLED,120,0,WiFi 6,5.3,Yes,Yes,Yes,Android,17.2,33,85.0,61.4,72.4,1103.46,Premium,966.07,14.52,Professional,4.79,2082,100.0,96.0,64.7,10,44209.24,4.42,41714,41426757.4,2.97,36,Retail Store,Germany,Yes,0
2754,Xiaomi,6132,0,2.7,1,0,1,32,0.8,95,6,105,1926,1942,8192,18,5,2,0,0,Exynos,5025,LCD,120,0,WiFi 6,5.0,No,Yes,Yes,Android,17.3,33,93.1,86.4,79.4,1417.44,Flagship,1269.02,13.52,Gamer,4.87,335,100.0,79.6,100.0,10,9314.03,6.44,36448,46496567.81,3.41,36,E-commerce Marketplace,Australia,Yes,1
2755,Realme,3826,0,1.5,1,28,1,64,0.7,143,4,86,2200,2188,12288,6,9,8,0,0,Snapdragon,5652,Super AMOLED,144,1,WiFi 6,5.4,Yes,Yes,Yes,Android,18.9,65,81.8,53.8,76.6,1583.24,Flagship,1534.89,3.92,Gamer,4.22,39605,87.1,75.7,72.5,15,54694.05,9.27,47314,63673004.76,8.79,36,Retail Store,UAE,Yes,2
2756,Google,6597,0,2.1,1,25,1,128,0.2,142,6,56,360,1346,2048,18,2,6,0,0,Apple Bionic,3086,LCD,60,0,WiFi 6,5.3,Yes,Yes,No,Android,12.5,18,100.0,84.0,75.5,1107.46,Premium,1300.62,8.03,General User,4.22,3031,88.3,88.3,76.7,25,46025.01,6.23,31549,26204441.66,5.39,24,E-commerce Marketplace,India,No,1
2757,Xiaomi,3853,1,1.0,1,28,1,64,0.9,105,6,48,1369,2054,6144,7,10,17,0,0,Google Tensor,4107,IPS LCD,90,1,WiFi 6E,5.2,Yes,Yes,Yes,Android,18.2,80,88.2,91.8,81.6,1325.03,Flagship,1106.81,9.63,General User,4.84,1681,100.0,88.4,85.7,15,79621.96,1.55,35503,39986159.08,3.19,24,Telecom Partner,Australia,Yes,0
2758,Vivo,2875,1,1.8,0,5,1,512,0.7,98,6,20,304,2197,6144,9,0,10,0,0,Snapdragon,4005,AMOLED,120,1,WiFi 5,5.0,Yes,Yes,Yes,Android,12.2,33,84.6,68.5,95.7,1977.75,Flagship,2136.11,14.1,Professional,4.24,599,82.9,90.9,58.5,0,26549.71,6.34,21329,42183429.75,4.7,36,Retail Store,USA,No,0
2759,Xiaomi,5256,0,2.8,1,30,1,128,0.2,218,6,49,1760,1384,6144,12,8,15,1,1,Snapdragon,5123,IPS LCD,120,1,WiFi 5,5.0,Yes,Yes,Yes,Android,16.3,18,93.6,61.1,89.0,1320.26,Flagship,1535.71,1.03,Student,5.0,3270,92.8,100.0,69.8,5,45787.77,8.55,43492,54549710.52,7.22,24,Retail Store,Australia,Yes,1
2760,Xiaomi,4588,0,1.8,0,32,1,64,1.0,106,8,18,125,2000,6144,13,1,18,0,1,Google Tensor,4535,Super AMOLED,90,1,WiFi 6,5.1,No,Yes,Yes,Android,18.2,45,90.4,52.9,82.2,1347.22,Flagship,1534.02,0.1,Student,4.62,1297,91.1,100.0,77.8,15,62487.21,2.69,32969,37754021.75,1.01,18,E-commerce Marketplace,India,No,0
2761,Google,4033,1,3.2,0,21,1,128,0.7,174,10,55,247,972,6144,14,2,20,1,0,Snapdragon,5167,LCD,90,1,WiFi 6,5.3,No,Yes,Yes,Android,14.3,25,80.2,100.0,77.9,1327.55,Flagship,1466.16,9.34,Gamer,4.9,727,85.0,97.0,95.8,5,72578.87,5.74,55155,69559969.24,9.65,36,Telecom Partner,Australia,Yes,0
2762,Motorola,5603,1,1.8,0,13,1,128,0.3,111,8,78,230,575,12288,12,7,14,1,1,Snapdragon,6455,Super AMOLED,90,1,WiFi 6,5.3,No,Yes,No,Android,18.1,33,90.7,96.5,86.2,1835.58,Flagship,1953.95,9.1,Business User,5.0,7975,100.0,93.6,78.9,10,38724.73,5.01,39440,65155747.68,4.3,36,Online Store,Singapore,Yes,2
2763,Samsung,3298,0,1.2,0,24,1,256,0.7,153,8,65,952,1801,12288,17,0,14,1,0,Google Tensor,6049,Super AMOLED,60,1,WiFi 5,5.2,No,Yes,Yes,Android,18.3,45,81.9,50.6,70.5,1874.98,Flagship,1858.93,12.91,Gamer,4.92,878,100.0,70.7,73.8,15,83601.31,12.24,52280,83320361.24,3.3,12,Telecom Partner,UAE,Yes,2
2764,OnePlus,4773,0,2.4,0,11,1,64,0.9,180,8,60,725,639,8192,10,1,8,1,0,Apple Bionic,5230,LCD,60,1,WiFi 6,5.3,Yes,Yes,Yes,Android,14.0,120,78.2,32.4,86.9,1277.43,Flagship,1233.25,5.43,General User,4.31,2124,98.3,100.0,88.0,10,54104.58,4.72,28608,32890245.7,5.37,24,E-commerce Marketplace,UAE,No,0
2765,Google,6120,0,1.1,0,13,1,128,0.5,194,8,27,1817,1015,6144,5,3,2,0,1,Google Tensor,3800,IPS LCD,120,0,WiFi 6,5.4,Yes,Yes,No,Android,18.0,18,77.6,29.7,72.2,1347.55,Flagship,1426.15,4.92,Student,4.24,13326,82.9,100.0,74.2,0,76342.44,9.98,37484,50511564.2,4.56,36,Online Store,USA,Yes,1
2766,Realme,6981,0,3.5,0,19,1,32,0.4,219,10,18,877,1849,4096,11,9,7,1,1,MediaTek Dimensity,4613,AMOLED,60,1,WiFi 5,5.4,Yes,Yes,No,Android,12.6,33,95.8,60.2,71.3,1447.25,Flagship,1216.18,6.19,General User,4.47,7542,86.9,100.0,74.0,5,127852.85,7.84,43264,59483132.8,10.22,24,Retail Store,India,Yes,1
2767,Apple,6733,0,2.3,0,17,1,128,0.2,189,8,83,1161,690,6144,11,7,5,0,0,Snapdragon,4401,AMOLED,60,1,WiFi 5,5.3,Yes,Yes,Yes,iOS,20.0,25,100.0,70.8,75.1,1893.19,Flagship,2067.76,20.13,Business User,4.17,2778,84.5,53.6,40.5,15,126336.75,5.19,21505,34606093.31,2.42,12,Online Store,UAE,No,1
2768,Realme,2546,0,2.6,0,15,1,512,0.2,137,6,15,1696,1782,16384,16,9,15,1,0,Snapdragon,7528,Super AMOLED,60,1,WiFi 5,5.4,Yes,No,Yes,Android,15.0,80,96.7,60.9,84.5,2275.77,Flagship,1871.44,7.85,Professional,4.74,882,92.2,100.0,63.7,0,123170.22,9.57,44859,102088766.4,0.5,18,E-commerce Marketplace,Singapore,Yes,2
2769,Xiaomi,4606,0,1.6,0,4,1,128,0.4,190,10,74,367,2099,8192,9,4,16,0,1,Exynos,5245,OLED,60,1,WiFi 6,5.1,Yes,Yes,Yes,Android,17.8,65,83.8,77.4,74.8,1382.55,Flagship,1174.56,8.25,Business User,3.46,3426,70.0,100.0,69.2,5,66653.84,10.67,52348,68755041.03,5.51,12,Online Store,Singapore,Yes,0
2770,Google,3379,1,0.8,1,31,1,64,0.6,175,8,107,1742,1139,4096,14,7,20,1,1,Exynos,3000,OLED,60,1,WiFi 6,5.0,No,Yes,Yes,Android,15.0,65,78.7,100.0,80.8,1341.48,Flagship,1322.26,11.06,General User,4.21,2353,84.2,82.6,61.3,5,31042.39,2.53,17849,22746872.69,0.5,12,Telecom Partner,Australia,No,0
2771,Motorola,6713,0,2.7,1,17,1,32,0.7,198,8,80,526,602,4096,8,9,16,0,1,Snapdragon,4723,LCD,144,1,WiFi 6,5.0,No,No,No,Android,18.7,18,84.4,88.5,59.7,1260.8,Flagship,1200.44,8.65,Business User,5.0,359,93.3,100.0,67.0,15,196251.4,5.57,34469,36939737.92,9.01,24,Telecom Partner,Singapore,No,1
2772,Samsung,5547,0,1.7,1,14,1,512,0.2,158,6,68,2179,1599,8192,9,2,16,0,1,MediaTek Dimensity,4358,AMOLED,120,1,WiFi 5,5.3,Yes,Yes,Yes,Android,12.7,80,76.5,100.0,77.2,2281.22,Flagship,2209.77,17.62,Gamer,4.19,2684,93.6,95.4,74.9,0,6048.18,5.71,37436,85399751.92,0.5,36,E-commerce Marketplace,Singapore,Yes,2
2773,Xiaomi,4248,0,1.9,1,20,1,32,0.9,188,10,104,1835,2043,8192,11,11,18,0,1,Snapdragon,5334,IPS LCD,144,1,WiFi 6E,5.1,Yes,Yes,No,Android,16.7,80,72.6,97.2,90.2,1655.91,Flagship,1584.89,9.21,Student,4.43,2280,93.0,84.0,75.8,10,35201.01,11.29,50775,75670947.23,5.05,36,E-commerce Marketplace,USA,Yes,0
2774,Apple,3065,1,2.0,0,4,1,256,0.6,117,10,51,1886,693,6144,13,2,5,0,1,Snapdragon,4646,AMOLED,144,1,WiFi 7,5.1,Yes,Yes,No,iOS,18.7,65,80.5,55.5,77.4,2118.11,Flagship,1859.69,12.28,Business User,4.02,1455,75.8,82.7,72.1,20,263497.35,13.33,54438,92244537.74,7.28,36,Retail Store,Germany,Yes,0
2775,Google,4101,1,2.3,0,7,1,128,0.3,196,4,20,2061,1575,6144,9,7,19,1,1,MediaTek Dimensity,4467,OLED,90,1,WiFi 6E,5.2,Yes,Yes,Yes,Android,12.8,18,88.3,44.1,96.2,1241.09,Flagship,1222.23,8.25,Student,3.99,8809,85.8,93.1,64.0,5,25051.71,5.94,22058,26007165.06,5.47,12,E-commerce Marketplace,UAE,No,0
2776,Realme,4787,0,1.8,1,24,1,64,1.0,112,10,37,2113,833,6144,5,2,7,1,1,Apple Bionic,4979,IPS LCD,90,1,WiFi 6E,5.2,Yes,Yes,Yes,Android,18.7,33,81.2,20.7,76.3,1299.25,Flagship,1082.3,10.27,Gamer,4.02,2366,83.7,76.8,59.1,10,92549.73,5.26,38067,44512694.78,2.49,36,E-commerce Marketplace,Germany,Yes,0
2777,Realme,4115,0,1.9,0,17,1,128,0.7,197,4,27,772,2326,6144,19,8,9,0,0,Exynos,3960,LCD,60,1,WiFi 6,5.4,Yes,Yes,Yes,Android,15.5,80,85.1,63.0,83.6,1311.94,Flagship,1302.37,8.23,Business User,4.1,1823,92.3,93.5,81.1,10,9555.45,4.66,41090,48516853.14,4.68,24,E-commerce Marketplace,UAE,Yes,0
2778,Oppo,4685,1,1.5,1,13,0,512,0.9,124,4,51,674,2255,6144,19,9,19,1,1,Exynos,3353,Super AMOLED,90,1,WiFi 6E,5.3,No,Yes,No,Android,15.0,120,80.3,55.7,100.0,1914.95,Flagship,2008.05,15.1,General User,5.0,728,100.0,100.0,89.3,20,15312.33,7.2,38058,58303333.68,6.27,18,Online Store,UAE,Yes,2
2779,Vivo,2863,1,2.5,1,26,1,64,0.8,174,8,20,2190,1566,4096,5,9,10,1,1,Google Tensor,3877,OLED,60,1,WiFi 6E,5.2,No,No,Yes,Android,12.2,45,88.9,46.7,69.1,1059.5,Premium,1128.41,8.46,General User,4.26,11002,89.8,69.3,67.2,0,68602.3,0.81,36801,38990659.5,4.49,18,Online Store,UK,Yes,0
2780,Motorola,5907,0,1.9,0,21,1,32,0.2,107,10,41,450,1612,6144,17,3,20,0,1,Snapdragon,5349,LCD,144,0,WiFi 6,5.4,No,Yes,Yes,Android,16.0,65,90.9,58.7,75.0,1308.3,Flagship,1148.72,6.2,Business User,5.0,1631,100.0,100.0,88.1,0,20244.02,1.38,27677,36209819.1,6.37,12,E-commerce Marketplace,UK,No,1
2781,Oppo,4284,0,2.5,0,32,1,512,0.2,228,8,25,672,523,4096,11,5,13,0,1,MediaTek Dimensity,4036,IPS LCD,60,0,WiFi 6,5.3,No,Yes,No,Android,13.6,120,82.5,46.8,83.3,1751.25,Flagship,1482.86,15.98,General User,4.4,1908,99.6,71.7,71.7,0,13326.37,8.27,40652,71191815.0,5.6,36,Retail Store,UK,Yes,0
2782,Motorola,2598,0,3.3,0,21,1,256,0.8,88,4,8,288,982,6144,15,1,8,0,1,Apple Bionic,4996,Super AMOLED,120,1,WiFi 5,5.3,Yes,No,Yes,Android,15.9,25,94.1,42.1,67.0,1520.46,Flagship,1734.78,8.88,Gamer,4.69,2922,89.4,100.0,60.0,15,22168.3,9.11,48742,62993722.12,1.6,24,Online Store,UK,Yes,0
2783,Vivo,3939,1,2.3,1,16,1,128,0.5,220,4,31,194,1252,12288,5,4,19,1,1,Exynos,6053,LCD,60,1,WiFi 6,5.3,No,Yes,Yes,Android,14.7,120,83.9,55.6,56.3,1502.52,Flagship,1751.35,5.63,Student,4.22,566,89.8,100.0,66.1,5,6681.55,2.94,23351,33331077.29,3.62,24,E-commerce Marketplace,India,No,2
2784,OnePlus,5094,1,3.3,1,27,1,128,0.5,198,8,89,927,1571,8192,6,3,9,1,0,Apple Bionic,5426,IPS LCD,144,1,WiFi 6,5.2,Yes,Yes,Yes,Android,18.0,45,89.5,69.4,60.1,1555.16,Flagship,1696.13,7.98,Student,5.0,4710,98.4,93.1,74.6,5,125586.79,6.28,21082,31146588.96,3.98,24,E-commerce Marketplace,UK,No,1
2785,Motorola,4678,0,3.2,0,9,1,128,0.2,231,10,49,1334,1541,12288,19,7,6,0,0,Exynos,8159,IPS LCD,144,1,WiFi 5,5.0,Yes,No,Yes,Android,15.1,45,74.0,84.2,82.2,2042.21,Flagship,1788.63,0.1,Gamer,4.59,951,95.7,100.0,73.2,15,90215.5,6.77,47213,81956031.62,0.7,18,E-commerce Marketplace,Singapore,Yes,2
2786,Motorola,3580,0,1.6,1,32,1,256,0.4,215,8,67,391,2101,6144,7,7,9,1,0,Apple Bionic,4220,IPS LCD,60,0,WiFi 5,5.2,Yes,Yes,Yes,Android,16.3,33,81.0,74.3,70.4,1532.37,Flagship,1684.89,12.06,Business User,4.77,589,88.4,99.7,78.0,25,37121.01,0.1,23730,27272355.08,6.48,12,E-commerce Marketplace,Australia,No,0
2787,Realme,6780,1,2.8,0,4,1,256,0.6,215,10,39,1966,1566,8192,8,11,8,0,1,MediaTek Dimensity,5857,LCD,60,1,WiFi 6,5.2,No,Yes,Yes,Android,17.4,80,94.6,86.4,84.9,1754.37,Flagship,1720.68,5.89,Professional,5.0,939,100.0,100.0,91.4,0,225027.49,10.98,63486,111377933.8,3.13,12,Online Store,UK,Yes,1
2788,OnePlus,3388,1,2.0,0,7,1,256,0.5,97,10,107,236,907,12288,9,2,18,1,0,Google Tensor,6945,OLED,90,1,WiFi 6,5.2,No,Yes,Yes,Android,16.2,120,84.4,67.9,75.2,2021.89,Flagship,2245.31,6.45,Gamer,4.17,1957,85.6,64.9,60.5,10,129389.32,2.68,34764,63260085.56,8.03,12,E-commerce Marketplace,UAE,No,2
2789,Apple,6005,0,1.1,0,1,1,128,0.9,142,10,98,786,1575,8192,15,5,11,0,0,MediaTek Dimensity,5780,IPS LCD,144,1,WiFi 6,5.2,Yes,Yes,Yes,iOS,18.8,120,89.1,85.6,69.5,2236.85,Flagship,2420.95,14.7,Business User,4.54,1364,98.4,78.9,65.2,5,25884.44,2.01,25923,55086569.42,5.21,18,E-commerce Marketplace,Germany,No,2
2790,OnePlus,6454,1,2.0,0,25,1,128,0.4,85,8,12,1340,1812,8192,19,3,13,0,1,Apple Bionic,5364,IPS LCD,120,0,WiFi 6,5.2,Yes,No,No,Android,17.9,80,81.7,43.6,100.0,1443.52,Flagship,1587.84,9.5,Gamer,3.95,865,85.5,84.7,84.2,20,14945.2,8.25,48116,55565126.66,5.39,18,E-commerce Marketplace,UK,Yes,1
2791,Oppo,4313,0,2.6,1,25,1,128,0.9,236,6,14,1468,1454,3072,9,5,12,1,0,MediaTek Dimensity,3731,AMOLED,144,1,WiFi 6,5.4,Yes,Yes,Yes,Android,18.7,120,87.8,47.1,93.4,1636.21,Flagship,1825.04,1.78,Gamer,3.61,1056,79.2,87.5,62.7,5,50680.67,9.31,31960,49678608.02,10.08,36,Telecom Partner,UK,No,0
2792,Google,5371,1,0.9,1,0,1,128,0.4,117,8,33,1820,2294,8192,12,9,11,0,0,MediaTek Dimensity,4648,AMOLED,120,1,WiFi 5,5.1,Yes,Yes,No,Android,15.9,65,91.2,44.9,97.5,1518.85,Flagship,1544.71,3.63,Gamer,4.41,435,95.1,87.9,50.1,15,50549.95,2.98,24172,31206595.87,2.99,36,Online Store,UAE,No,1
2793,Google,3570,1,1.3,0,6,1,128,0.1,94,10,18,363,1778,8192,7,2,15,1,1,Exynos,4747,AMOLED,90,1,WiFi 6E,5.3,No,Yes,Yes,Android,16.6,45,84.9,60.4,82.2,1674.23,Flagship,1469.41,4.92,General User,4.45,1807,87.9,86.1,45.8,0,43975.52,9.78,28508,47728948.84,9.12,36,E-commerce Marketplace,Germany,No,0
2794,Motorola,3909,0,2.0,1,6,1,512,0.8,240,8,36,1537,1980,3072,9,0,11,0,1,MediaTek Dimensity,3356,Super AMOLED,144,1,WiFi 7,5.0,Yes,Yes,Yes,Android,17.6,65,72.8,67.5,80.0,1946.03,Flagship,2239.96,13.07,General User,5.0,7151,100.0,70.2,69.5,5,38558.3,6.72,40819,75463248.64,3.27,12,E-commerce Marketplace,Singapore,Yes,0
2795,Oppo,5541,1,3.1,1,8,1,128,0.7,107,6,21,2024,851,6144,6,0,6,0,0,MediaTek Dimensity,5441,OLED,120,1,WiFi 6,5.2,Yes,Yes,Yes,Android,18.8,33,94.3,61.0,74.1,1364.52,Flagship,1148.49,10.36,Student,5.0,151,92.9,89.7,77.7,25,30635.44,5.19,36853,37714991.67,6.39,18,Retail Store,UAE,Yes,1
2796,Apple,2601,1,1.9,0,10,1,128,0.3,147,8,94,910,1030,6144,11,7,20,1,0,Apple Bionic,4770,IPS LCD,120,1,WiFi 5,5.0,Yes,Yes,Yes,iOS,17.3,120,91.5,78.9,79.9,1798.77,Flagship,1517.58,18.89,General User,4.61,910,94.5,69.3,58.0,15,54372.11,8.46,42854,65521816.14,9.94,18,Online Store,UAE,Yes,0
2797,OnePlus,6704,0,1.9,1,25,1,16,0.6,82,10,53,2030,690,8192,11,6,12,0,0,Exynos,5624,OLED,120,0,WiFi 5,5.2,Yes,No,Yes,Android,18.9,25,86.4,64.3,67.5,1093.45,Premium,923.6,3.16,Business User,4.37,3969,88.0,66.9,84.6,0,17117.59,2.83,32908,35983252.6,4.15,36,E-commerce Marketplace,Germany,No,1
2798,Motorola,3024,0,2.1,0,26,1,64,0.1,174,8,5,1390,952,4096,7,3,12,0,1,Exynos,4389,IPS LCD,90,1,WiFi 7,5.2,No,No,Yes,Android,15.2,18,81.6,33.9,74.1,1084.69,Premium,1158.78,7.99,Student,4.48,6304,96.6,73.7,91.1,15,11668.27,10.29,49214,45374643.61,2.69,36,E-commerce Marketplace,UAE,Yes,0
2799,OnePlus,5061,1,2.2,0,32,1,256,1.0,91,6,10,1507,2265,4096,7,2,8,1,1,Exynos,3415,LCD,60,1,WiFi 6E,5.0,Yes,Yes,Yes,Android,14.7,25,80.1,54.2,68.1,1372.25,Flagship,1600.6,12.06,General User,3.59,1325,75.4,68.7,59.1,5,110049.03,0.1,24901,32461877.39,0.5,12,Retail Store,UAE,No,1
2800,Motorola,3774,0,3.0,0,0,1,32,0.5,219,8,78,1847,746,12288,16,2,18,0,1,Snapdragon,8170,LCD,60,1,WiFi 6,5.0,Yes,Yes,Yes,Android,14.4,80,91.3,79.8,54.4,1638.82,Flagship,1356.29,8.91,General User,4.64,1874,98.6,100.0,81.4,5,33837.43,6.82,28211,43921113.47,5.62,36,Telecom Partner,UAE,No,2
2801,Samsung,3502,0,1.9,1,28,0,256,0.7,211,6,106,644,744,12288,18,8,6,1,0,Apple Bionic,6215,LCD,120,0,WiFi 6,5.4,No,No,Yes,Android,14.9,25,88.4,90.3,68.3,1767.27,Flagship,2040.21,11.13,Business User,4.52,5893,95.3,88.1,85.0,5,104866.47,9.2,54608,91681726.15,9.23,36,Retail Store,UAE,Yes,2
2802,Vivo,6213,0,3.1,0,32,1,256,1.0,120,4,17,870,1738,8192,13,10,14,1,1,Snapdragon,5466,LCD,60,1,WiFi 6,5.4,Yes,No,Yes,Android,16.0,33,88.5,58.4,64.3,1405.34,Flagship,1374.54,11.22,Gamer,4.39,3874,89.7,79.9,63.8,10,300742.14,16.99,63907,80829957.04,5.9,18,Telecom Partner,UAE,Yes,1
2803,Motorola,5500,1,2.8,1,28,1,256,0.4,117,10,31,1219,1102,8192,8,2,19,1,1,Exynos,6324,AMOLED,120,1,WiFi 6E,5.3,Yes,Yes,Yes,Android,12.5,120,79.0,40.1,98.0,1838.96,Flagship,1961.61,10.06,Professional,4.86,1553,92.0,66.3,50.4,15,48092.5,6.0,35566,55593783.66,4.65,36,Retail Store,Singapore,Yes,2
2804,Motorola,2963,0,3.2,0,4,1,128,0.6,90,8,81,1648,1984,6144,19,3,13,1,0,Snapdragon,5333,Super AMOLED,90,1,WiFi 5,5.3,Yes,Yes,Yes,Android,17.9,33,96.0,61.3,88.5,1376.9,Flagship,1397.89,4.41,Gamer,4.29,213,84.2,100.0,62.8,20,78793.74,1.44,22802,25116859.04,7.01,18,Telecom Partner,India,No,0
2805,Oppo,3972,1,2.1,1,26,1,512,0.2,123,6,54,512,1167,3072,14,0,6,1,1,Google Tensor,2487,OLED,120,1,WiFi 6E,5.2,Yes,Yes,No,Android,15.1,18,99.6,93.9,87.4,1866.42,Flagship,2127.25,7.82,Professional,5.0,2507,100.0,99.4,88.6,0,338059.59,3.33,43171,80575217.82,3.85,12,Telecom Partner,Germany,Yes,0
2806,Oppo,4141,1,2.2,1,18,1,128,0.8,166,8,35,1847,1523,8192,7,6,16,0,1,Google Tensor,5776,AMOLED,144,1,WiFi 6E,5.4,Yes,Yes,Yes,Android,17.4,45,81.9,64.9,90.4,1614.07,Flagship,1516.66,2.94,General User,4.3,780,78.8,89.1,86.6,10,19804.86,7.5,32403,47070639.19,6.71,36,Telecom Partner,USA,No,0
2807,Google,6730,1,3.4,1,32,1,128,0.8,209,6,63,1329,1722,6144,8,0,17,1,1,MediaTek Dimensity,4750,LCD,90,0,WiFi 5,5.2,No,No,Yes,Android,17.6,18,80.1,58.9,77.2,1136.65,Premium,1024.7,5.71,Business User,5.0,1337,100.0,95.9,85.5,0,53728.24,5.88,43752,49730710.8,6.61,18,Online Store,Singapore,Yes,1
2808,Oppo,5366,1,1.4,0,20,1,64,0.2,115,4,40,830,2072,3072,9,6,18,1,1,MediaTek Dimensity,2043,Super AMOLED,60,1,WiFi 6,5.0,Yes,No,Yes,Android,16.8,120,89.5,28.7,83.6,1232.57,Flagship,1119.58,12.55,General User,4.74,1995,100.0,91.7,86.9,10,155757.29,12.77,62723,69579439.3,0.5,36,Telecom Partner,Singapore,Yes,1
2809,Apple,2754,1,3.3,1,31,1,32,0.8,191,10,30,953,511,4096,8,10,10,1,0,Google Tensor,4906,OLED,144,1,WiFi 6E,5.4,No,Yes,Yes,iOS,16.7,65,90.7,56.7,69.6,1728.33,Flagship,1931.08,17.79,General User,3.88,1610,84.6,92.4,90.7,5,20467.81,6.21,26527,43555039.41,6.4,36,Telecom Partner,Singapore,No,0
2810,Motorola,6780,1,1.5,0,10,1,128,0.6,185,10,33,1105,1271,8192,19,7,11,0,0,Apple Bionic,5240,Super AMOLED,60,1,WiFi 6E,5.0,No,Yes,Yes,Android,16.9,25,86.6,71.6,75.1,1460.47,Flagship,1242.94,6.09,General User,4.54,2312,99.2,90.3,100.0,15,173133.96,8.31,38336,47590291.23,2.44,24,Telecom Partner,USA,Yes,1
2811,Oppo,3455,0,1.0,0,10,1,128,0.1,156,4,69,1211,947,6144,15,8,4,1,0,Snapdragon,3165,OLED,144,1,WiFi 6E,5.1,Yes,Yes,No,Android,15.5,65,86.7,34.4,58.1,1360.28,Flagship,1139.25,0.78,Student,4.42,3950,89.7,99.9,75.0,15,58349.92,4.28,30414,35165822.53,6.82,12,Telecom Partner,UAE,No,0
2812,Samsung,4300,1,2.2,1,21,1,256,0.5,165,4,67,335,1646,3072,18,5,5,1,0,Exynos,3270,AMOLED,90,1,WiFi 5,5.0,Yes,Yes,Yes,Android,15.6,45,90.1,85.6,87.5,1402.33,Flagship,1469.76,12.27,General User,4.89,1558,100.0,73.9,67.7,0,19870.27,10.52,47257,66269908.81,9.31,36,Online Store,India,Yes,0
2813,Vivo,4062,0,1.0,1,16,0,512,0.5,126,4,90,837,2135,8192,15,2,5,1,0,Google Tensor,3859,LCD,144,1,WiFi 5,5.3,Yes,No,Yes,Android,17.0,25,96.5,71.8,75.7,2109.94,Flagship,2334.09,6.56,Business User,4.14,4851,81.0,100.0,74.2,10,165106.61,7.64,45685,86753348.01,3.48,36,Retail Store,India,Yes,2
2814,Realme,4961,1,2.5,0,11,1,256,0.6,104,6,103,1226,1903,8192,7,8,14,0,1,MediaTek Dimensity,4751,LCD,120,1,WiFi 7,5.3,No,No,Yes,Android,16.1,25,86.4,100.0,69.8,1674.39,Flagship,1468.38,7.72,Business User,5.0,6043,100.0,100.0,72.9,20,38757.63,8.21,40553,54321230.14,4.41,18,Telecom Partner,Australia,Yes,1
2815,Google,5727,0,3.1,0,8,1,64,0.9,124,8,70,216,799,16384,16,1,15,0,0,Google Tensor,8543,Super AMOLED,90,0,WiFi 5,5.3,No,Yes,Yes,Android,17.6,65,94.6,97.0,83.9,1883.91,Flagship,1592.09,7.99,Professional,4.96,3727,100.0,86.5,67.3,10,270206.37,8.14,49576,84057049.94,8.5,12,Telecom Partner,Singapore,Yes,2
2816,Oppo,3974,0,3.2,0,4,1,512,0.2,155,10,83,616,532,8192,19,6,4,1,1,MediaTek Dimensity,6212,AMOLED,90,0,WiFi 6E,5.1,Yes,Yes,No,Android,18.4,18,84.5,71.9,96.7,1820.93,Flagship,1803.81,7.7,Gamer,4.87,2231,98.4,79.9,84.6,10,32422.77,5.55,38381,62900202.9,9.58,12,Retail Store,India,Yes,2
2817,Realme,6986,1,3.2,1,32,1,256,0.2,103,4,45,1277,2312,6144,11,1,14,0,1,Google Tensor,4488,LCD,144,1,WiFi 7,5.0,Yes,Yes,Yes,Android,13.0,18,78.6,63.4,66.1,1540.1,Flagship,1530.15,4.68,Gamer,4.52,1041,92.0,100.0,72.0,20,12940.77,8.53,30189,37195263.12,4.51,24,Telecom Partner,India,No,1
2818,Apple,5124,0,3.0,1,2,1,128,0.9,204,4,67,603,2343,4096,8,4,11,1,0,Apple Bionic,3684,AMOLED,60,1,WiFi 5,5.2,No,Yes,Yes,iOS,18.3,25,85.4,61.8,90.4,1747.7,Flagship,1677.07,18.07,Professional,3.97,6203,73.3,80.4,56.3,10,159733.91,6.83,33616,52875614.88,3.03,36,Telecom Partner,Singapore,No,1
2819,Apple,3622,0,1.9,1,17,1,64,0.7,95,6,89,1470,1771,3072,5,9,7,0,0,Google Tensor,3648,OLED,144,1,WiFi 6,5.3,Yes,Yes,No,iOS,17.2,45,92.0,71.6,78.5,1781.44,Flagship,1660.62,19.36,Student,4.37,983,98.5,90.6,66.6,5,7633.78,7.56,31894,53976384.99,5.45,36,E-commerce Marketplace,Singapore,No,0
2820,Vivo,3878,1,2.6,1,0,1,128,0.7,199,4,56,1772,1158,12288,10,8,7,0,1,Apple Bionic,6403,OLED,60,1,WiFi 6,5.2,Yes,Yes,Yes,Android,17.8,18,100.0,77.9,86.0,1636.55,Flagship,1478.78,6.57,General User,4.94,3400,100.0,90.3,85.0,5,137686.02,8.49,58627,91148716.01,0.58,36,Telecom Partner,UAE,Yes,2
2821,Apple,6240,1,1.1,0,7,1,128,0.7,198,8,75,1813,2095,6144,6,9,6,1,0,Google Tensor,3610,LCD,60,1,WiFi 6E,5.0,No,Yes,No,iOS,17.5,65,92.1,87.0,71.6,1790.27,Flagship,1491.92,5.99,Business User,4.84,4281,97.7,92.9,82.8,15,11709.69,5.24,18046,27461130.56,5.91,12,Retail Store,Australia,No,1
2822,Samsung,3596,1,2.3,1,11,1,64,0.9,82,8,8,478,2012,4096,18,3,9,1,1,Exynos,4236,Super AMOLED,60,0,WiFi 6E,5.2,No,Yes,Yes,Android,15.9,18,78.7,65.8,81.1,990.55,Premium,994.06,16.0,General User,5.0,19967,99.3,99.7,84.2,10,44718.75,4.38,34609,30853750.46,2.7,24,E-commerce Marketplace,India,No,0
2823,OnePlus,5165,0,0.8,0,31,1,128,0.4,82,4,26,252,1181,8192,18,6,7,1,0,Apple Bionic,4591,LCD,60,1,WiFi 6,5.0,Yes,Yes,Yes,Android,17.9,65,90.7,55.7,98.2,1492.83,Flagship,1729.33,11.55,General User,4.98,1069,95.9,81.1,55.9,0,10769.53,8.13,22555,33670780.65,5.84,18,E-commerce Marketplace,India,No,1
2824,Google,3572,1,2.8,1,4,1,512,0.2,121,10,8,1759,2074,6144,10,4,13,0,0,Snapdragon,5289,Super AMOLED,60,0,WiFi 6,5.0,Yes,Yes,Yes,Android,17.9,45,77.0,53.3,100.0,1708.87,Flagship,1885.99,11.49,Gamer,4.33,2179,89.6,99.8,65.9,25,81546.14,0.1,16466,21103690.06,11.26,36,Online Store,India,No,0
2825,Xiaomi,3077,0,2.4,0,3,1,256,0.5,177,6,73,2170,1997,6144,9,0,16,0,1,Apple Bionic,4480,IPS LCD,144,1,WiFi 6E,5.4,Yes,Yes,No,Android,17.2,80,89.4,70.8,69.1,1822.99,Flagship,1861.54,5.56,Gamer,3.78,5834,72.4,62.7,52.7,10,62696.4,11.49,40163,65895072.63,4.68,24,Online Store,Australia,Yes,0
2826,Xiaomi,5198,1,2.2,0,20,1,128,0.7,216,6,79,723,1883,8192,11,11,13,1,1,Apple Bionic,4962,LCD,90,1,WiFi 7,5.3,Yes,Yes,Yes,Android,12.5,65,89.0,84.9,83.6,1439.61,Flagship,1505.52,2.65,Professional,4.39,598,99.2,88.5,62.2,0,317100.94,3.09,42747,61539008.67,4.57,12,Online Store,Singapore,Yes,1
2827,OnePlus,4605,0,0.9,1,9,1,64,0.8,108,6,42,2030,1273,4096,11,11,9,0,0,Exynos,3313,Super AMOLED,60,0,WiFi 6,5.4,No,Yes,Yes,Android,16.8,65,86.8,58.8,99.4,989.88,Premium,1088.31,7.05,Professional,5.0,197,100.0,82.4,81.3,15,106556.49,5.77,40851,34371949.7,4.81,24,E-commerce Marketplace,India,Yes,0
2828,Oppo,2661,1,2.9,1,28,1,128,0.8,190,10,80,1638,1507,8192,12,7,19,1,0,Exynos,5673,LCD,144,1,WiFi 6,5.3,Yes,Yes,No,Android,13.0,25,85.4,69.8,78.5,1629.19,Flagship,1736.88,3.29,Business User,4.23,2678,84.8,94.1,65.6,10,122963.11,5.98,37834,55474897.01,2.69,24,Retail Store,UK,Yes,0
2829,Vivo,2720,1,1.4,0,4,1,128,0.4,165,8,49,486,1167,16384,18,0,6,1,0,Exynos,7392,AMOLED,120,1,WiFi 6,5.4,No,Yes,Yes,Android,14.5,120,89.7,40.7,84.6,1893.92,Flagship,1554.68,6.42,General User,4.21,592,79.2,92.0,73.4,0,175895.86,5.99,38767,73421596.64,4.83,24,Online Store,Australia,Yes,2
2830,Samsung,5005,1,3.3,1,2,1,256,0.8,167,6,23,996,2126,16384,8,6,12,1,1,Exynos,8485,AMOLED,144,1,WiFi 6,5.0,Yes,No,Yes,Android,14.6,25,86.0,70.2,85.9,2033.79,Flagship,1677.5,19.99,General User,4.54,8017,78.6,73.8,53.6,15,8690.65,7.75,36963,63898732.8,3.93,18,Online Store,Australia,Yes,2
2831,OnePlus,6275,0,1.7,1,10,1,64,0.4,225,8,45,2067,663,8192,9,3,14,1,1,Exynos,4900,OLED,144,1,WiFi 6,5.3,Yes,Yes,Yes,Android,13.2,80,83.1,63.2,89.0,1483.67,Flagship,1663.82,9.57,Gamer,4.14,354,92.3,100.0,72.1,15,117883.54,7.22,52505,66215079.35,0.79,36,Online Store,UAE,Yes,1
2832,Google,5955,1,2.4,0,22,1,512,0.9,204,10,32,1859,1770,4096,9,4,7,1,0,MediaTek Dimensity,4470,LCD,90,1,WiFi 6,5.0,Yes,Yes,Yes,Android,18.9,120,80.1,80.7,84.1,1974.68,Flagship,1839.15,5.18,Student,5.0,11940,100.0,100.0,91.7,5,43360.16,6.57,41760,78339504.96,4.26,18,Telecom Partner,USA,Yes,1
2833,Samsung,3405,1,2.0,0,29,1,128,0.6,194,4,104,1468,1976,4096,8,7,2,0,1,Snapdragon,3224,LCD,120,1,WiFi 6E,5.1,Yes,Yes,No,Android,16.9,120,80.2,98.7,78.6,1890.28,Flagship,2156.81,9.39,General User,4.79,916,100.0,100.0,94.5,20,25618.28,5.29,34341,51931284.38,6.28,12,Retail Store,UK,No,0
2834,Google,5662,1,0.8,0,25,1,64,0.9,220,4,25,1349,629,6144,14,6,14,0,0,MediaTek Dimensity,3259,IPS LCD,144,1,WiFi 6,5.0,Yes,Yes,Yes,Android,18.2,65,89.1,71.7,64.6,1525.33,Flagship,1705.96,5.48,Professional,4.96,474,100.0,92.0,73.8,0,45074.51,4.25,35887,54739517.71,0.5,12,Telecom Partner,Australia,Yes,1
2835,Samsung,5048,1,1.0,1,29,0,64,0.1,217,10,82,1687,697,12288,17,8,12,1,0,Exynos,6317,LCD,60,1,WiFi 7,5.3,Yes,Yes,No,Android,18.2,120,100.0,100.0,57.9,1890.4,Flagship,1890.78,15.61,Gamer,4.32,3459,91.6,100.0,56.8,20,412008.17,9.15,66345,100334870.4,5.43,12,Retail Store,UAE,Yes,2
2836,Motorola,6791,0,1.2,1,23,1,512,0.7,191,8,30,132,797,8192,17,5,19,1,1,Snapdragon,4212,AMOLED,120,0,WiFi 6E,5.0,No,Yes,Yes,Android,16.5,18,89.6,72.7,55.9,1924.07,Flagship,2116.54,16.43,Gamer,4.74,49,96.8,77.1,61.2,5,26157.93,0.1,29305,53565627.78,6.23,36,E-commerce Marketplace,Singapore,No,1
2837,Google,5819,1,1.0,0,6,1,32,0.6,149,10,20,1345,1779,6144,13,0,14,1,1,MediaTek Dimensity,3362,LCD,60,1,WiFi 7,5.1,Yes,Yes,Yes,Android,18.0,80,82.1,38.8,72.5,1033.14,Premium,905.05,5.8,Professional,3.42,259,64.9,84.5,48.2,0,281798.63,6.25,34633,35780737.62,1.93,24,Telecom Partner,UAE,No,1
2838,Apple,3837,1,3.4,1,15,1,128,0.7,181,8,44,1979,1750,2048,5,9,4,1,0,Snapdragon,3660,IPS LCD,90,1,WiFi 5,5.2,No,Yes,Yes,iOS,16.2,80,96.9,57.2,76.2,1556.71,Flagship,1619.69,20.78,General User,4.77,677,100.0,91.8,60.5,15,28116.78,3.02,32964,43618080.17,5.21,18,E-commerce Marketplace,UK,No,0
2839,Realme,5970,0,2.1,1,23,1,128,0.6,135,4,92,263,787,8192,5,1,7,0,1,Snapdragon,5711,Super AMOLED,144,1,WiFi 6E,5.3,Yes,Yes,Yes,Android,13.3,65,91.9,62.9,67.1,1588.77,Flagship,1699.69,3.8,General User,3.94,240,91.5,59.4,75.2,0,18832.27,4.56,38553,61251849.81,8.74,12,Online Store,Singapore,Yes,1
2840,Oppo,6602,0,3.1,1,14,1,256,1.0,167,10,66,2010,2346,8192,15,7,15,0,1,Apple Bionic,6283,OLED,60,0,WiFi 6,5.2,Yes,Yes,Yes,Android,17.3,120,91.3,74.2,98.7,1594.7,Flagship,1837.29,1.69,Business User,4.99,1798,100.0,96.2,91.0,15,30252.05,7.99,48089,65184399.05,9.12,18,Telecom Partner,Germany,Yes,1
2841,Oppo,5880,1,3.4,1,8,1,128,0.7,103,10,33,1458,1719,8192,16,3,19,1,1,Snapdragon,6544,Super AMOLED,120,0,WiFi 6E,5.1,Yes,Yes,Yes,Android,18.6,33,99.1,59.5,70.1,1454.7,Flagship,1315.53,9.9,Professional,4.21,1215,89.8,100.0,71.6,0,65769.23,16.34,53006,77107828.2,9.85,36,Online Store,India,Yes,1
2842,Realme,6316,0,2.5,0,10,1,32,0.1,188,6,77,1191,1710,6144,8,2,17,1,0,Apple Bionic,3736,LCD,120,1,WiFi 5,5.3,Yes,Yes,Yes,Android,13.6,80,93.0,77.2,86.3,1726.25,Flagship,1538.34,11.29,Student,4.79,900,100.0,100.0,79.9,0,6496.33,5.1,34301,59212101.25,7.82,18,Retail Store,Germany,No,1
2843,Realme,3816,0,1.0,0,20,1,128,0.8,220,10,108,1143,1394,2048,6,10,3,1,1,MediaTek Dimensity,2411,IPS LCD,60,0,WiFi 5,5.1,No,No,No,Android,16.9,45,94.2,66.3,66.6,1027.75,Premium,1085.54,7.54,Student,4.93,748,100.0,55.4,57.5,0,243693.1,5.73,42817,44005171.75,6.86,36,Telecom Partner,Australia,Yes,0
2844,OnePlus,2951,0,0.9,1,11,1,32,0.7,149,8,53,128,2056,4096,14,11,15,1,0,Google Tensor,3896,Super AMOLED,120,1,WiFi 6,5.4,Yes,Yes,Yes,Android,14.9,80,96.4,51.3,79.3,1363.39,Flagship,1178.49,4.91,Business User,4.37,431,82.8,76.2,68.2,0,53059.68,4.92,47953,65378640.67,5.26,36,Online Store,Australia,Yes,0
2845,Motorola,6015,0,1.7,1,2,1,512,0.1,122,10,39,1619,1335,6144,15,8,7,0,1,Snapdragon,5038,Super AMOLED,120,1,WiFi 6,5.0,No,Yes,Yes,Android,18.4,65,87.9,61.2,96.1,2235.24,Flagship,2308.49,11.21,General User,4.88,676,100.0,100.0,77.6,10,44475.83,7.39,36933,74298707.03,0.5,18,Online Store,Singapore,Yes,2
2846,Oppo,5853,0,3.2,1,17,1,64,0.4,94,8,49,1358,1939,2048,14,6,12,1,1,Snapdragon,4187,OLED,144,0,WiFi 6,5.1,Yes,No,Yes,Android,18.0,80,80.7,60.3,87.1,1315.69,Flagship,1441.75,7.15,Gamer,4.65,11970,97.0,96.1,60.4,25,23024.28,0.1,12685,12517145.74,7.17,18,Telecom Partner,Singapore,No,1
2847,Samsung,4207,0,1.1,1,21,1,128,0.7,176,8,10,2153,1048,6144,17,8,5,1,1,MediaTek Dimensity,3450,AMOLED,120,1,WiFi 6E,5.2,Yes,Yes,Yes,Android,16.9,45,83.2,69.4,74.7,1450.66,Flagship,1631.65,10.68,General User,4.19,307,89.4,71.9,64.3,20,23354.12,1.82,27854,32325346.91,4.47,36,Retail Store,India,No,0
2848,OnePlus,6489,0,1.6,0,19,1,128,0.2,103,10,62,2153,2061,4096,9,8,12,0,0,Google Tensor,4248,OLED,60,1,WiFi 6,5.1,Yes,Yes,Yes,Android,13.0,18,90.3,62.2,79.0,1020.16,Premium,957.88,4.53,Gamer,4.57,3820,93.5,98.1,59.1,10,484308.05,9.96,71977,66085250.69,2.2,18,E-commerce Marketplace,UK,Yes,1
2849,Oppo,6200,1,2.8,0,8,1,128,0.2,120,6,42,455,1077,12288,16,4,12,1,0,Exynos,6530,LCD,60,1,WiFi 5,5.1,No,Yes,Yes,Android,14.4,33,95.7,81.3,93.9,1567.28,Flagship,1341.98,6.64,Student,4.62,9681,84.3,86.2,68.0,20,372492.23,14.8,53570,67167351.68,8.95,12,Retail Store,Singapore,Yes,2
2850,Vivo,5150,0,1.5,0,21,1,128,0.1,190,4,12,1765,2284,12288,16,9,8,0,0,MediaTek Dimensity,5432,Super AMOLED,144,1,WiFi 6,5.3,No,Yes,No,Android,13.0,120,95.0,20.0,68.0,2036.58,Flagship,2336.99,9.89,Student,4.46,2626,90.3,100.0,87.0,10,47524.32,8.61,49359,90471197.0,0.53,36,Online Store,Australia,Yes,2
2851,Samsung,3624,1,2.5,0,24,1,16,0.4,93,8,59,1891,1789,8192,12,6,19,1,0,Apple Bionic,5876,Super AMOLED,144,1,WiFi 6,5.4,Yes,Yes,Yes,Android,18.6,18,84.1,51.5,86.0,1560.69,Flagship,1397.63,10.12,Professional,5.0,775,100.0,84.8,63.4,10,192342.96,7.45,50168,70467026.33,2.38,24,Retail Store,Australia,Yes,0
2852,Oppo,5873,0,1.8,1,16,1,64,0.2,183,8,96,1007,2053,2048,12,6,6,0,0,Apple Bionic,2900,LCD,120,1,WiFi 6,5.3,Yes,No,Yes,Android,12.1,80,83.3,81.6,69.3,1294.88,Flagship,1498.35,11.0,Student,4.71,3559,94.6,100.0,66.6,0,28657.09,5.88,35599,46096433.12,0.5,36,Online Store,UAE,Yes,1
2853,OnePlus,4552,0,0.9,1,25,1,64,0.1,129,8,18,1193,1166,3072,6,2,7,1,0,Exynos,2530,LCD,144,1,WiFi 7,5.0,Yes,Yes,Yes,Android,16.0,45,94.8,45.6,77.0,994.82,Premium,920.21,8.8,Student,4.12,1200,86.2,100.0,73.6,20,48370.35,4.4,33958,27025678.05,5.25,18,Telecom Partner,UK,No,0
2854,Samsung,4820,0,2.6,0,13,1,128,0.5,207,6,22,650,1216,6144,14,7,15,1,0,Apple Bionic,4207,Super AMOLED,60,1,WiFi 5,5.2,Yes,Yes,Yes,Android,17.8,25,94.9,30.4,91.9,1182.74,Premium,1048.3,8.5,General User,4.43,571,100.0,100.0,100.0,15,43916.39,7.5,52547,52827022.96,3.63,12,Retail Store,USA,Yes,0
2855,Oppo,2720,0,2.4,1,3,1,256,0.2,84,10,92,1668,566,6144,9,9,5,1,0,Exynos,4829,AMOLED,120,0,WiFi 6,5.4,Yes,Yes,No,Android,15.8,33,98.9,79.3,64.8,1620.03,Flagship,1757.89,17.26,Professional,4.05,14595,73.2,74.0,49.0,10,125235.25,7.44,29286,42699778.72,5.15,18,Online Store,USA,No,0
2856,Vivo,3102,0,2.3,0,19,1,256,0.8,198,6,18,264,1347,6144,17,8,7,0,1,Apple Bionic,5043,AMOLED,60,0,WiFi 5,5.0,Yes,Yes,Yes,Android,16.5,80,91.2,37.0,79.8,1641.18,Flagship,1580.06,5.92,General User,4.51,1558,88.6,84.1,62.6,15,118339.19,10.85,43889,61225286.67,0.5,12,Retail Store,UAE,Yes,0
2857,OnePlus,4130,1,3.3,1,6,1,256,0.6,202,10,17,1905,2215,8192,16,5,17,0,0,Snapdragon,6547,AMOLED,90,1,WiFi 6,5.0,Yes,No,Yes,Android,13.5,120,85.1,49.7,83.2,1827.06,Flagship,1702.46,7.71,Business User,3.58,3353,81.4,79.8,70.6,0,11955.42,1.89,36514,66713268.84,0.5,36,Online Store,UK,Yes,2
2858,OnePlus,4737,1,3.2,1,9,1,16,0.5,233,10,52,109,2015,3072,14,3,13,1,0,Apple Bionic,4707,AMOLED,144,1,WiFi 6,5.3,Yes,No,Yes,Android,12.8,18,92.6,74.4,78.9,1176.71,Premium,1193.1,6.03,Gamer,4.84,671,98.6,100.0,68.9,20,54731.19,7.13,51889,48846644.15,3.08,18,E-commerce Marketplace,Germany,Yes,0
2859,Motorola,5060,1,3.1,0,5,1,32,0.3,134,6,41,1093,1191,16384,14,2,5,0,0,Exynos,8570,IPS LCD,90,0,WiFi 5,5.2,No,Yes,Yes,Android,12.4,65,87.0,68.9,88.9,1785.34,Flagship,1832.89,16.31,Student,4.14,1648,84.9,78.5,81.9,5,212694.42,11.2,54016,91615079.17,3.64,36,Telecom Partner,USA,Yes,2
2860,Apple,5433,0,1.5,0,22,1,32,0.8,143,6,89,709,2169,8192,8,5,4,0,0,Google Tensor,4787,OLED,90,0,WiFi 6,5.3,Yes,Yes,Yes,iOS,18.6,80,84.0,70.5,75.4,1631.75,Flagship,1446.61,12.33,Gamer,4.99,5654,96.6,79.6,68.6,20,248560.84,5.21,49471,64579443.4,9.04,36,Telecom Partner,UAE,Yes,1
2861,Xiaomi,5344,0,1.7,0,27,1,128,0.7,136,8,11,2097,1990,12288,5,4,11,0,0,MediaTek Dimensity,7339,Super AMOLED,144,0,WiFi 6,5.3,Yes,Yes,Yes,Android,17.5,120,90.1,37.2,85.1,1851.28,Flagship,1811.49,2.23,Student,4.52,6239,91.0,71.2,69.5,15,52744.46,6.12,49584,78024787.39,3.14,18,Online Store,UAE,Yes,2
2862,Apple,6155,1,2.1,0,31,1,32,0.5,81,4,29,1770,670,12288,13,10,3,0,1,Snapdragon,6114,OLED,144,1,WiFi 6,5.2,Yes,No,Yes,iOS,16.6,33,89.2,72.2,83.1,2255.08,Flagship,1942.49,11.01,General User,4.88,568,100.0,97.4,71.0,10,62609.2,7.75,36650,74383813.8,4.2,36,Retail Store,UK,Yes,2
2863,Realme,5345,0,0.9,1,20,1,256,0.4,193,8,51,1355,1461,8192,10,11,16,1,1,Apple Bionic,4928,Super AMOLED,120,0,WiFi 6E,5.0,Yes,Yes,Yes,Android,18.1,65,88.0,59.0,97.0,1767.15,Flagship,2073.73,1.34,Gamer,4.51,550,91.3,100.0,78.2,20,99233.59,6.53,37729,53338241.88,3.57,18,Telecom Partner,UK,Yes,1
2864,Oppo,6550,0,1.5,0,4,1,128,0.3,177,8,55,1384,1013,6144,11,1,13,0,1,Snapdragon,4231,OLED,144,1,WiFi 7,5.4,No,Yes,Yes,Android,12.9,33,87.6,38.3,85.7,1190.14,Premium,1348.54,8.25,Business User,4.65,1494,98.2,94.8,76.1,25,76832.21,5.8,49884,44526707.82,1.54,36,Retail Store,UAE,Yes,1
2865,Apple,6358,1,2.2,0,8,1,128,0.9,177,8,39,375,1336,8192,13,6,11,0,1,Apple Bionic,4162,LCD,120,0,WiFi 6E,5.0,No,No,No,iOS,16.0,25,92.5,48.7,88.3,1796.58,Flagship,1745.52,21.55,Student,4.19,1254,90.1,90.1,51.2,15,5000.0,7.06,5546,8469257.78,8.5,18,Telecom Partner,USA,No,1
2866,Realme,4478,0,2.2,0,13,1,64,0.8,182,10,94,781,1958,6144,19,8,4,1,1,Google Tensor,5647,AMOLED,120,1,WiFi 7,5.4,No,Yes,No,Android,18.1,120,84.5,87.7,91.2,1432.76,Flagship,1324.21,0.1,Business User,4.61,731,100.0,76.9,63.2,25,26394.43,7.93,37101,39867621.57,1.23,36,Telecom Partner,Singapore,Yes,0
2867,Xiaomi,6534,0,2.0,1,7,0,256,0.9,95,10,77,2190,2083,6144,14,9,5,1,0,Snapdragon,4211,IPS LCD,90,1,WiFi 6,5.2,No,Yes,Yes,Android,12.5,18,94.3,81.5,81.8,1622.33,Flagship,1381.24,12.04,Student,4.81,1970,91.9,96.9,67.3,0,85672.48,9.82,43015,69784524.95,3.52,36,Retail Store,UK,Yes,1
2868,Oppo,4676,1,1.5,1,25,1,256,0.4,234,8,90,882,1056,6144,11,7,4,1,1,Snapdragon,4858,OLED,120,0,WiFi 6,5.1,No,No,No,Android,17.3,80,89.0,92.7,69.2,1618.33,Flagship,1678.37,5.61,General User,5.0,644,98.2,98.9,89.7,10,162750.42,8.5,54900,79961685.3,7.72,24,Online Store,Australia,Yes,0
2869,OnePlus,5989,1,2.2,0,27,1,128,0.1,220,8,37,1434,1592,3072,19,2,4,0,0,Exynos,3360,Super AMOLED,90,1,WiFi 5,5.2,Yes,Yes,Yes,Android,15.8,120,98.6,43.9,68.5,1470.73,Flagship,1206.46,13.29,Gamer,4.19,15592,84.8,100.0,70.3,15,32039.91,4.08,26419,33026933.49,5.96,18,E-commerce Marketplace,UK,No,1
2870,OnePlus,5005,0,1.9,1,11,1,128,0.7,122,4,64,1322,1169,3072,6,7,13,1,0,Exynos,2606,AMOLED,120,1,WiFi 5,5.3,Yes,Yes,Yes,Android,15.8,65,87.3,51.7,84.0,1257.38,Flagship,1397.11,0.1,Student,4.67,1012,100.0,100.0,75.2,15,77962.88,11.64,49123,52501336.08,7.77,18,Retail Store,USA,Yes,1
2871,Vivo,5774,1,0.9,0,11,1,16,0.4,145,10,93,1147,2288,6144,10,11,20,0,1,Exynos,4315,AMOLED,144,1,WiFi 6,5.4,Yes,Yes,Yes,Android,14.7,33,91.0,74.3,93.8,1419.98,Flagship,1595.92,3.5,Gamer,4.17,1724,89.1,97.9,67.2,15,58282.83,5.09,17622,21269454.43,7.55,24,Telecom Partner,USA,No,1
2872,Samsung,4166,0,1.1,0,15,1,256,0.8,197,6,14,1727,2304,2048,11,6,3,1,0,Google Tensor,2581,AMOLED,60,1,WiFi 5,5.0,No,Yes,Yes,Android,18.4,80,93.0,47.5,68.2,1314.25,Flagship,1127.13,15.06,Business User,4.43,340,96.2,79.4,76.7,0,20140.16,4.16,27262,35829083.5,3.95,12,Telecom Partner,Australia,No,0
2873,Motorola,4859,1,2.5,1,10,1,128,0.5,86,8,97,1045,1681,4096,13,0,20,1,1,MediaTek Dimensity,3977,OLED,144,1,WiFi 7,5.4,Yes,Yes,Yes,Android,12.9,33,79.4,61.0,72.8,1354.61,Flagship,1215.61,1.84,Student,4.54,1643,94.7,100.0,74.7,5,69759.16,8.62,34819,44807857.31,3.91,18,Telecom Partner,Germany,No,1
2874,OnePlus,3198,1,1.1,1,21,1,64,0.5,151,8,26,2060,1731,4096,18,9,17,0,0,MediaTek Dimensity,3589,LCD,144,1,WiFi 6,5.4,Yes,No,Yes,Android,18.5,33,91.7,32.7,72.7,1165.19,Premium,1182.6,8.25,Business User,4.66,6300,89.8,100.0,87.1,10,80757.85,13.53,47026,49314802.45,6.38,24,E-commerce Marketplace,UAE,Yes,0
2875,Oppo,6732,0,1.1,1,19,1,64,0.6,106,6,14,1367,1481,6144,13,3,17,0,0,Apple Bionic,4280,Super AMOLED,144,0,WiFi 6,5.0,Yes,No,Yes,Android,17.5,65,87.5,37.0,84.2,1280.3,Flagship,1150.28,4.85,Business User,3.61,1042,84.4,73.1,78.7,15,228749.73,9.2,42940,46729669.7,6.83,24,Online Store,Singapore,Yes,1
2876,Xiaomi,5751,0,1.4,1,16,1,128,0.4,184,10,29,1994,2287,6144,10,1,15,0,1,Exynos,4259,LCD,144,1,WiFi 6,5.1,Yes,Yes,Yes,Android,13.7,33,90.3,59.7,61.9,1288.86,Flagship,1502.49,7.04,Business User,5.0,172,100.0,91.8,85.4,0,85960.46,3.92,40057,51627865.02,1.52,36,Telecom Partner,Singapore,Yes,1
2877,Apple,3295,1,2.6,0,6,1,128,0.1,103,10,66,1776,2099,8192,18,6,16,1,0,MediaTek Dimensity,5836,Super AMOLED,144,1,WiFi 6,5.0,Yes,Yes,Yes,iOS,19.8,45,86.3,62.0,76.5,2084.16,Flagship,1861.74,20.01,Student,4.26,1898,88.7,83.8,57.9,15,10864.89,5.51,32219,57077118.38,3.52,18,Online Store,UAE,No,2
2878,Apple,5032,0,1.1,0,19,1,64,0.2,177,4,86,605,835,6144,19,3,5,1,1,MediaTek Dimensity,3784,IPS LCD,120,1,WiFi 6E,5.4,Yes,Yes,Yes,iOS,17.9,120,74.3,63.5,76.7,1840.98,Flagship,1853.03,19.24,Gamer,4.21,747,90.3,91.0,95.2,5,105543.46,6.18,39455,69004072.6,2.07,36,Online Store,Singapore,Yes,1
2879,Motorola,4164,1,1.6,1,14,1,128,0.8,191,8,20,1295,1900,6144,17,9,10,0,0,MediaTek Dimensity,4767,Super AMOLED,90,0,WiFi 6,5.4,No,Yes,Yes,Android,16.0,80,87.8,37.0,93.0,1307.62,Flagship,1383.05,10.07,Gamer,4.25,460,88.3,100.0,59.3,0,36674.0,6.3,19153,25044845.86,4.3,18,Retail Store,USA,No,0
2880,Apple,5862,0,1.4,1,29,1,256,0.3,134,4,53,687,1781,4096,13,7,5,1,0,Apple Bionic,2435,AMOLED,90,1,WiFi 6,5.2,Yes,No,Yes,iOS,18.1,33,84.0,54.1,75.2,1683.33,Flagship,1785.94,8.22,Student,4.46,2593,88.3,83.7,81.7,15,81144.3,7.55,28708,41076281.99,6.63,18,Retail Store,USA,No,1
2881,Realme,4221,0,1.4,0,23,1,128,0.4,82,8,18,547,2178,4096,16,1,5,1,1,Apple Bionic,4221,LCD,90,1,WiFi 6,5.3,Yes,Yes,Yes,Android,14.4,80,82.8,56.3,93.7,1410.62,Flagship,1159.97,1.6,Professional,4.12,1770,74.9,100.0,65.3,5,78368.46,0.1,22345,29944288.7,3.44,12,Retail Store,USA,No,0
2882,Samsung,2887,1,0.8,0,8,1,256,0.7,112,10,51,940,1890,12288,16,9,15,1,1,Exynos,6804,LCD,144,1,WiFi 7,5.2,No,Yes,No,Android,17.8,80,82.3,50.6,75.1,2008.15,Flagship,1998.75,14.79,General User,4.56,459,85.6,63.7,54.1,25,75114.61,5.42,25791,38844147.49,6.63,36,Telecom Partner,Germany,No,2
2883,Apple,6397,0,1.4,1,23,1,128,0.1,150,10,105,985,1716,6144,7,6,6,1,0,Snapdragon,5025,LCD,120,0,WiFi 5,5.4,No,No,Yes,iOS,18.8,120,90.3,100.0,80.8,2007.04,Flagship,1980.23,11.12,Student,5.0,488,100.0,46.1,70.5,20,99834.4,2.37,39987,64204406.78,0.56,18,Retail Store,Germany,Yes,1
2884,Samsung,4305,0,1.9,0,29,1,512,0.9,119,10,66,572,1816,8192,14,3,4,1,1,Apple Bionic,6278,OLED,90,1,WiFi 6E,5.1,Yes,Yes,No,Android,12.5,80,87.8,84.7,90.1,2346.41,Flagship,2637.9,13.67,General User,4.56,2096,88.4,100.0,80.7,0,74283.69,3.43,22315,52360139.15,4.87,18,Online Store,Germany,No,2
2885,Samsung,5410,0,2.0,0,17,1,16,0.2,199,10,70,1175,1260,8192,8,10,8,0,0,Google Tensor,6166,OLED,120,1,WiFi 6E,5.2,Yes,Yes,Yes,Android,15.1,33,86.3,100.0,84.2,1614.26,Flagship,1609.83,8.78,Student,4.88,375,99.0,70.1,45.3,10,18440.92,10.26,24030,34911601.02,4.17,36,E-commerce Marketplace,UK,No,1
2886,OnePlus,6752,1,0.9,0,19,1,128,0.5,198,10,6,1370,641,8192,14,8,4,0,0,Snapdragon,5085,IPS LCD,60,1,WiFi 6E,5.2,Yes,Yes,Yes,Android,16.3,45,87.0,26.8,73.9,1319.4,Flagship,1393.8,7.54,Student,4.56,344,80.1,87.9,83.2,0,38955.91,6.53,45226,59671184.4,0.74,36,E-commerce Marketplace,UK,Yes,1
2887,Xiaomi,4392,0,1.6,1,20,1,128,0.7,209,10,80,1097,858,4096,8,5,9,0,1,Apple Bionic,4188,AMOLED,90,0,WiFi 6,5.3,Yes,No,Yes,Android,15.7,65,88.9,78.0,76.5,1300.91,Flagship,1452.58,4.45,General User,5.0,1942,100.0,100.0,70.4,20,46610.98,7.05,50662,52725361.94,1.34,36,Telecom Partner,UAE,Yes,0
2888,Samsung,6614,1,3.2,0,17,1,512,0.4,142,6,5,1186,1960,6144,18,5,13,1,1,Google Tensor,4007,IPS LCD,120,1,WiFi 6,5.4,No,Yes,Yes,Android,14.9,120,81.5,42.1,73.7,1850.87,Flagship,1770.29,12.48,Gamer,4.18,2992,74.6,88.9,79.4,20,64502.49,11.46,49367,73097519.43,5.23,24,Telecom Partner,UK,Yes,1
2889,OnePlus,4520,1,2.0,1,7,1,128,0.6,221,10,14,1048,537,4096,11,3,19,0,0,Exynos,4369,Super AMOLED,120,1,WiFi 6,5.2,No,Yes,Yes,Android,15.7,18,83.0,62.5,76.0,1581.11,Flagship,1442.58,7.6,Student,4.28,1940,70.7,82.0,54.8,0,22925.56,7.81,62808,99306356.88,9.43,36,Online Store,India,Yes,0
2890,Google,2735,0,1.6,1,27,1,256,0.2,141,8,107,1378,2058,6144,13,11,9,0,1,Snapdragon,4473,AMOLED,60,1,WiFi 7,5.2,Yes,Yes,Yes,Android,13.6,18,96.5,99.1,89.8,1643.61,Flagship,1813.16,9.53,Professional,5.0,354,96.7,75.7,90.2,10,16721.17,5.38,37286,55155278.21,9.27,36,Retail Store,Germany,Yes,0
2891,Samsung,6803,1,2.1,1,6,1,256,0.8,193,4,97,802,1316,8192,14,0,4,0,0,Snapdragon,4640,LCD,90,1,WiFi 5,5.0,Yes,Yes,Yes,Android,13.7,45,85.2,73.6,87.2,1679.71,Flagship,1524.99,21.34,Gamer,4.79,4141,86.8,59.6,70.1,10,51379.76,5.07,41578,62855084.14,0.82,12,E-commerce Marketplace,India,Yes,1
2892,Apple,6285,0,2.0,1,31,1,32,1.0,213,8,42,249,2274,4096,14,7,17,1,0,Apple Bionic,5135,Super AMOLED,60,1,WiFi 6,5.4,No,Yes,No,iOS,18.9,80,86.6,41.3,77.0,1185.67,Premium,1390.6,14.73,Student,4.26,2988,96.7,59.8,65.6,0,27838.77,9.25,38106,45181141.02,7.64,18,E-commerce Marketplace,UAE,Yes,1
2893,OnePlus,2739,0,0.8,1,5,1,32,0.5,135,4,71,2146,2194,2048,8,9,8,0,0,Google Tensor,1758,LCD,60,1,WiFi 7,5.3,Yes,Yes,No,Android,18.9,65,93.5,59.8,66.6,735.17,Premium,680.13,6.68,Gamer,4.54,1942,96.7,87.4,74.9,25,5000.0,5.68,32447,17890545.74,4.32,24,E-commerce Marketplace,Germany,No,0
2894,OnePlus,3700,1,2.3,1,21,1,256,0.3,118,6,14,235,1120,8192,9,3,13,1,0,Snapdragon,5133,Super AMOLED,144,1,WiFi 6,5.2,Yes,No,Yes,Android,15.3,65,93.2,33.5,95.1,1790.9,Flagship,1851.09,9.03,General User,4.44,347,81.4,100.0,43.7,15,17568.0,9.36,36444,55477425.66,6.45,36,Online Store,India,Yes,0
2895,Oppo,6910,0,1.9,0,0,1,64,0.4,100,10,5,355,1312,6144,9,8,7,1,1,MediaTek Dimensity,4926,LCD,144,0,WiFi 5,5.3,No,Yes,Yes,Android,14.0,120,93.0,38.6,61.3,1317.67,Flagship,1413.33,0.66,Gamer,3.76,1162,76.6,65.7,67.3,5,16213.74,5.73,33195,41553052.87,7.58,12,E-commerce Marketplace,UK,No,1
2896,Motorola,2789,0,0.9,1,1,1,128,1.0,237,4,92,1854,1269,8192,14,7,10,1,1,Snapdragon,3722,Super AMOLED,60,1,WiFi 6,5.2,No,Yes,Yes,Android,15.6,65,80.3,85.9,59.2,1525.92,Flagship,1675.03,5.33,Student,3.9,233,72.9,57.6,65.4,5,39322.74,4.25,25017,36265243.61,5.91,36,Online Store,Singapore,No,0
2897,Google,3465,0,2.3,1,20,1,64,0.3,116,8,34,1419,837,12288,12,0,6,1,1,MediaTek Dimensity,7241,OLED,144,0,WiFi 6,5.4,No,Yes,Yes,Android,16.1,80,96.6,39.0,100.0,1617.53,Flagship,1391.38,7.63,Gamer,4.76,737,100.0,76.6,63.8,5,22164.39,5.74,30338,46618993.88,0.99,36,E-commerce Marketplace,USA,No,2
2898,Oppo,5236,1,1.8,1,30,1,512,0.2,208,4,101,1713,1324,12288,15,0,17,0,0,Apple Bionic,5567,Super AMOLED,90,1,WiFi 6,5.2,No,Yes,Yes,Android,16.1,65,81.4,88.5,97.7,2180.35,Flagship,2466.7,5.3,Student,4.98,272,100.0,83.7,62.0,5,72741.39,7.86,43519,90142319.07,5.46,36,Telecom Partner,Germany,Yes,2
2899,Google,5553,0,3.4,1,29,1,256,0.7,228,8,70,1267,619,8192,11,10,10,1,1,Snapdragon,6199,Super AMOLED,60,1,WiFi 7,5.4,Yes,No,Yes,Android,12.1,25,86.3,82.1,76.7,1552.26,Flagship,1718.23,13.22,General User,4.26,329,90.5,95.7,76.7,20,25195.89,7.17,44167,54846933.94,9.03,24,Retail Store,Singapore,Yes,1
2900,Realme,5561,0,1.2,0,14,1,32,0.3,240,8,96,1050,1941,8192,6,5,11,0,0,MediaTek Dimensity,4794,Super AMOLED,60,1,WiFi 6,5.1,No,Yes,No,Android,18.8,25,93.4,90.8,69.7,1396.43,Flagship,1375.35,14.4,General User,4.53,1544,89.6,91.8,79.3,25,90220.16,12.1,46010,48187308.22,5.39,18,Online Store,Germany,Yes,1
2901,Apple,3174,0,3.4,1,6,1,64,0.3,149,10,88,1630,2342,2048,9,3,12,1,1,Snapdragon,4916,OLED,60,0,WiFi 6,5.4,Yes,Yes,Yes,iOS,18.2,25,76.6,71.5,65.7,1135.2,Premium,1076.3,21.21,Student,4.79,1455,92.1,100.0,80.6,10,15448.05,8.14,47389,48416393.52,5.65,36,Telecom Partner,India,Yes,0
2902,OnePlus,4028,1,0.9,0,11,1,256,0.2,226,8,82,348,1491,6144,15,3,20,1,0,MediaTek Dimensity,3991,LCD,90,1,WiFi 6,5.4,Yes,No,Yes,Android,16.7,18,98.5,65.1,91.4,1473.24,Flagship,1346.07,4.06,Student,4.85,1034,100.0,87.9,88.3,20,226421.43,6.46,41980,49477292.16,5.61,24,E-commerce Marketplace,USA,Yes,0
2903,OnePlus,3876,0,2.5,0,8,1,64,0.8,159,6,41,579,1141,6144,19,3,2,0,1,Exynos,4064,AMOLED,144,1,WiFi 6E,5.1,Yes,Yes,Yes,Android,12.6,45,78.0,51.4,88.9,1426.38,Flagship,1514.06,0.1,Business User,4.16,4999,80.1,80.9,82.2,20,17964.74,9.07,38620,44069436.48,2.74,12,E-commerce Marketplace,Singapore,Yes,0
2904,Realme,3875,0,3.0,1,16,1,64,0.3,84,10,106,1049,2225,6144,13,7,10,0,0,Snapdragon,5635,LCD,120,0,WiFi 6E,5.0,No,Yes,Yes,Android,14.0,33,95.1,92.7,71.0,1073.6,Premium,1067.21,3.13,Professional,4.68,1395,93.2,100.0,71.4,0,183976.27,3.74,40720,43716992.0,3.2,12,E-commerce Marketplace,Australia,Yes,0
2905,Vivo,4054,1,2.8,1,27,1,128,1.0,217,8,28,621,1483,4096,13,5,15,1,0,Google Tensor,4409,LCD,60,1,WiFi 6E,5.1,No,Yes,Yes,Android,18.6,33,98.2,64.1,65.4,971.91,Premium,931.0,8.62,Business User,3.93,556,64.6,100.0,44.9,15,39471.52,4.8,33410,27600786.14,4.75,12,Telecom Partner,UK,No,0
2906,OnePlus,5810,0,2.2,0,29,1,128,0.6,93,8,8,210,1268,8192,19,3,4,1,0,Apple Bionic,5786,Super AMOLED,144,1,WiFi 6,5.1,Yes,Yes,No,Android,16.0,18,93.6,41.6,78.1,1338.43,Flagship,1273.06,4.93,Professional,4.56,464,100.0,72.9,78.1,20,89979.08,4.8,35521,38033897.62,0.5,24,Online Store,Singapore,Yes,1
2907,Oppo,6281,0,2.3,1,23,1,64,0.4,94,8,12,142,1995,6144,5,9,2,1,1,MediaTek Dimensity,4765,Super AMOLED,90,1,WiFi 5,5.4,Yes,Yes,Yes,Android,12.2,45,82.3,21.7,77.8,1243.73,Flagship,1379.67,11.92,General User,4.27,618,86.0,100.0,75.0,10,28431.53,3.72,20640,23103528.48,2.33,12,Retail Store,Australia,No,1
2908,Samsung,4801,0,1.8,0,18,1,64,0.4,159,10,60,1227,1837,6144,18,1,7,1,0,Exynos,4718,LCD,90,1,WiFi 5,5.1,Yes,Yes,Yes,Android,17.4,120,100.0,52.2,75.6,1375.82,Flagship,1427.61,14.46,General User,4.61,140,95.8,95.1,85.3,10,45565.33,3.03,39492,48900495.1,1.61,12,Online Store,UK,Yes,0
2909,Apple,2543,1,2.8,0,7,1,64,0.7,133,4,57,1441,947,8192,15,5,17,0,0,Snapdragon,4072,AMOLED,90,1,WiFi 6,5.0,No,Yes,Yes,iOS,19.8,80,79.8,84.5,93.4,2094.74,Flagship,2168.43,15.07,Gamer,4.96,6149,100.0,100.0,84.1,10,91064.09,4.48,32057,60435972.16,7.4,36,E-commerce Marketplace,India,No,2
2910,Oppo,3897,0,3.5,1,10,1,256,0.9,207,10,30,1023,2231,6144,17,0,20,1,0,Snapdragon,6194,IPS LCD,90,1,WiFi 7,5.2,No,No,Yes,Android,17.5,45,81.3,54.5,86.4,1420.91,Flagship,1616.59,11.71,Professional,3.54,9733,92.3,68.5,53.2,10,23414.46,2.79,28212,36078041.63,6.94,36,Telecom Partner,USA,No,0
2911,Samsung,4444,0,2.0,1,13,1,128,0.9,123,8,61,1506,2386,4096,6,9,5,1,1,MediaTek Dimensity,4308,IPS LCD,144,1,WiFi 5,5.4,Yes,No,Yes,Android,13.2,45,92.4,35.6,65.2,1234.43,Flagship,1342.37,12.78,Student,4.02,984,80.5,86.1,88.5,0,49453.2,8.47,50911,62846065.73,2.93,24,E-commerce Marketplace,India,Yes,0
2912,Samsung,5259,1,1.9,1,11,1,256,0.9,109,6,63,1363,1095,8192,15,5,8,0,1,MediaTek Dimensity,4638,IPS LCD,60,0,WiFi 7,5.4,No,No,Yes,Android,14.7,18,82.1,50.0,63.3,1529.1,Flagship,1326.07,13.64,General User,4.33,3569,86.6,81.8,61.4,0,12012.38,2.0,18914,28921397.4,5.13,36,E-commerce Marketplace,USA,No,1
2913,OnePlus,3953,0,2.2,0,5,1,64,0.3,155,4,69,1725,554,8192,11,2,10,0,1,Snapdragon,4300,IPS LCD,90,1,WiFi 6E,5.4,No,Yes,Yes,Android,17.9,80,79.9,71.6,59.7,1381.9,Flagship,1435.15,3.8,General User,4.25,2949,87.8,100.0,67.0,25,268185.48,5.18,33385,34601048.63,6.34,18,Retail Store,Germany,No,0
2914,Oppo,5041,1,2.0,0,10,1,128,0.5,82,6,96,402,1371,12288,19,3,5,1,0,Exynos,6115,Super AMOLED,90,1,WiFi 6,5.3,Yes,Yes,Yes,Android,13.7,120,78.4,81.6,77.8,1933.24,Flagship,2074.94,5.13,Professional,5.0,1160,100.0,89.8,63.0,5,132570.05,7.78,20767,38140215.33,7.87,36,Online Store,Germany,No,2
2915,Realme,3768,1,2.6,0,14,1,128,0.6,203,4,79,2104,1724,8192,15,4,10,1,1,Apple Bionic,4692,IPS LCD,144,1,WiFi 6E,5.0,No,Yes,No,Android,15.0,45,82.7,68.1,83.1,1294.7,Flagship,1091.85,7.57,Business User,4.96,1395,100.0,100.0,100.0,0,87261.02,4.89,55406,71734148.2,0.5,18,Online Store,UAE,Yes,0
2916,OnePlus,5783,0,0.9,0,6,1,128,0.3,175,8,9,1767,2380,8192,19,5,6,0,0,Google Tensor,4274,OLED,60,1,WiFi 6,5.1,No,No,No,Android,17.5,45,80.2,38.8,70.6,1249.21,Flagship,1442.78,8.25,Gamer,4.66,2293,89.8,69.4,88.9,15,24582.49,9.99,37359,39668850.93,7.09,24,Retail Store,USA,Yes,1
2917,OnePlus,6785,0,0.9,1,13,1,128,0.3,136,10,97,967,1758,3072,18,11,2,0,0,Google Tensor,3024,AMOLED,144,1,WiFi 6E,5.4,No,Yes,Yes,Android,17.6,80,93.2,93.0,80.9,1522.23,Flagship,1397.47,1.13,Gamer,4.76,255,92.3,69.3,63.6,0,32132.17,6.21,30259,46061157.57,4.32,24,Telecom Partner,USA,No,1
2918,Apple,5365,0,1.1,1,29,1,256,0.5,154,10,91,956,835,6144,11,5,18,0,0,Apple Bionic,4280,IPS LCD,120,1,WiFi 6,5.3,No,Yes,Yes,iOS,18.9,65,79.2,67.8,74.3,1924.53,Flagship,1790.54,12.16,Student,4.56,17502,80.3,84.2,72.4,0,215348.77,6.17,43085,82918375.05,6.45,36,Telecom Partner,Germany,Yes,1
2919,Oppo,5710,1,2.5,1,28,1,256,0.6,133,4,106,2057,861,6144,17,7,17,0,1,Apple Bionic,3536,Super AMOLED,90,1,WiFi 6,5.1,No,Yes,Yes,Android,18.6,25,82.3,61.8,92.1,1524.34,Flagship,1661.54,6.49,Professional,4.56,9755,83.4,100.0,86.3,0,46960.6,5.27,36643,55856390.62,10.76,24,E-commerce Marketplace,Germany,Yes,1
2920,Vivo,3758,0,2.5,1,7,1,128,0.3,205,6,46,1679,1369,6144,5,9,13,1,0,MediaTek Dimensity,4661,IPS LCD,144,0,WiFi 7,5.1,No,Yes,Yes,Android,15.7,80,87.9,32.6,76.7,1514.16,Flagship,1274.35,10.32,Gamer,4.6,5096,100.0,78.3,90.8,10,78058.94,6.73,43377,59111746.49,6.63,12,Telecom Partner,USA,Yes,0
2921,Realme,2788,0,1.0,1,27,1,512,0.3,112,10,15,869,1174,12288,15,10,14,0,1,Google Tensor,6875,AMOLED,60,0,WiFi 6,5.2,No,Yes,Yes,Android,15.1,33,88.4,20.0,84.9,1744.89,Flagship,1780.75,1.26,Professional,4.21,1599,79.1,87.0,85.6,20,23632.87,9.28,42380,59158750.56,9.52,36,Online Store,India,Yes,2
2922,Apple,2854,0,3.1,1,12,1,256,0.4,124,8,23,1923,2046,8192,18,9,20,0,0,Snapdragon,5765,LCD,144,1,WiFi 6,5.2,Yes,No,No,iOS,17.9,18,83.4,75.2,67.1,2406.56,Flagship,2161.97,17.01,Gamer,4.78,425,88.0,93.4,72.3,25,37145.08,13.96,43958,79340673.36,6.94,12,E-commerce Marketplace,Germany,Yes,2
2923,Apple,6767,1,1.6,1,29,1,256,0.5,142,10,27,1329,780,12288,10,10,3,0,1,Apple Bionic,6680,OLED,90,1,WiFi 5,5.4,Yes,Yes,Yes,iOS,19.4,25,93.4,54.0,76.0,2302.5,Flagship,2076.5,16.11,Student,4.7,1831,97.4,62.2,77.2,5,21848.46,6.42,36837,80576332.88,8.52,12,Telecom Partner,India,Yes,2
2924,Google,4031,1,3.3,0,29,1,128,0.4,192,6,95,2047,2365,8192,8,1,20,1,0,Snapdragon,4393,IPS LCD,90,1,WiFi 6,5.2,Yes,No,No,Android,13.7,18,94.1,64.5,88.5,1383.62,Flagship,1561.74,10.76,Student,5.0,1578,100.0,97.2,68.3,5,120733.58,0.97,20528,26982803.79,8.31,24,Online Store,Germany,No,0
2925,Oppo,3581,0,2.2,1,16,1,128,0.3,219,4,68,1240,1979,8192,19,11,15,1,1,Google Tensor,4402,LCD,120,1,WiFi 6,5.3,No,Yes,Yes,Android,12.9,120,84.3,47.3,59.5,1655.18,Flagship,1459.54,6.79,Business User,4.62,2394,85.8,81.8,79.8,5,114501.38,0.1,37336,58707910.46,1.02,36,Telecom Partner,USA,Yes,0
2926,Xiaomi,3661,0,2.9,0,17,1,256,0.2,192,4,74,1323,1184,8192,8,7,20,0,1,Exynos,5271,Super AMOLED,120,1,WiFi 5,5.0,No,Yes,Yes,Android,15.7,33,96.6,87.4,71.0,1858.55,Flagship,2175.0,6.88,General User,4.76,1085,99.9,64.3,52.3,15,31270.15,5.13,17702,27965044.28,2.85,18,Online Store,USA,No,2
2927,Oppo,6684,1,3.0,1,21,1,64,0.6,115,4,12,2193,913,3072,11,7,13,1,1,MediaTek Dimensity,2781,Super AMOLED,120,0,WiFi 6,5.4,Yes,Yes,Yes,Android,15.5,65,96.1,44.1,84.5,1185.69,Premium,1394.39,5.55,Professional,4.61,6130,90.7,100.0,66.1,20,94525.7,5.62,38816,36818994.43,3.61,18,Telecom Partner,USA,Yes,1
2928,OnePlus,3523,1,1.9,0,8,1,128,0.4,124,10,106,1571,2184,4096,6,1,4,1,0,MediaTek Dimensity,4353,IPS LCD,120,1,WiFi 5,5.1,No,No,Yes,Android,18.8,45,80.4,92.8,76.4,1292.39,Flagship,1317.1,2.92,General User,4.72,3182,91.9,84.2,76.9,15,37478.61,4.37,45368,49838177.09,3.92,18,Telecom Partner,USA,Yes,0
2929,Realme,3423,0,1.8,1,6,1,256,0.3,213,10,22,1678,1909,8192,10,3,13,1,0,MediaTek Dimensity,6300,AMOLED,144,1,WiFi 6,5.4,Yes,Yes,Yes,Android,18.7,33,77.2,32.5,81.8,1650.58,Flagship,1785.16,3.79,Professional,3.99,4091,78.5,100.0,60.9,20,63234.33,9.3,51360,67819031.04,4.18,18,Retail Store,USA,Yes,0
2930,Xiaomi,6869,1,2.4,1,15,1,32,0.7,134,10,73,390,1597,8192,12,3,14,1,0,Snapdragon,5238,Super AMOLED,120,1,WiFi 6,5.2,No,Yes,Yes,Android,16.1,120,84.4,79.3,86.8,1750.69,Flagship,1515.83,10.91,Student,5.0,1625,100.0,100.0,71.6,10,48434.34,14.66,48347,76176548.49,1.47,36,Online Store,Singapore,Yes,1
2931,OnePlus,3079,0,2.0,0,13,1,256,1.0,158,10,71,1660,1406,8192,17,9,5,1,1,MediaTek Dimensity,5904,AMOLED,90,0,WiFi 5,5.2,No,Yes,Yes,Android,14.4,65,99.0,68.8,86.3,1417.21,Flagship,1467.53,6.46,Professional,4.58,427,97.9,98.4,71.6,10,515804.63,9.95,51604,65820334.36,7.41,36,Retail Store,Singapore,Yes,0
2932,Vivo,5047,1,0.8,0,20,1,128,0.7,144,10,67,1896,901,16384,17,8,17,1,1,Exynos,8314,OLED,90,0,WiFi 5,5.4,Yes,Yes,Yes,Android,17.4,33,85.1,59.6,85.8,2057.49,Flagship,2250.37,6.03,Student,4.3,1016,73.7,89.7,65.5,5,882733.86,15.46,102324,200004076.4,3.5,18,E-commerce Marketplace,India,Yes,2
2933,Apple,4929,1,2.2,0,31,1,16,0.8,159,10,72,2037,1352,6144,12,3,2,0,1,Exynos,4889,Super AMOLED,90,1,WiFi 6,5.3,Yes,Yes,No,iOS,19.1,25,94.9,80.7,78.2,1636.35,Flagship,1908.47,10.74,Professional,4.99,3414,91.4,92.9,80.5,20,87560.53,5.29,36143,47314078.44,2.28,36,E-commerce Marketplace,Germany,Yes,1
2934,Xiaomi,2909,0,3.4,0,9,1,256,0.4,81,6,71,1990,2395,8192,6,11,10,1,1,Exynos,5758,AMOLED,60,1,WiFi 6,5.1,Yes,No,Yes,Android,18.5,33,83.4,72.4,83.8,1435.06,Flagship,1617.5,7.52,Business User,4.83,5674,96.6,86.4,59.2,20,140520.57,4.71,40954,47017157.79,2.87,18,Telecom Partner,USA,Yes,0
2935,Google,4160,1,0.9,1,7,1,16,0.7,182,10,78,587,2130,2048,19,4,11,0,1,Apple Bionic,2461,AMOLED,144,1,WiFi 6,5.1,Yes,Yes,Yes,Android,14.9,33,97.5,81.3,58.6,1065.27,Premium,1020.81,9.47,General User,4.6,1993,95.6,88.9,74.4,20,36561.59,9.27,47235,40254422.76,2.89,36,E-commerce Marketplace,USA,Yes,0
2936,Realme,3874,1,2.3,1,22,1,128,0.8,186,4,18,1361,2025,16384,9,1,11,0,1,Exynos,8043,OLED,120,0,WiFi 5,5.1,Yes,Yes,Yes,Android,18.6,80,93.6,61.4,90.5,1943.43,Flagship,1735.3,4.2,Professional,5.0,4906,100.0,91.3,83.5,25,48147.02,4.47,52415,76398662.59,5.33,12,Retail Store,USA,Yes,2
2937,Apple,5684,1,1.7,0,22,1,256,0.7,93,6,38,1573,1687,6144,9,4,5,1,1,MediaTek Dimensity,3685,IPS LCD,60,1,WiFi 6E,5.2,Yes,No,Yes,iOS,17.8,18,79.9,52.7,92.0,1779.48,Flagship,2060.17,15.52,General User,3.99,751,93.9,100.0,80.0,10,121284.43,9.59,28213,45184022.32,4.75,18,Online Store,Australia,No,1
2938,Motorola,4198,0,1.6,1,18,1,256,0.5,157,4,6,1148,2160,8192,17,3,9,0,1,MediaTek Dimensity,4354,OLED,144,1,WiFi 5,5.4,Yes,Yes,Yes,Android,18.4,18,93.5,42.2,88.9,1611.11,Flagship,1768.59,8.25,Student,4.07,484,79.7,93.1,74.0,15,52842.58,2.69,25400,34783864.9,4.13,18,Retail Store,USA,No,0
2939,Google,3960,0,2.7,1,30,1,128,0.6,214,8,91,1054,1410,8192,10,1,9,0,1,Snapdragon,5375,OLED,90,1,WiFi 6,5.2,No,Yes,Yes,Android,17.6,33,96.5,88.8,77.6,1672.16,Flagship,1401.44,4.84,Student,4.68,366,100.0,98.1,81.9,0,50834.96,6.47,39700,66384752.0,2.83,24,Retail Store,UAE,Yes,0
2940,Realme,6880,0,2.6,1,6,1,256,0.4,109,4,24,1790,976,8192,13,10,18,0,0,Apple Bionic,4564,OLED,144,1,WiFi 7,5.0,Yes,Yes,Yes,Android,15.8,25,81.3,23.8,90.0,1691.21,Flagship,1462.33,6.91,General User,4.3,2998,85.7,99.2,92.9,0,172467.17,7.77,46810,79165540.1,6.48,24,Online Store,USA,Yes,1
2941,Oppo,5032,1,1.2,0,14,1,128,0.7,99,6,55,1620,1983,12288,19,0,8,0,1,MediaTek Dimensity,5479,AMOLED,60,1,WiFi 7,5.4,Yes,Yes,Yes,Android,14.3,80,91.6,57.8,84.6,1655.47,Flagship,1575.67,9.81,Professional,4.18,5070,91.6,97.7,78.8,0,198586.62,6.45,41453,68624197.91,4.48,36,Retail Store,Singapore,Yes,2
2942,Google,5473,1,2.7,1,17,1,64,0.5,207,6,66,1872,1797,4096,5,1,17,0,1,Snapdragon,3721,Super AMOLED,60,0,WiFi 7,5.4,Yes,Yes,Yes,Android,16.6,65,89.7,97.5,68.7,1215.01,Flagship,1086.96,0.1,Business User,4.07,13389,82.6,59.2,62.1,5,52938.06,4.86,28198,32547809.38,0.8,36,E-commerce Marketplace,UAE,No,1
2943,Apple,4304,1,0.9,0,29,1,64,0.3,198,6,92,567,650,6144,8,8,8,1,0,Apple Bionic,3955,IPS LCD,144,1,WiFi 7,5.1,No,Yes,Yes,iOS,16.9,80,98.9,95.6,50.7,1682.22,Flagship,1542.39,14.91,General User,4.52,4253,91.0,77.9,79.3,10,35145.21,4.75,40368,61117071.26,1.6,12,E-commerce Marketplace,Germany,Yes,0
2944,Oppo,3692,0,2.5,0,8,1,128,0.2,119,8,6,2010,1231,12288,12,5,16,1,1,Apple Bionic,7038,Super AMOLED,90,1,WiFi 6E,5.2,No,Yes,Yes,Android,17.8,80,91.6,25.7,84.7,1583.7,Flagship,1693.17,6.56,General User,4.22,3605,81.2,84.2,75.1,20,264189.83,6.67,46455,58856626.8,4.71,36,Online Store,India,Yes,2
2945,Xiaomi,6931,1,1.8,1,18,1,256,0.1,107,6,54,139,1850,12288,19,10,10,0,1,Apple Bionic,5841,IPS LCD,120,1,WiFi 5,5.1,Yes,No,Yes,Android,15.4,120,87.2,79.9,70.9,2166.62,Flagship,2538.41,8.25,Student,5.0,227,100.0,89.3,80.6,20,19676.41,2.35,27592,47825103.23,6.59,36,Online Store,India,No,2
2946,Realme,5890,0,2.0,1,4,1,64,1.0,125,8,12,2044,2124,6144,14,0,6,1,1,Exynos,4607,OLED,144,0,WiFi 6,5.2,Yes,Yes,Yes,Android,13.1,33,90.8,56.1,73.8,1140.58,Premium,1158.83,2.06,Professional,4.43,1367,93.4,98.1,93.3,0,98912.52,6.83,52945,60388008.1,4.91,24,E-commerce Marketplace,Australia,Yes,1
2947,Apple,6491,1,1.0,1,18,1,256,0.6,110,10,30,1963,2223,6144,14,3,14,0,1,Apple Bionic,4283,OLED,60,1,WiFi 6,5.1,Yes,No,Yes,iOS,19.5,45,90.3,43.5,88.0,1701.61,Flagship,1497.89,17.07,Professional,3.97,2997,80.7,74.7,62.8,20,125489.61,5.61,25608,34859863.1,4.04,24,E-commerce Marketplace,Germany,No,1
2948,Motorola,3888,0,2.2,0,1,1,128,0.3,172,4,76,1418,2213,2048,12,0,20,0,1,Exynos,1804,Super AMOLED,90,1,WiFi 5,5.3,Yes,Yes,Yes,Android,16.5,18,99.5,86.4,77.4,1232.03,Flagship,1308.81,9.54,Professional,4.82,4386,88.4,100.0,63.2,10,17170.44,9.75,44936,49826250.07,2.35,18,Online Store,Germany,Yes,0
2949,Apple,5711,0,2.3,1,8,1,256,0.5,164,10,45,775,1001,8192,7,2,4,0,1,Apple Bionic,5847,OLED,120,1,WiFi 6,5.3,Yes,Yes,Yes,iOS,18.9,33,81.5,37.7,77.1,2128.41,Flagship,1856.67,17.16,Gamer,3.57,2312,73.3,72.2,56.2,10,234238.36,5.81,30934,59256211.45,5.46,24,Online Store,Singapore,No,2
2950,Apple,5224,1,1.2,1,31,1,128,0.8,116,10,107,599,753,8192,17,4,10,0,1,MediaTek Dimensity,4329,AMOLED,144,1,WiFi 5,5.4,Yes,Yes,Yes,iOS,18.5,18,92.7,90.0,82.3,2310.83,Flagship,2475.48,5.88,Professional,4.61,685,100.0,94.9,73.8,20,301505.73,5.62,42504,78575614.66,8.89,24,Retail Store,USA,Yes,2
2951,Realme,6018,0,3.5,0,31,1,128,0.2,105,6,59,1150,1875,3072,10,2,16,1,0,Apple Bionic,3535,Super AMOLED,90,0,WiFi 6,5.2,Yes,Yes,Yes,Android,15.5,45,90.8,68.6,87.5,958.81,Premium,930.73,4.64,Professional,4.41,263,88.3,88.6,97.0,20,63053.79,3.94,38674,29664814.35,4.41,36,E-commerce Marketplace,USA,Yes,1
2952,OnePlus,3031,0,2.9,0,16,1,128,0.5,161,6,5,1602,509,6144,7,3,16,1,1,Exynos,5175,AMOLED,90,0,WiFi 6,5.4,Yes,Yes,Yes,Android,14.8,33,80.5,53.3,87.5,1072.68,Premium,1161.52,12.61,General User,4.55,983,85.6,100.0,83.7,10,46334.62,5.66,51944,50147360.93,4.16,24,E-commerce Marketplace,India,Yes,0
2953,OnePlus,6569,1,1.2,0,7,1,128,0.9,160,6,87,1640,1291,6144,5,7,4,0,0,Apple Bionic,3735,AMOLED,120,1,WiFi 6,5.4,Yes,Yes,Yes,Android,15.3,45,90.5,65.6,81.2,1374.0,Flagship,1459.65,17.25,Gamer,5.0,5241,100.0,100.0,81.5,5,23957.29,6.67,22612,29515443.6,9.37,18,E-commerce Marketplace,USA,No,1
2954,Samsung,5878,1,0.9,0,15,1,512,0.6,157,4,60,1190,1727,6144,11,3,11,1,1,Apple Bionic,3871,AMOLED,144,1,WiFi 6,5.0,Yes,Yes,Yes,Android,15.1,25,88.7,76.8,84.4,2276.66,Flagship,1914.44,4.33,Business User,4.56,10999,98.6,78.6,70.1,5,1000000.0,15.72,101221,218923511.8,1.8,18,Online Store,UK,Yes,2
2955,Oppo,3453,1,2.5,0,2,1,512,0.9,99,8,64,1521,1242,6144,10,6,19,1,1,Apple Bionic,4743,OLED,120,0,WiFi 6,5.1,No,Yes,No,Android,13.6,25,94.3,72.7,83.4,1904.44,Flagship,1783.13,9.64,Business User,5.0,1442,100.0,98.2,81.3,10,19593.15,8.04,44140,75655783.44,7.29,12,Online Store,Australia,Yes,0
2956,Realme,2668,0,1.0,1,7,1,256,0.8,111,10,39,1324,596,6144,12,11,18,0,0,Apple Bionic,5118,IPS LCD,144,1,WiFi 6,5.3,Yes,Yes,No,Android,16.8,80,84.3,30.7,63.4,1601.07,Flagship,1644.89,4.05,Gamer,4.03,355,95.9,100.0,77.8,5,130666.27,6.57,52779,80277729.85,6.41,12,E-commerce Marketplace,UAE,Yes,0
2957,Vivo,5448,0,2.4,1,7,1,64,1.0,90,4,101,314,1003,6144,16,11,9,1,0,Snapdragon,3818,IPS LCD,60,1,WiFi 6,5.1,No,Yes,No,Android,12.4,120,98.6,100.0,80.2,1316.67,Flagship,1216.96,3.18,Business User,4.98,386,99.0,94.6,82.7,0,84031.94,6.45,29142,38370397.14,4.2,36,Retail Store,Australia,No,1
2958,Apple,4199,0,0.9,0,11,1,16,0.8,103,4,56,392,2130,8192,12,7,3,1,1,Google Tensor,4230,IPS LCD,60,1,WiFi 7,5.2,Yes,Yes,Yes,iOS,18.8,120,94.3,82.1,79.2,1816.99,Flagship,1928.23,9.75,Student,4.5,3409,94.3,89.4,91.4,20,76300.92,9.43,38273,55633326.62,6.51,12,E-commerce Marketplace,Singapore,Yes,2
2959,Oppo,4642,1,3.0,1,28,1,128,0.1,180,10,28,2166,1522,8192,17,0,12,1,0,MediaTek Dimensity,6300,IPS LCD,60,1,WiFi 5,5.0,Yes,Yes,Yes,Android,16.7,33,89.0,44.6,68.4,1102.3,Premium,1270.0,4.16,Gamer,4.94,1372,88.2,100.0,82.4,10,152181.8,11.77,53554,53129316.78,5.46,18,Telecom Partner,UAE,Yes,0
2960,Samsung,6690,1,2.9,1,8,1,16,0.9,152,6,92,1687,881,6144,15,0,8,1,0,Google Tensor,4720,AMOLED,144,1,WiFi 5,5.4,Yes,Yes,Yes,Android,18.4,25,77.6,60.5,83.9,1458.21,Flagship,1258.41,11.74,Business User,4.99,336,97.4,84.4,84.3,10,15759.92,8.26,42717,56061320.91,0.5,24,E-commerce Marketplace,UK,Yes,1
2961,Motorola,2584,1,0.9,0,4,0,16,0.8,196,4,98,676,2167,4096,11,8,15,1,1,Google Tensor,2503,Super AMOLED,120,1,WiFi 6,5.4,Yes,Yes,Yes,Android,14.6,80,84.9,87.6,92.2,1390.15,Flagship,1391.71,4.33,Gamer,4.9,911,100.0,100.0,89.9,10,156565.44,9.76,53092,66425259.42,5.57,36,Retail Store,Australia,Yes,0
2962,Realme,4565,1,1.7,1,31,1,256,0.7,175,4,46,424,1367,3072,15,9,17,1,1,Snapdragon,2255,IPS LCD,90,1,WiFi 6,5.3,Yes,No,Yes,Android,12.9,45,79.0,54.4,75.3,1260.44,Flagship,1439.1,0.1,Gamer,4.84,3525,100.0,80.4,78.5,15,25855.72,4.35,25303,27108976.32,2.55,36,Telecom Partner,Australia,No,0
2963,Xiaomi,6529,1,2.2,0,3,1,32,0.8,161,10,47,1434,861,3072,13,11,12,0,0,Exynos,4210,OLED,120,1,WiFi 6,5.1,Yes,Yes,Yes,Android,16.1,25,79.8,72.7,70.1,1496.9,Flagship,1372.27,6.34,General User,4.17,355,82.6,100.0,67.5,25,50125.15,6.2,40548,45522225.9,9.16,18,Retail Store,USA,Yes,1
2964,Vivo,6605,0,2.2,1,14,1,64,0.9,106,8,12,2051,2187,2048,7,4,8,0,0,Snapdragon,3656,Super AMOLED,144,1,WiFi 6E,5.2,Yes,Yes,Yes,Android,12.3,25,88.5,54.0,91.5,1045.25,Premium,1135.61,15.34,Professional,4.39,1029,91.1,100.0,79.5,15,50680.67,3.32,33773,30006044.01,3.96,18,E-commerce Marketplace,Singapore,No,1
2965,Samsung,3073,1,2.8,1,28,1,128,0.6,129,6,49,559,2364,8192,18,7,6,0,0,MediaTek Dimensity,5353,LCD,60,0,WiFi 6,5.4,No,Yes,Yes,Android,15.7,25,90.3,75.9,70.7,1343.63,Flagship,1566.12,9.28,Gamer,4.77,1090,95.8,83.9,83.9,5,131998.17,6.82,46597,59478670.75,3.33,24,Online Store,UK,Yes,0
2966,Vivo,4455,0,3.0,0,4,1,128,0.4,153,8,81,1043,1335,6144,6,1,4,1,1,Snapdragon,4421,LCD,120,1,WiFi 6E,5.0,No,Yes,Yes,Android,14.5,33,95.3,50.4,78.5,1267.8,Flagship,1364.76,2.63,Student,4.68,8196,99.0,96.9,100.0,25,34850.16,8.41,58093,55237729.05,4.38,36,Online Store,Singapore,Yes,0
2967,Xiaomi,3033,0,1.9,1,7,1,256,0.2,229,6,71,1263,2055,4096,16,0,6,0,0,Snapdragon,3512,AMOLED,120,0,WiFi 6,5.4,Yes,Yes,No,Android,17.1,33,78.4,94.8,98.2,1399.7,Flagship,1228.63,4.73,Professional,5.0,471,100.0,94.6,86.2,10,31970.97,6.05,48841,61526472.93,2.52,36,Telecom Partner,UK,Yes,0
2968,Realme,3833,1,2.8,1,8,1,256,0.6,92,10,52,898,800,8192,15,5,5,0,0,Snapdragon,6094,LCD,144,1,WiFi 6,5.3,Yes,Yes,Yes,Android,18.2,120,85.1,77.6,81.7,1951.23,Flagship,1808.33,13.28,Gamer,5.0,5782,95.5,99.2,61.4,20,215545.43,6.33,35496,55408688.06,0.5,36,Retail Store,UK,Yes,2
2969,Realme,6804,0,2.0,1,4,1,256,0.6,137,4,100,2154,2270,6144,10,9,10,1,1,Apple Bionic,4245,AMOLED,144,1,WiFi 6E,5.0,No,Yes,Yes,Android,17.2,80,88.6,83.8,83.7,1772.61,Flagship,1687.84,4.54,General User,5.0,623,98.3,89.9,92.0,10,48545.64,2.13,36764,58651410.64,8.35,36,E-commerce Marketplace,Singapore,Yes,1
2970,Realme,6779,1,1.1,0,20,1,128,0.8,117,10,102,1977,1297,6144,11,10,12,0,1,Google Tensor,4781,IPS LCD,60,1,WiFi 5,5.1,Yes,Yes,Yes,Android,16.0,120,91.8,92.7,74.3,1651.89,Flagship,1511.6,2.34,Professional,5.0,1409,100.0,100.0,75.2,15,33378.31,7.52,35463,49793828.81,1.46,36,Retail Store,UK,Yes,1
2971,Realme,6116,0,2.4,1,27,1,256,0.8,208,8,48,1523,2092,6144,7,4,11,1,0,Snapdragon,4233,LCD,90,1,WiFi 6,5.0,Yes,No,Yes,Android,14.8,18,93.8,56.6,70.8,1508.51,Flagship,1616.63,0.92,General User,4.52,223,91.7,100.0,83.4,0,84271.02,4.13,27690,41770641.9,1.77,36,Online Store,Singapore,No,1
2972,Xiaomi,6024,1,1.8,0,1,1,256,0.3,210,10,87,923,1748,2048,8,7,15,0,0,Snapdragon,3093,OLED,144,0,WiFi 5,5.4,Yes,Yes,Yes,Android,17.0,65,89.1,82.4,84.6,1450.2,Flagship,1597.55,6.68,General User,4.56,352,100.0,93.1,90.5,20,108930.34,5.69,34120,39584659.2,0.5,24,Online Store,USA,No,1
2973,Xiaomi,5856,0,1.2,1,0,1,128,0.8,91,6,39,573,1039,8192,5,10,15,0,0,Apple Bionic,4606,OLED,144,1,WiFi 6E,5.0,Yes,Yes,Yes,Android,14.0,65,85.4,80.8,84.2,1543.04,Flagship,1440.77,10.28,Gamer,4.26,567,92.2,88.7,51.3,10,14127.59,3.19,29999,41660691.26,2.49,18,Retail Store,USA,No,1
2974,Samsung,5413,0,1.9,1,0,1,64,0.5,185,10,27,956,720,4096,5,11,19,1,1,Exynos,4564,OLED,144,1,WiFi 5,5.3,Yes,Yes,Yes,Android,13.5,65,73.1,46.0,85.9,1242.27,Flagship,1302.42,12.47,Professional,3.61,611,77.9,62.8,50.7,10,9675.94,11.59,43260,48366540.18,7.2,24,Retail Store,Germany,Yes,1
2975,Google,5005,0,1.2,1,18,1,128,0.3,108,10,44,367,2248,6144,13,7,5,0,1,Google Tensor,4671,LCD,120,1,WiFi 6E,5.0,No,Yes,Yes,Android,15.9,18,75.6,58.2,91.3,1452.17,Flagship,1334.01,10.83,Professional,4.47,2257,88.3,79.3,67.5,20,22576.44,8.41,34433,40002055.69,0.5,24,Retail Store,UAE,No,1
2976,Realme,5158,1,1.8,1,22,1,128,0.7,194,4,35,1621,2326,3072,19,3,17,0,1,Exynos,2593,LCD,120,1,WiFi 6,5.4,Yes,No,Yes,Android,14.7,45,91.2,46.3,79.5,1104.64,Premium,1050.09,3.96,General User,4.35,3391,81.9,100.0,60.7,15,63903.5,4.55,42181,39605596.86,1.1,24,E-commerce Marketplace,USA,Yes,1
2977,Apple,6769,1,2.7,1,13,1,128,0.5,103,6,14,1119,602,8192,18,3,10,1,1,Snapdragon,4836,IPS LCD,60,0,WiFi 6,5.4,No,Yes,No,iOS,16.4,18,96.4,38.9,72.0,1880.41,Flagship,2099.08,15.99,Business User,4.68,164,97.4,100.0,55.3,10,111896.63,3.89,31659,53578710.17,4.95,18,Online Store,Germany,No,1
2978,Oppo,6436,1,2.1,1,1,1,512,0.5,212,10,87,836,1410,6144,17,0,9,1,0,Google Tensor,4733,IPS LCD,90,1,WiFi 6E,5.1,Yes,Yes,Yes,Android,13.4,65,94.7,94.8,94.6,2124.8,Flagship,1836.38,5.63,Gamer,4.62,401,93.2,59.9,44.4,15,25000.38,4.22,11849,21400241.92,4.46,36,Retail Store,USA,No,1
2979,Google,5355,1,3.3,0,28,0,64,0.3,148,4,31,1774,726,2048,14,11,8,0,0,Google Tensor,2849,Super AMOLED,144,1,WiFi 5,5.3,Yes,Yes,Yes,Android,16.7,120,78.0,35.0,83.4,1225.66,Flagship,1072.51,0.1,Student,4.82,1705,94.4,82.4,80.1,10,38346.03,14.46,50093,55257287.74,6.82,18,Retail Store,Australia,Yes,1
2980,Samsung,5390,1,3.4,1,15,1,128,0.2,186,4,87,648,2061,4096,8,8,6,0,1,Google Tensor,3699,IPS LCD,60,1,WiFi 6E,5.4,Yes,No,No,Android,18.5,25,93.6,68.1,90.4,1144.93,Premium,1001.45,13.12,General User,4.59,1017,95.0,82.7,67.1,10,422882.77,12.26,74960,77241557.52,0.99,18,E-commerce Marketplace,Australia,Yes,1
2981,Samsung,4524,0,1.3,0,0,1,128,0.7,163,8,65,345,832,16384,11,11,17,0,1,Apple Bionic,7721,IPS LCD,90,1,WiFi 6E,5.1,Yes,Yes,Yes,Android,12.6,65,94.9,86.8,84.2,1996.38,Flagship,2326.84,13.32,Business User,4.55,823,90.1,96.7,70.5,15,63262.68,2.39,26129,44338901.07,4.27,12,E-commerce Marketplace,Singapore,No,2
2982,Vivo,4413,1,2.1,0,22,1,256,0.3,233,10,41,1516,1299,8192,9,6,11,0,0,Apple Bionic,6105,OLED,144,1,WiFi 6E,5.1,No,No,Yes,Android,14.5,80,100.0,50.4,86.8,1926.55,Flagship,2260.0,7.71,Student,4.26,363,89.1,79.0,71.8,10,24376.6,8.45,38560,66858991.2,5.1,18,E-commerce Marketplace,UK,Yes,2
2983,Vivo,3438,0,1.5,0,24,1,128,0.2,203,4,53,1527,928,8192,19,3,7,0,0,Apple Bionic,4696,Super AMOLED,90,1,WiFi 5,5.0,No,Yes,Yes,Android,15.5,25,89.0,79.8,86.2,1571.42,Flagship,1458.09,9.11,General User,4.14,973,80.1,100.0,63.6,0,54981.57,4.79,31439,49403873.38,3.56,24,Online Store,Singapore,No,0
2984,Realme,4576,0,2.8,1,6,1,256,0.4,174,4,95,525,1114,12288,17,0,6,0,0,Google Tensor,5842,Super AMOLED,120,1,WiFi 6,5.4,No,No,Yes,Android,15.0,80,87.0,93.2,85.4,2266.7,Flagship,2051.63,9.34,Professional,5.0,2817,91.5,89.3,75.9,15,52373.53,2.78,34111,65721493.14,5.98,12,Retail Store,India,No,2
2985,Realme,3150,1,1.2,1,20,1,128,0.7,124,8,17,2114,808,8192,6,11,12,0,0,Apple Bionic,4794,OLED,144,1,WiFi 6E,5.3,No,No,Yes,Android,15.4,65,87.1,34.3,82.2,1555.58,Flagship,1514.87,9.04,Gamer,4.37,398,82.7,90.2,73.2,20,163964.05,10.42,51709,64349988.98,2.92,18,E-commerce Marketplace,Singapore,Yes,0
2986,Realme,6631,1,2.8,1,14,1,16,0.7,237,8,78,1828,930,4096,14,9,8,1,1,MediaTek Dimensity,4216,Super AMOLED,60,0,WiFi 6E,5.2,No,Yes,Yes,Android,16.4,65,84.8,82.5,84.7,1051.7,Premium,1093.29,3.48,General User,5.0,6977,92.7,85.3,75.7,0,12238.7,3.71,11466,12058792.2,7.29,36,E-commerce Marketplace,UK,No,1
2987,Motorola,2951,0,0.9,1,17,0,256,0.3,140,6,48,877,1931,8192,15,11,9,1,1,Snapdragon,4521,AMOLED,90,1,WiFi 7,5.1,Yes,Yes,Yes,Android,13.6,25,79.8,46.1,67.4,1544.85,Flagship,1287.55,0.1,Student,4.14,1312,79.4,100.0,88.9,5,16465.36,0.1,26042,38219434.51,3.53,36,Retail Store,UAE,No,0
2988,OnePlus,6650,0,3.4,1,7,1,128,0.6,194,8,75,921,2185,6144,12,8,4,0,0,Apple Bionic,5052,Super AMOLED,120,1,WiFi 6E,5.0,No,Yes,Yes,Android,18.2,80,76.5,72.9,93.9,1380.63,Flagship,1208.92,1.04,Student,4.61,5914,94.7,100.0,67.7,25,23534.21,7.12,32284,33429194.19,5.29,36,Online Store,UAE,No,1
2989,Xiaomi,6048,1,2.8,0,2,1,16,0.2,159,8,23,1099,950,4096,15,4,17,0,0,MediaTek Dimensity,4681,Super AMOLED,144,1,WiFi 6E,5.0,No,No,Yes,Android,14.2,65,100.0,52.6,79.4,1215.15,Flagship,1161.38,9.52,Student,4.72,5267,87.4,100.0,57.5,15,8029.46,5.84,35901,37081335.13,7.12,36,Telecom Partner,Singapore,Yes,1
2990,Realme,2681,1,1.7,0,13,1,128,0.5,112,10,32,1518,1363,4096,16,2,12,0,0,Exynos,4043,OLED,120,0,WiFi 6,5.2,Yes,Yes,Yes,Android,12.6,18,88.5,53.5,78.2,947.72,Premium,895.22,6.38,Student,5.0,7280,100.0,80.9,74.1,10,5000.0,3.0,42508,36257113.58,2.83,18,Telecom Partner,India,Yes,0
2991,Xiaomi,6939,0,1.5,0,19,1,128,0.3,166,6,23,1053,1810,2048,13,7,7,1,0,Snapdragon,2366,IPS LCD,120,1,WiFi 6E,5.1,Yes,Yes,Yes,Android,16.8,25,90.0,43.1,71.0,951.05,Premium,1078.41,11.16,General User,4.03,82,95.1,80.8,64.7,5,17220.69,11.62,42185,38114042.04,7.49,24,Retail Store,UAE,Yes,1
2992,Vivo,6049,0,2.7,1,27,1,512,0.8,164,4,15,127,1376,4096,10,6,4,1,0,Apple Bionic,3351,IPS LCD,90,1,WiFi 6E,5.2,Yes,Yes,Yes,Android,12.4,33,88.8,34.6,70.8,1534.36,Flagship,1275.97,8.91,Professional,4.88,996,96.8,85.4,78.7,5,89170.4,9.98,39023,56881563.77,3.13,36,Retail Store,Australia,Yes,1
2993,Vivo,6014,0,1.2,1,12,1,128,0.7,97,6,99,674,1053,16384,11,2,13,0,1,Apple Bionic,7295,IPS LCD,60,1,WiFi 6,5.4,No,Yes,Yes,Android,13.2,25,85.7,81.4,73.6,1889.61,Flagship,2156.54,4.93,Gamer,4.68,1790,100.0,97.4,73.2,5,104247.3,12.7,57020,102358284.1,7.17,24,Online Store,UK,Yes,2
2994,Google,5109,0,1.1,0,3,1,512,0.2,190,4,57,235,1974,4096,17,1,17,0,0,Google Tensor,2723,Super AMOLED,60,0,WiFi 6,5.4,Yes,Yes,Yes,Android,13.3,65,84.8,88.5,84.5,1518.51,Flagship,1671.97,10.56,Business User,4.98,2731,99.6,100.0,90.9,0,1000000.0,12.09,96230,146126217.3,2.29,18,Retail Store,USA,Yes,1
2995,Vivo,4432,1,3.2,0,6,1,128,0.7,155,4,7,1396,1312,6144,17,10,12,0,0,Exynos,4506,Super AMOLED,60,1,WiFi 6E,5.3,No,No,Yes,Android,16.6,18,93.2,36.4,93.9,1566.71,Flagship,1486.84,4.9,Gamer,4.43,808,84.6,93.6,75.3,0,113255.4,9.63,45681,71568879.51,0.5,36,Online Store,Singapore,Yes,0
2996,OnePlus,6396,0,1.6,0,22,1,32,0.9,80,6,16,212,610,16384,19,11,3,0,1,Apple Bionic,6836,OLED,60,1,WiFi 7,5.0,Yes,Yes,Yes,Android,16.9,65,90.3,40.6,100.0,1810.18,Flagship,1742.6,3.05,Student,3.83,348,85.1,74.3,48.6,0,58163.73,4.83,25661,46451028.98,8.41,18,E-commerce Marketplace,USA,No,2
2997,Realme,2801,1,0.8,0,5,1,256,0.8,224,10,69,2089,591,6144,5,8,10,1,1,Snapdragon,4371,OLED,60,1,WiFi 6,5.0,Yes,Yes,No,Android,14.9,33,84.7,53.0,89.5,1515.54,Flagship,1366.08,4.92,Gamer,4.48,2255,90.1,82.3,65.4,10,16713.63,5.66,30379,41436530.69,3.31,24,Telecom Partner,Germany,No,0
2998,Xiaomi,4595,0,2.6,1,29,1,64,0.8,226,8,38,604,1971,2048,17,7,8,0,0,MediaTek Dimensity,3896,AMOLED,120,1,WiFi 6,5.4,No,No,Yes,Android,17.4,120,85.3,45.6,73.7,1111.11,Premium,947.43,8.25,Student,3.5,4565,70.3,86.9,73.0,10,68014.46,3.06,26257,26256973.74,3.82,36,Online Store,India,No,0
2999,Vivo,5851,1,1.0,0,31,1,256,0.7,147,10,80,1160,1908,3072,15,8,2,1,0,Apple Bionic,2390,AMOLED,120,1,WiFi 5,5.2,Yes,Yes,Yes,Android,14.1,18,87.5,69.9,66.6,1629.99,Flagship,1694.07,9.47,Business User,4.91,400,100.0,100.0,64.9,0,25878.69,5.43,21612,35227343.88,6.32,36,E-commerce Marketplace,India,No,1
3000,Apple,3180,0,1.3,1,19,1,32,0.2,188,8,39,1935,1548,6144,18,4,16,0,1,Snapdragon,4160,AMOLED,90,0,WiFi 6E,5.2,No,Yes,Yes,iOS,19.3,45,89.5,42.9,68.2,1554.84,Flagship,1834.2,19.28,Professional,4.75,2213,89.6,78.7,87.4,5,29154.61,7.21,46012,67964233.18,3.16,36,Online Store,India,Yes,0
